Date,Open,High,Low,Close,Volume,Increase
2020/1/2,300.494387,306.3687134,300.494387,306.3687134,31754120,2.42%
2020/1/3,310.8874594,311.7912021,303.2056472,306.8206177,41811268,0.15%
2020/1/6,300.9463453,302.3019595,300.0426025,300.0426025,45343057,-2.21%
2020/1/7,300.4943695,300.9462407,295.0719147,297.7831421,50879181,-0.75%
2020/1/8,293.716301,300.9462407,293.716301,297.7831421,37567748,0.00%
2020/1/9,302.7537055,305.0130615,301.3980919,305.0130615,31481504,2.43%
2020/1/10,307.7243603,308.1762316,303.6575185,306.8206177,27032115,0.59%
2020/1/13,309.0799536,309.0799536,306.3687259,308.6280823,30663332,0.59%
2020/1/14,312.243075,312.6949463,311.3393324,312.6949463,30223993,1.32%
2020/1/15,311.7912046,311.7912046,305.0131349,307.2724915,47434274,-1.73%
2020/1/16,298.2350384,304.109365,298.2350384,302.3018799,55211420,-1.62%
2020/1/17,301.8499705,303.2055841,300.0424856,300.946228,52060097,-0.45%
2020/1/20,301.8499705,303.2055841,300.946228,300.946228,32658203,0.00%
2020/1/30,294.6200381,294.6200381,286.0344849,286.0344849,125451049,-4.95%
2020/1/31,291.9088288,292.3607001,288.2938588,289.1976013,62526055,1.11%
2020/2/3,284.6789551,286.0345691,281.9677269,284.6789551,59560849,-1.56%
2020/2/4,304.1094736,304.561345,293.7164307,293.7164307,51890496,3.17%
2020/2/5,297.3312606,297.7831318,293.2644197,295.975647,36601453,0.77%
2020/2/6,297.7831875,300.4944153,297.3313162,300.4944153,29267094,1.53%
2020/2/7,298.2350363,298.6869076,294.6200662,296.4275513,28798327,-1.35%
2020/2/10,290.5531924,296.4275182,290.1013212,295.975647,30632424,-0.15%
2020/2/11,298.6869251,300.4944103,298.2350538,299.5906677,27524935,1.22%
2020/2/12,301.3981095,303.6574656,300.9462382,302.7537231,37612639,1.06%
2020/2/13,305.4649505,305.4649505,302.7537231,302.7537231,22757021,0.00%
2020/2/14,304.5612081,304.5612081,302.3018519,302.7537231,16933683,0.00%
2020/2/17,299.5906677,300.9462816,298.6869251,299.5906677,15937079,-1.04%
2020/2/18,293.264422,295.0719069,291.0050659,291.0050659,61825604,-2.87%
2020/2/19,291.45699,295.5238318,291.0051187,295.0719604,38781218,1.40%
2020/2/20,296.4275386,297.3312811,293.7163111,294.1681824,27011736,-0.31%
2020/2/21,294.1683021,295.072045,291.9089449,293.7164307,22813534,-0.15%
2020/2/24,288.7457301,290.5532151,288.7457301,289.1976013,41693680,-1.54%
2020/2/25,289.197581,292.3606796,286.9382249,291.0050659,36195011,0.62%
2020/2/26,286.4863663,289.6494649,286.034495,287.84198,60479362,-1.09%
2020/2/27,288.2938384,289.1975808,284.6788686,285.5826111,61250927,-0.78%
2020/3/2,278.3527369,286.4864208,278.3527369,281.0639648,79912942,-1.58%
2020/3/3,287.8419749,289.1975886,285.5826187,286.9382324,49679411,2.09%
2020/3/4,291.0050582,291.0050582,286.4863461,289.6494446,42941146,0.94%
2020/3/5,293.7162984,294.6200408,291.9088135,291.9088135,37861525,0.78%
2020/3/6,289.1976687,289.64954,284.6789551,284.6789551,51546760,-2.48%
2020/3/9,277.9008998,280.1602567,276.0934143,276.0934143,87871277,-3.02%
2020/3/10,272.4783304,279.2563984,272.0264592,277.4489136,71950130,0.49%
2020/3/11,279.2564344,280.6120481,272.9302368,272.9302368,62216710,-1.63%
2020/3/12,270.2190613,270.2190613,259.3741491,265.7003479,113527351,-2.65%
2020/3/13,248.5291895,265.7002972,246.2698333,262.0853271,149995148,-1.36%
2020/3/16,257.5666072,262.9890621,248.9810537,249.8847961,103873228,-4.66%
2020/3/17,239.4917451,249.8847831,239.4917451,242.2029724,121323651,-3.07%
2020/3/18,243.5586385,246.2698664,234.9730835,234.9730835,117437643,-2.99%
2020/3/19,229.9542204,230.8667372,214.8976941,226.3041534,160811697,-3.69%
2020/3/20,235.8855158,246.3794556,233.6042245,246.3794556,157664726,8.87%
2020/3/23,234.5168213,239.5356638,229.9542373,232.6917877,76466709,-5.56%
2020/3/24,244.5544639,250.0295638,242.7294306,244.0982056,81952933,4.90%
2020/3/25,252.3108773,255.5046858,250.0295854,252.7671356,79447199,3.55%
2020/3/26,255.0484718,255.5047302,251.3984042,255.5047302,52845633,1.08%
2020/3/27,259.1547653,260.9797988,249.1170807,249.1170807,68752306,-2.50%
2020/3/30,240.4481389,245.4669806,239.5356223,244.0982056,49159956,-2.01%
2020/3/31,249.1171005,250.0296173,245.9232915,250.0296173,48837923,2.43%
2020/4/1,252.3109057,252.3109057,247.7483215,247.7483215,44515034,-0.91%
2020/4/6,249.1170694,251.3983612,246.3795191,251.3983612,56392754,1.47%
2020/4/7,258.6985069,259.1547653,255.9609566,258.2422485,48787346,2.72%
2020/4/8,260.0672913,260.5235497,258.2422576,260.0672913,37912826,0.71%
2020/4/9,262.348574,262.8048324,257.7859901,258.2422485,27620430,-0.70%
2020/4/10,255.5047203,257.3297541,254.5922035,255.0484619,27252858,-1.24%
2020/4/13,254.13591,256.8734602,254.13591,254.13591,22196596,-0.36%
2020/4/14,256.417224,260.5235497,255.5047072,260.0672913,48809688,2.33%
2020/4/15,261.8922829,263.2610579,260.9797663,262.3485413,55216434,0.88%
2020/4/16,258.2422568,263.2610993,258.2422568,261.4360657,47815280,-0.35%
2020/4/17,276.9488207,281.5114043,274.2112706,279.6863708,116368201,6.98%
2020/4/20,281.0551882,281.9677051,276.0363456,277.4051208,41381669,-0.82%
2020/4/21,274.2112549,275.1237716,267.8236383,269.1924133,61479357,-2.96%
2020/4/22,268.7361961,269.1924545,265.086129,268.2799377,42192580,-0.34%
2020/4/23,273.7550687,273.7550687,268.2799673,269.6487427,39474478,0.51%
2020/4/24,269.6487129,271.0174881,268.2799377,268.2799377,26008090,-0.51%
2020/4/27,271.9300537,272.3863122,270.1050198,271.9300537,38493406,1.36%
2020/4/28,272.3862518,272.3862518,268.7361847,270.5612183,37395165,-0.50%
2020/4/29,272.8425293,275.1238213,271.9300125,272.8425293,44059301,0.84%
2020/4/30,275.5801272,278.3176782,275.1238687,277.8614197,55126085,1.84%
2020/5/4,268.736155,270.5611883,268.2798967,269.1924133,71581861,-3.12%
2020/5/5,270.5612596,271.9300349,269.1924842,269.6487427,23547405,0.17%
2020/5/6,268.7362052,270.1049805,266.9111716,270.1049805,34240479,0.17%
2020/5/7,268.7362044,272.8425301,268.7362044,271.4737549,27621198,0.51%
2020/5/8,273.7550469,273.7550469,270.1049796,271.4737549,32295893,0.00%
2020/5/11,273.7550856,275.123861,272.3863102,274.6676025,28727019,1.18%
2020/5/12,271.473705,272.3862216,269.1924133,269.1924133,52089788,-1.99%
2020/5/13,267.3673893,271.0174561,266.911131,271.0174561,26156418,0.68%
2020/5/14,267.3674316,269.1924653,266.9111732,267.3674316,34315948,-1.35%
2020/5/15,271.4737952,272.3863122,268.7362444,271.9300537,42494804,1.71%
2020/5/18,265.542369,267.8236609,264.6298523,264.6298523,84986065,-2.68%
2020/5/19,268.2799801,268.2799801,265.9986877,265.9986877,51250214,0.52%
2020/5/20,267.3674209,268.2799377,265.5423874,268.2799377,32677994,0.86%
2020/5/21,270.1049796,271.9300133,269.1924628,271.4737549,30997468,1.19%
2020/5/22,268.7361869,269.1924453,265.5423783,266.454895,40192923,-1.85%
2020/5/25,265.0861199,267.3674118,263.2610863,266.454895,26803223,0.00%
2020/5/26,269.1924842,271.4737765,267.8237089,269.6487427,33856481,1.20%
2020/5/27,271.0174766,271.9299934,269.6487015,270.5612183,23375959,0.34%
2020/5/28,272.3862633,272.3862633,267.3674209,268.2799377,28444568,-0.84%
2020/5/29,266.454895,266.9111534,264.6298615,266.454895,79774181,-0.68%
2020/6/1,268.2799673,270.5612596,267.8237089,269.6487427,35811214,1.20%
2020/6/2,270.1049599,271.473735,270.1049599,270.5612183,24771587,0.34%
2020/6/3,273.7550856,274.6676025,271.9300517,274.6676025,65176337,1.52%
2020/6/4,278.3176771,279.2301941,277.4051601,279.2301941,46572451,1.66%
2020/6/5,281.511382,284.7051902,281.0551237,284.2489319,42981262,1.80%
2020/6/8,288.3552949,291.0928451,287.4427781,290.1803284,50302921,2.09%
2020/6/9,288.8115124,291.092804,286.5302208,291.092804,36417082,0.31%
2020/6/10,291.092843,295.6554267,290.1803262,294.2866516,39984259,1.10%
2020/6/11,297.0241615,298.3929364,290.6365451,292.4615784,50104255,-0.62%
2020/6/12,285.6177052,289.7240301,285.1614469,288.3552551,45992918,-1.40%
2020/6/15,288.3552782,289.7240533,281.511403,282.4239197,51032404,-2.06%
2020/6/16,289.2678745,289.2678745,286.5303236,287.4428406,36608216,1.78%
2020/6/17,288.811616,289.2678745,286.0740651,287.4428406,34522968,0.00%
2020/6/18,289.2824097,289.7423181,287.9026843,289.2824097,29044474,0.64%
2020/6/19,288.8225012,289.2824097,286.9828675,289.2824097,48130280,0.00%
2020/6/22,289.2823912,291.1220248,286.9828491,286.9828491,37374616,-0.79%
2020/6/23,290.6622183,291.1221268,287.4428583,289.7424011,41300084,0.96%
2020/6/24,293.4215648,294.3413816,290.6621144,292.0418396,54147024,0.79%
2020/6/29,288.8224828,289.7422996,285.1432155,286.9828491,56580892,-1.73%
2020/6/30,288.3626184,288.8225269,286.063076,287.90271,48991860,0.32%
2020/7/1,289.7422976,292.501748,288.8224807,292.0418396,29532342,1.44%
2020/7/2,293.4215494,296.1809998,292.5017327,296.1809998,34526178,1.42%
2020/7/3,300.7800785,303.9994371,300.3201701,303.0796204,53341987,2.33%
2020/7/6,305.839109,310.8981018,305.3792006,310.8981018,57256220,2.58%
2020/7/7,315.957055,318.2565968,310.8980628,311.3579712,59046323,0.15%
2020/7/8,310.4382031,315.0372876,310.4382031,313.6575623,30720218,0.74%
2020/7/9,318.25667,319.176487,315.4972191,317.336853,35522376,1.17%
2020/7/10,324.2354504,324.6953588,317.7967322,320.5561829,60902108,1.01%
2020/7/13,322.8557143,326.0750732,322.3958058,326.0750732,48069523,1.72%
2020/7/14,326.5349809,334.8133325,326.0750724,334.3534241,61764150,2.54%
2020/7/15,336.6530056,340.3322734,332.0539208,333.8935547,73438362,-0.14%
2020/7/16,330.2142897,332.0539236,325.1552964,328.8345642,68220512,-1.52%
2020/7/17,332.0539734,339.4125102,331.1341563,337.572876,65727485,2.66%
2020/7/20,340.3322831,340.3322831,333.4336557,336.6530151,42769238,-0.27%
2020/7/21,342.631868,355.9692159,341.7120509,352.2899475,64219128,4.64%
2020/7/22,350.4502659,355.0493507,348.6106319,353.2097168,43759670,0.26%
2020/7/23,351.3700036,352.2898204,348.6105533,350.9100952,45209282,-0.65%
2020/7/24,358.7286148,363.3276996,351.3700791,355.0493469,86682734,1.18%
2020/7/27,386.7830428,390.4623108,383.1037749,390.4623108,99333798,9.97%
2020/7/28,426.7950195,429.0945617,394.1415213,400.1203308,166307746,2.47%
2020/7/29,393.6816519,396.9010112,385.8632079,388.1627502,85663166,-2.99%
2020/7/30,401.500196,405.6393733,394.1416586,399.2006531,69293949,2.84%
2020/7/31,391.841958,397.3608588,391.3820496,391.3820496,49897674,-1.96%
2020/8/3,386.7830054,390.0023645,381.7240124,382.6438293,76429571,-2.23%
2020/8/4,387.7027823,391.3820496,384.9433319,391.3820496,41223445,2.28%
2020/8/5,395.9811964,398.7406472,391.8420201,394.6014709,47223834,0.82%
2020/8/6,402.4198729,402.8797814,396.4410634,400.1203308,41029627,1.40%
2020/8/7,398.7406702,399.2005787,393.6816767,398.2807617,36589460,-0.46%
2020/8/10,393.221726,402.419895,393.221726,400.5802612,36067500,0.58%
2020/8/11,397.3609218,400.1203726,394.6014709,394.6014709,34545313,-1.49%
2020/8/12,388.162802,389.5425276,385.4033508,385.4033508,52143474,-2.33%
2020/8/13,393.681654,394.6014709,390.4622947,394.6014709,44352335,2.39%
2020/8/14,390.0023596,393.6816272,389.0825428,392.7618103,23419955,-0.47%
2020/8/17,392.761796,400.1203308,391.3820707,400.1203308,34137731,1.87%
2020/8/18,404.7194807,405.1793892,397.3609447,398.2807617,41643160,-0.46%
2020/8/19,401.0402158,401.5001243,393.2217712,393.2217712,31486800,-1.27%
2020/8/20,392.7618328,393.2217413,368.8465924,381.7240295,75097235,-2.92%
2020/8/21,387.7028598,392.7618533,386.3231344,390.4623108,41609467,2.29%
2020/8/24,393.2217322,399.6604506,390.9221899,393.6816406,48375406,0.82%
2020/8/25,398.740614,401.0401562,395.9811634,399.6604309,35977899,1.52%
2020/8/26,400.5802119,406.559021,400.1203035,406.559021,39243340,1.73%
2020/8/27,412.0780414,417.1370352,408.3987732,408.3987732,53072712,0.45%
2020/8/28,404.7194151,405.1793235,396.4410634,400.1203308,56842210,-2.03%
2020/8/31,401.9600192,404.2595616,392.3019409,392.3019409,81480538,-1.95%
2020/9/1,395.5212465,400.1203308,393.6816128,400.1203308,37429577,1.99%
2020/9/2,405.6392977,405.6392977,395.9812192,398.2807617,34871407,-0.46%
2020/9/3,404.259551,404.259551,398.7406493,401.0401917,34951617,0.69%
2020/9/4,392.7618371,397.8208303,392.7618371,394.6014709,46119911,-1.61%
2020/9/7,393.6816444,397.8208205,390.9221936,391.8420105,32019312,-0.70%
2020/9/8,393.6816503,398.280735,393.2217418,396.4411011,23714670,1.17%
2020/9/9,390.9221765,393.6816272,389.0825428,392.7618103,40551362,-0.93%
2020/9/10,397.8207887,400.1203308,395.981155,400.1203308,35098921,1.87%
2020/9/11,400.5802746,401.5000916,397.8208238,401.5000916,34298469,0.34%
2020/9/14,401.0401371,406.559038,400.5802286,405.6392212,39085833,1.03%
2020/9/15,405.1793662,411.1581764,404.2595493,409.3185425,39061449,0.91%
2020/9/16,423.1157568,424.9553905,418.9765809,421.276123,64261238,2.92%
2020/9/17,418.9639566,420.8136871,412.9523325,414.802063,42058506,-1.54%
2020/9/18,413.4148551,415.7270188,409.7153933,410.6402588,52454922,-1.00%
2020/9/21,410.1777942,416.1894191,406.9407654,406.9407654,39463920,-0.90%
2020/9/22,406.9407643,407.8656297,403.2413028,404.1661682,36130639,-0.68%
2020/9/23,403.2412402,405.5534033,399.5417793,400.9290771,45710963,-0.80%
2020/9/24,393.5301501,396.7671784,391.2179871,391.2179871,79806381,-2.42%
2020/9/25,394.9174792,395.8423445,389.3682874,392.1428833,38775269,0.24%
2020/9/28,394.9174522,399.0793457,392.6052891,399.0793457,34156973,1.77%
2020/9/29,400.0042719,402.3164354,395.8423778,398.6169739,32230502,-0.12%
2020/9/30,398.1545419,402.3164361,398.1545419,400.4667053,27334204,0.46%
2020/10/5,405.0909393,405.0909393,399.0793158,400.0041809,32945832,-0.12%
2020/10/6,408.3279713,408.7904039,404.6285106,406.478241,35775395,1.62%
2020/10/7,402.3164395,411.5650933,402.3164395,409.7153625,42926239,0.80%
2020/10/8,416.1894236,419.8888852,414.8021255,418.9640198,60853811,2.26%
2020/10/12,423.5883794,427.2878413,423.1259467,425.4381104,64719223,1.55%
2020/10/13,430.0624075,430.0624075,422.2010516,427.2878113,45750738,0.43%
2020/10/14,425.9004816,426.3629142,422.6634529,424.5131836,40809241,-0.65%
2020/10/15,421.7386159,422.2010486,416.1894236,418.9640198,47775028,-1.31%
2020/10/16,417.1142877,421.7386146,414.8021242,415.2645569,46876801,-0.88%
2020/10/19,418.9639911,423.125885,417.1142604,423.125885,34470906,1.89%
2020/10/20,421.2761517,422.6634497,417.1142578,417.1142578,25205638,-1.42%
2020/10/21,419.4264525,421.7386159,417.114289,418.9640198,28058921,0.44%
2020/10/22,416.1894243,420.8137512,415.7269916,420.8137512,23438547,0.44%
2020/10/23,423.5883464,423.5883464,417.5767214,418.0391541,18777385,-0.66%
2020/10/26,420.8137495,420.8137495,416.1894226,416.1894226,15059581,-0.44%
2020/10/27,413.8772887,414.8021541,412.0275578,413.414856,20117660,-0.67%
2020/10/28,411.5651242,413.4148551,409.7153933,410.6402588,24710230,-0.67%
2020/10/29,403.7037355,406.4783316,402.7788702,404.1661682,41285612,-1.58%
2020/10/30,404.1661356,404.1661356,399.5418091,399.5418091,47668895,-1.14%
2020/11/2,400.4666759,402.7788391,395.8423493,402.7788391,33477443,0.81%
2020/11/3,406.4782722,409.7153005,405.0909744,407.8655701,30328495,1.26%
2020/11/4,411.102663,417.5767207,409.7153649,416.1894226,37512790,2.04%
2020/11/5,417.5766905,417.5766905,412.0274986,417.1142578,34886108,0.22%
2020/11/6,420.813689,421.2761216,416.1893628,418.5015259,30154140,0.33%
2020/11/9,423.5882876,425.4380181,419.8888266,424.0507202,39245881,1.33%
2020/11/10,418.0391231,420.3512864,414.8020945,417.1142578,34820499,-1.64%
2020/11/11,414.8020969,422.6634521,414.8020969,422.6634521,36765561,1.33%
2020/11/12,428.2126445,428.6750771,423.1258852,423.5883179,40100880,0.22%
2020/11/13,424.5132151,427.2878113,422.2010516,427.2878113,31037438,0.87%
2020/11/16,434.6866822,448.0972288,433.7618169,447.6347961,81994937,4.76%
2020/11/17,464.2823719,467.981833,449.0220947,449.0220947,72413868,0.31%
2020/11/18,453.1839634,459.65802,449.9469351,459.65802,50387727,2.37%
2020/11/19,461.5077781,461.5077781,453.1839905,453.1839905,44220053,-1.41%
2020/11/20,449.4845285,453.1839896,449.4845285,451.334259,32281453,-0.41%
2020/11/23,457.3459783,461.0454402,455.0338146,459.1957092,38084006,1.74%
2020/11/24,461.9701806,462.4326132,454.5712588,455.0336914,35479226,-0.91%
2020/11/25,457.8083466,458.2707793,450.4094238,450.4094238,41419632,-1.02%
2020/11/26,452.2591248,456.4210185,451.3342595,452.2591248,28893033,0.41%
2020/11/27,450.8718268,455.0337206,449.9469615,452.2591248,32960189,0.00%
2020/11/30,455.9586134,456.4210461,444.3977966,444.3977966,119895176,-1.74%
2020/12/1,452.7215578,453.1839905,447.1723661,453.1839905,37018651,1.98%
2020/12/2,461.9701841,462.4326167,456.4209927,461.5077515,50621339,1.84%
2020/12/3,461.9701831,461.9701831,457.8082896,459.65802,35651379,-0.40%
2020/12/4,461.045351,467.0569755,460.1204857,465.2072449,51172005,1.21%
2020/12/7,473.5310372,476.3056331,467.9818454,475.3807678,44271244,2.19%
2020/12/8,475.3808018,485.5543209,470.756475,484.6294556,40771761,1.95%
2020/12/9,481.8548886,484.6294849,480.9300232,480.9300232,43314115,-0.76%
2020/12/10,472.6061406,476.3056016,471.6812754,473.5310059,42556926,-1.54%
2020/12/11,478.1553646,478.1553646,467.0569809,477.2304993,45660960,0.78%
2020/12/14,473.5310347,474.4559,469.8315735,469.8315735,30260485,-1.55%
2020/12/15,468.9067372,471.6813333,466.1321411,466.1321411,39852366,-0.79%
2020/12/16,470.7564101,476.3056016,468.9066796,473.5310059,52012348,1.59%
2020/12/17,478.6427562,478.6427562,472.1369324,472.1369324,38215179,-0.29%
2020/12/18,472.1369512,475.854565,471.2075477,473.9957581,39924864,0.39%
2020/12/21,475.8545603,480.5015775,472.1369466,479.5721741,34813281,1.18%
2020/12/22,475.8545862,479.5722002,473.0663757,473.0663757,22454277,-1.36%
2020/12/23,472.1369722,474.9251827,470.2781653,473.0663757,18086715,0.00%
2020/12/24,474.9251615,475.854565,472.1369512,473.9957581,14950143,0.20%
2020/12/25,477.713412,478.6428155,473.9957979,474.9252014,12327895,0.20%
2020/12/28,475.854551,478.6427612,473.0663407,478.6427612,19087382,0.78%
2020/12/29,478.6427612,480.5015681,476.7839544,478.6427612,19907528,0.00%
2020/12/30,479.5721673,487.9367981,477.7133604,487.9367981,46292401,1.94%
2020/12/31,488.8663088,492.5839233,487.0075016,492.5839233,29970398,0.95%
2021/1/4,492.5837668,501.8778001,490.7249601,498.1601868,38770328,1.13%
2021/1/5,498.160213,503.7366333,497.2308096,503.7366333,34411866,1.12%
2021/1/6,515.8190368,515.8190368,502.8073854,510.2426147,53030554,1.29%
2021/1/7,514.8894778,529.759932,513.9600744,525.112915,51166782,2.91%
2021/1/8,539.0540161,539.0540161,530.6893848,539.0540161,59563555,2.65%
2021/1/11,536.2657221,542.7715454,533.4775121,542.7715454,48810990,0.69%
2021/1/12,541.8422379,554.8538868,540.9128344,549.2774658,50232426,1.20%
2021/1/13,552.9950884,562.2891235,551.1362814,562.2891235,62662393,2.37%
2021/1/14,545.5597703,554.8538039,545.5597703,550.2067871,75288477,-2.15%
2021/1/15,577.1595411,580.8771549,558.5714722,558.5714722,92010500,1.52%
2021/1/18,565.0774139,565.0774139,552.0657629,564.1480103,45726476,1.00%
2021/1/19,574.3713309,587.3829792,569.7243136,582.7359619,50672866,3.29%
2021/1/20,588.312447,604.1123073,586.4536399,601.3240967,82066422,3.19%
2021/1/21,594.8181533,631.0648845,594.8181533,625.4884644,89019137,4.02%
2021/1/22,603.1827393,618.053192,603.1827393,603.1827393,125179403,-3.57%
2021/1/25,596.6770089,600.3946227,581.8065538,588.3123779,93050133,-2.47%
2021/1/26,587.3828204,594.818046,566.9359501,573.4417725,100153482,-2.53%
2021/1/27,574.3714016,580.8772265,567.8655767,571.5831909,59985191,-0.32%
2021/1/28,557.6420687,565.0772963,555.7832618,558.5714722,96447533,-2.28%
2021/1/29,575.3007637,575.3007637,549.2774658,549.2774658,90745237,-1.66%
2021/2/1,552.9950241,568.7948819,545.5597969,567.8654785,67462398,3.38%
2021/2/2,584.5947852,592.9594164,578.0889609,587.3829956,78429188,3.44%
2021/2/3,592.9593975,596.6770113,585.5241699,585.5241699,48738970,-0.32%
2021/2/4,581.8065585,587.3829792,576.2301378,582.7359619,46371900,-0.48%
2021/2/5,592.9594164,595.7476269,586.4535921,587.3829956,53267273,0.80%
2021/2/17,616.194519,620.8415365,613.4063085,616.194519,107614290,4.91%
2021/2/18,617.1238022,618.0532055,609.6885757,613.406189,53109010,-0.45%
2021/2/19,609.6886833,610.6180867,601.3240519,605.9710693,50279585,-1.21%
2021/2/22,613.4062162,615.2650229,604.1121826,604.1121826,36474610,-0.31%
2021/2/23,595.7476807,597.6064878,588.3124522,595.7476807,50076333,-1.38%
2021/2/24,582.7358818,591.1005117,580.8770752,580.8770752,66206750,-2.50%
2021/2/25,591.1006071,591.1006071,583.6653793,590.1712036,43231417,1.60%
2021/2/26,567.8654002,574.3712231,563.2183838,563.2183838,111861175,-4.57%
2021/3/2,577.1595555,578.088959,566.0067139,566.0067139,54041533,0.50%
2021/3/3,566.0067435,578.0889893,558.5715153,578.0889893,48252965,2.13%
2021/3/4,566.0066998,567.8655066,558.5714722,558.5714722,67711962,-3.38%
2021/3/5,546.4892273,562.289086,542.7716136,558.5714722,79918467,0.00%
2021/3/8,565.0772366,566.9360433,555.7832031,555.7832031,43219772,-0.50%
2021/3/9,543.7010816,552.9951172,543.7010816,552.9951172,68768861,-0.50%
2021/3/10,558.5714343,558.5714343,551.1362073,554.8538208,40146301,0.34%
2021/3/11,553.9244687,568.7949243,552.9950653,566.0067139,54416046,2.01%
2021/3/12,571.5832122,574.371423,566.0067906,570.6538086,33168846,0.82%
2021/3/15,570.6536887,570.6536887,566.0066717,567.8654785,27416758,-0.49%
2021/3/16,566.9360332,569.7242432,564.1478232,569.7242432,36949425,0.33%
2021/3/17,571.1242458,571.1242458,561.7921502,563.6585693,39517807,-1.06%
2021/3/18,565.5248908,568.324519,561.7920532,561.7920532,29415526,-0.33%
2021/3/19,554.3263615,558.0591989,551.5267334,551.5267334,70866028,-1.83%
2021/3/22,548.7270808,558.059174,546.8606622,553.3931274,34089033,0.34%
2021/3/23,557.125983,562.7252391,553.3931456,554.326355,29374037,0.17%
2021/3/24,532.8625179,543.1278203,532.8625179,537.5285645,107253959,-3.03%
2021/3/25,533.7958305,542.1947159,531.9294115,536.595459,67833354,-0.17%
2021/3/26,543.127771,552.4598633,541.2613525,550.5934448,36829858,2.61%
2021/3/29,558.9923706,561.7919985,556.1927427,558.9923706,37884733,1.53%
2021/3/30,559.9255432,559.9255432,552.4598693,557.1259155,33099123,-0.33%
2021/3/31,556.1928303,557.1260398,547.7939453,547.7939453,38790886,-1.68%
2021/4/1,558.0592157,561.7920532,554.3263781,561.7920532,43091157,2.56%
2021/4/7,572.9905892,572.9905892,567.3913326,569.2577515,24603109,1.33%
2021/4/8,565.5247864,572.057251,562.7251588,572.057251,23976625,0.49%
2021/4/9,576.7234269,576.7234269,568.324542,569.2577515,27303862,-0.49%
2021/4/12,571.1242022,572.0574117,562.7253169,564.5917358,22606128,-0.82%
2021/4/13,563.6585264,572.0574117,563.6585264,564.5917358,25971622,0.00%
2021/4/14,567.391308,571.1241455,559.9256329,571.1241455,30077913,1.16%
2021/4/15,571.1240901,577.6565552,566.4580436,577.6565552,33530942,1.14%
2021/4/16,569.2577515,570.1909609,562.7252855,569.2577515,48507383,-1.45%
2021/4/19,564.5916996,566.4581184,560.8588619,562.7252808,24231637,-1.15%
2021/4/20,558.0592157,561.7920532,555.2595875,561.7920532,34771635,-0.17%
2021/4/21,558.9924267,558.9924267,552.4599609,552.4599609,38458220,-1.66%
2021/4/22,556.1927802,558.0591989,551.5267334,551.5267334,33868521,-0.17%
2021/4/23,552.4599593,561.7920532,550.5935405,561.7920532,27754511,1.86%
2021/4/26,564.5917043,569.2577515,562.7252855,569.2577515,30887664,1.33%
2021/4/27,567.3913326,570.1909609,564.5917043,569.2577515,26317481,0.00%
2021/4/28,565.5248908,567.3913096,560.8588438,561.7920532,24024054,-1.31%
2021/4/29,568.3243582,568.3243582,559.9254761,559.9254761,31828333,-0.33%
2021/5/3,555.2596392,557.1260582,548.7271729,548.7271729,41762441,-2.00%
2021/5/4,548.7271053,554.3263615,543.1278491,551.5267334,40273595,0.51%
2021/5/5,554.3263127,554.3263127,545.9274292,545.9274292,29254785,-1.02%
2021/5/6,550.5935737,550.5935737,541.2614792,547.7939453,30725590,0.34%
2021/5/7,554.3263241,559.9255799,549.6602776,558.9923706,28075722,2.04%
2021/5/10,556.1927434,557.1259527,548.727069,549.6602783,20434079,-1.67%
2021/5/11,540.3282238,541.2614331,531.9293395,532.8625488,59349193,-3.06%
2021/5/12,529.1296944,532.8625317,483.4024368,522.597229,131741482,-1.93%
2021/5/13,510.4655457,525.3968962,504.8662892,510.4655457,66765627,-2.32%
2021/5/14,518.8643981,524.4636542,515.1315607,519.7976074,37533726,1.83%
2021/5/17,507.6658626,520.7307929,504.8662347,512.3319092,56270958,-1.44%
2021/5/18,525.3968918,534.7289858,517.9312166,533.7957764,43689316,4.19%
2021/5/19,532.8625986,533.795808,527.2633418,529.1297607,28908777,-0.87%
2021/5/20,529.1297607,532.8625986,522.5972946,529.1297607,29709287,0.00%
2021/5/21,533.7956117,538.4616572,530.0627752,534.7288208,27376731,1.06%
2021/5/24,531.929346,533.7957648,528.1965085,530.0629272,15629736,-0.87%
2021/5/25,537.5284493,544.9941222,534.728822,544.0609131,33039911,2.64%
2021/5/26,547.7938478,548.727057,542.1945921,545.9274292,18703987,0.34%
2021/5/27,541.261389,543.1278076,534.728924,543.1278076,62169719,-0.51%
2021/5/28,547.7938171,552.4598633,543.127771,550.5934448,29086873,1.37%
2021/5/31,555.259497,557.1259155,550.5934509,557.1259155,30657474,1.19%
2021/6/1,558.0592651,558.9924746,555.2596367,558.0592651,17818326,0.17%
2021/6/2,559.9256294,559.9256294,553.3931638,555.2595825,21872755,-0.50%
2021/6/3,559.9257092,559.9257092,556.1928711,556.1928711,21077164,0.17%
2021/6/4,551.526745,555.2595825,550.5935356,555.2595825,15756180,-0.17%
2021/6/7,554.3263797,555.2595891,544.0610764,552.4599609,17077625,-0.50%
2021/6/8,550.5934876,555.2595341,548.727069,549.6602783,13396324,-0.51%
2021/6/9,546.8606567,548.7270754,544.0610288,546.8606567,20023490,-0.51%
2021/6/10,551.5266962,558.9923706,547.793859,558.9923706,28527745,2.22%
2021/6/11,561.7920532,562.7252626,559.9256344,561.7920532,24227710,0.50%
2021/6/15,566.4579835,568.3244019,565.5247743,568.3244019,26012250,1.16%
2021/6/16,567.3913643,567.3913643,564.5917358,564.5917358,25856919,-0.66%
2021/6/17,563.1860519,567.87146,560.374807,567.87146,22872361,0.58%
2021/6/18,569.74565,569.74565,563.1860784,565.0602417,32652017,-0.50%
2021/6/21,552.8779898,556.6263151,546.3184204,546.3184204,44279632,-3.32%
2021/6/22,548.1927501,551.003995,541.6331787,541.6331787,27823974,-0.86%
2021/6/23,546.3185587,560.3747823,544.4443955,557.5635376,34392376,2.94%
2021/6/24,560.374827,560.374827,551.0040105,552.8781738,16524230,-0.84%
2021/6/25,560.3747563,560.3747563,551.9410225,553.8151855,18841696,0.17%
2021/6/28,552.8781738,552.8781738,549.1298472,552.8781738,15028407,-0.17%
2021/6/29,560.3747823,560.3747823,553.8152113,557.5635376,28659610,0.85%
2021/6/30,561.3118639,561.3118639,557.5635376,557.5635376,24883853,0.00%
2021/7/1,558.5005756,559.4376571,553.815168,555.6893311,18250994,-0.34%
2021/7/2,552.8781917,555.6894367,550.0669466,551.0040283,18322419,-0.84%
2021/7/5,551.003941,559.4376747,551.003941,553.8151855,28836816,0.51%
2021/7/6,557.5635642,558.5006458,551.9410745,554.7523193,12997112,0.17%
2021/7/7,552.8780779,556.6264038,551.0039149,556.6264038,16966158,0.34%
2021/7/8,557.5636001,557.5636001,551.0040283,551.0040283,21140426,-1.01%
2021/7/9,545.3814522,548.1926968,543.5072891,547.2556152,29029415,-0.68%
2021/7/12,557.5634941,559.4376571,552.8780865,555.6893311,31304547,1.54%
2021/7/13,562.2489012,569.7455532,561.3118197,568.8084717,52540315,2.36%
2021/7/14,574.4308472,576.3050098,569.7454406,574.4308472,38418875,0.99%
2021/7/15,574.4310214,575.368103,569.7456134,575.368103,22012834,0.16%
2021/7/16,553.8151419,557.5634678,551.0038975,551.940979,57970545,-4.07%
2021/7/19,546.3185513,547.2556329,541.6331435,545.3814697,40644341,-1.19%
2021/7/20,542.5702338,547.2556417,542.5702338,544.444397,15354333,-0.17%
2021/7/21,549.1298306,549.1298306,543.5073409,548.192749,25828732,0.69%
2021/7/22,551.9410225,556.6264301,550.0668594,553.8151855,26058172,1.03%
2021/7/23,554.7523204,554.7523204,546.3185858,548.192749,15271451,-1.02%
2021/7/26,553.8152839,553.8152839,543.5073853,543.5073853,21619179,-0.85%
2021/7/27,544.444467,547.255712,543.5073853,543.5073853,17785992,0.00%
2021/7/28,539.7590674,542.5703125,536.9478222,542.5703125,36158305,-0.17%
2021/7/29,548.1925831,548.1925831,540.6959324,546.3184204,23224896,0.69%
2021/7/30,544.444467,545.3815487,541.6332219,543.5073853,18999281,-0.51%
2021/8/2,546.3186023,552.8781738,543.5073573,552.8781738,23482491,1.72%
2021/8/3,556.6264038,556.6264038,552.8780779,556.6264038,22747702,0.68%
2021/8/4,560.3747735,560.3747735,556.6264472,558.5006104,20313271,0.34%
2021/8/5,560.3747735,560.3747735,555.6893657,558.5006104,15116242,0.00%
2021/8/6,558.5005932,558.5005932,551.003941,553.8151855,13687213,-0.84%
2021/8/9,552.8781297,557.5635376,546.3185587,557.5635376,17390951,0.68%
2021/8/10,558.5005932,558.5005932,551.9410225,553.8151855,17190865,-0.67%
2021/8/11,552.8781738,552.8781738,548.1927656,552.8781738,19969687,-0.17%
2021/8/12,549.1297607,551.0039237,547.2555977,549.1297607,15444622,-0.68%
2021/8/13,548.1927233,548.1927233,542.5702338,544.444397,22524428,-0.85%
2021/8/16,545.3814522,549.1297783,541.633126,547.2556152,19315705,0.52%
2021/8/17,547.2556152,547.2556152,547.2556152,547.2556152,0,0.00%
2021/8/18,532.2623372,538.8219082,530.388174,537.8848267,43716164,-1.71%
2021/8/19,536.9476931,536.9476931,523.8285522,523.8285522,38868947,-2.61%
2021/8/20,524.7656958,527.5769406,516.3319614,517.269043,45614061,-1.25%
2021/8/23,524.765694,536.0106732,523.8286124,530.3881836,33685159,2.54%
2021/8/24,537.8847831,538.8218646,535.0735386,536.0106201,24844800,1.06%
2021/8/25,542.5702593,548.192749,537.8848512,548.192749,27504657,2.27%
2021/8/26,563.1859742,565.0601372,553.8151593,556.6264038,43822008,1.54%
2021/8/27,558.5006448,562.2489713,555.6893999,561.3118896,27105651,0.84%
2021/8/30,564.1230816,566.9343262,561.311837,566.9343262,36575609,1.00%
2021/8/31,565.997287,575.368103,560.3747974,575.368103,52721470,1.49%
2021/9/1,575.3679285,575.3679285,569.7454406,574.4308472,30092045,-0.16%
2021/9/2,574.4309607,576.3051237,568.8084717,568.8084717,24112463,-0.98%
2021/9/3,571.6197244,580.9905396,571.6197244,580.9905396,51562454,2.14%
2021/9/6,583.8018095,597.8580328,581.9276464,591.2984619,55589014,1.77%
2021/9/7,594.109654,594.109654,583.8017578,583.8017578,26526056,-1.27%
2021/9/8,582.8647114,587.550119,573.4938961,580.0534668,37817737,-0.64%
2021/9/9,573.4938961,580.9905483,571.619733,580.0534668,18735512,0.00%
2021/9/10,576.305175,583.8018277,575.3680934,582.8647461,16304725,0.48%
2021/9/13,580.0535636,580.9906452,574.4310734,576.3052368,15198774,-1.13%
2021/9/14,579.1162538,579.1162538,573.4937659,574.4308472,14441901,-0.33%
2021/9/15,571.6197162,574.4309607,568.8084717,568.8084717,23433501,-0.98%
2021/9/16,567.6319006,571.3972864,563.8665149,564.8078613,22467022,-0.70%
2021/9/17,564.8078613,574.2213257,563.8665149,564.8078613,40717715,0.00%
2021/9/22,551.6289063,554.452945,548.8048675,551.6289063,40642293,-2.33%
2021/9/23,553.5115967,558.2183279,553.5115967,553.5115967,21696296,0.34%
2021/9/24,556.3357458,562.9251709,555.3943994,562.9251709,16736973,1.70%
2021/9/27,564.8077981,566.6904907,558.2183738,566.6904907,19464241,0.67%
2021/9/28,560.1010753,561.0424217,557.2770363,559.159729,16707080,-1.33%
2021/9/29,545.980835,548.8048738,543.1567962,545.980835,49310524,-2.36%
2021/9/30,545.980835,550.6875663,541.2741036,545.980835,30465107,0.00%
2021/10/1,545.0395566,545.0395566,537.5087856,540.3328247,36704493,-1.03%
2021/10/4,540.3327658,541.2741121,535.6260344,538.4500732,20957803,-0.35%
2021/10/5,529.0366104,538.4500732,527.1539179,538.4500732,33824024,0.00%
2021/10/6,539.3914206,540.3327669,531.8606503,537.508728,32508846,-0.17%
2021/10/7,541.2741036,547.8635275,538.4500648,545.980835,27933054,1.58%
2021/10/8,547.8635328,548.8048791,539.3914163,541.2741089,18279079,-0.86%
2021/10/12,536.5673775,541.2741089,530.9192998,541.2741089,26522907,0.00%
2021/10/13,538.4500743,541.2741132,536.5673817,537.508728,18914374,-0.70%
2021/10/14,545.0395578,545.0395578,539.3914795,539.3914795,13916927,0.35%
2021/10/15,557.2770898,564.8078613,551.6290112,564.8078613,53150216,4.71%
2021/10/18,568.5731346,568.5731346,555.3942871,555.3942871,19158568,-1.67%
2021/10/19,562.9251685,564.8078613,558.2184363,564.8078613,17386359,1.69%
2021/10/20,567.6319031,568.5732495,561.9838245,562.9251709,16372520,-0.33%
2021/10/21,566.6904358,567.6317821,560.1010122,561.0423584,16169014,-0.33%
2021/10/22,564.8078613,566.6905542,559.1597827,564.8078613,13995403,0.67%
2021/10/25,561.9838921,561.9838921,555.3944662,558.2185059,16785568,-1.17%
2021/10/26,560.101191,564.8079237,558.2184979,563.8665771,19998808,1.01%
2021/10/27,562.9252306,563.8665771,559.1598445,563.8665771,14961858,0.00%
2021/10/28,562.9251132,562.9251132,556.3356888,560.1010742,16570044,-0.67%
2021/10/29,560.1010184,561.0423646,554.4529409,555.3942871,25763960,-0.84%
2021/11/1,556.3356334,558.2183259,555.3942871,555.3942871,16089351,0.00%
2021/11/2,559.15967,561.9837088,555.394285,557.2769775,15192404,0.34%
2021/11/3,561.9837088,561.9837088,557.2769775,557.2769775,10224009,0.00%
2021/11/4,557.2770443,559.159737,550.6876198,552.5703125,17932145,-0.84%
2021/11/5,562.9251685,564.8078613,560.1011292,564.8078613,33270827,2.21%
2021/11/8,564.8077981,566.6904907,562.9251054,566.6904907,19752355,0.33%
2021/11/9,575.1626587,580.8107372,574.2213123,575.1626587,39538660,1.50%
2021/11/10,575.1625966,576.1039429,572.3385576,576.1039429,16027674,0.16%
2021/11/11,564.8077936,570.4558716,564.8077936,570.4558716,18463848,-0.98%
2021/11/12,574.2213208,575.1626672,566.6905493,568.5732422,15821327,-0.33%
2021/11/15,573.2798472,575.1625396,571.3971548,572.338501,15551452,0.66%
2021/11/16,576.1040063,576.1040063,572.3386206,574.2213135,20917108,0.33%
2021/11/17,578.9280456,578.9280456,572.3386206,574.2213135,19717852,0.00%
2021/11/18,577.0453491,577.9866955,571.3972707,577.0453491,20030651,0.49%
2021/11/19,585.5174608,586.4588072,580.8107288,581.7520752,35554348,0.82%
2021/11/22,581.7520788,581.7520788,578.9280396,578.9280396,20312168,-0.49%
2021/11/23,578.9279818,578.9279818,575.1625966,576.1039429,19431694,-0.49%
2021/11/24,576.1038909,576.1038909,566.6904287,567.6317749,20391940,-1.47%
2021/11/25,569.5144674,571.3971598,565.7490824,567.6317749,11888265,0.00%
2021/11/26,562.9250509,565.7490896,557.2769734,561.0423584,26588102,-1.16%
2021/11/29,559.1598524,562.9252386,556.3358128,558.2185059,23379558,-0.50%
2021/11/30,561.9837046,564.8077434,556.3356272,561.0423584,62021697,0.51%
2021/12/1,561.0424756,567.6319006,559.1597827,564.8078613,21403404,0.67%
2021/12/2,569.5145755,578.9280396,566.6905363,578.9280396,45125742,2.50%
2021/12/3,577.9865783,577.9865783,570.4558085,572.338501,23045832,-1.14%
2021/12/6,567.6319006,573.2799792,564.8078613,564.8078613,23589363,-1.32%
2021/12/7,566.6904852,571.3972168,561.9837536,571.3972168,18606530,1.17%
2021/12/8,577.9866467,577.9866467,566.6904907,566.6904907,20801543,-0.82%
2021/12/9,570.4558085,572.338501,566.6904237,572.338501,11039070,1.00%
2021/12/10,569.5145264,572.3385653,566.6904874,569.5145264,10497451,-0.49%
2021/12/13,573.2798543,574.2212005,565.7490845,565.7490845,17711657,-0.66%
2021/12/14,562.9252306,564.8079237,561.9838841,563.8665771,22579034,-0.33%
2021/12/15,561.983822,565.7492078,561.0424756,564.8078613,21827730,0.17%
2021/12/16,572.1368408,572.1368408,568.3541179,572.1368408,21809022,1.30%
2021/12/17,568.3541139,574.0281982,566.4627525,574.0281982,24105733,0.33%
2021/12/20,574.0282166,574.0282166,565.5170898,565.5170898,21381070,-1.48%
2021/12/21,564.5713501,567.4083921,562.6799888,564.5713501,17001461,-0.17%
2021/12/22,565.5170858,568.354128,565.5170858,567.4084473,9831802,0.50%
2021/12/23,574.0282003,574.973881,569.2997966,573.0825195,16654439,1.00%
2021/12/24,573.0825848,575.9196273,571.1912231,571.1912231,11059689,-0.33%
2021/12/27,571.1911581,576.8652424,571.1911581,573.0825195,16259872,0.33%
2021/12/28,576.865285,581.593689,576.865285,581.593689,33892718,1.49%
2021/12/29,581.5936259,585.3763487,580.6479453,582.5393066,24518766,0.16%
2021/12/30,585.3764121,586.3220929,581.593689,581.593689,19681276,-0.16%
2022/1/3,585.3763196,597.670168,584.4306389,596.7244873,69089158,2.60%
2022/1/4,609.9640888,620.3665771,609.0184081,620.3665771,79434666,3.96%
2022/1/5,632.6604396,632.6604396,610.9097818,614.6925049,69593809,-0.91%
2022/1/6,603.3443478,610.9097942,601.4529862,609.0184326,53210211,-0.92%
2022/1/7,608.072773,610.9098155,597.6702839,599.5616455,38249908,-1.55%
2022/1/10,593.8874823,609.9640543,592.9418016,608.0726929,38289770,1.42%
2022/1/11,610.9098403,615.6382446,604.2900742,615.6382446,33196585,1.24%
2022/1/12,621.312189,624.149231,614.6924244,624.149231,38860063,1.38%
2022/1/13,622.257807,626.0405292,619.4207653,625.0948486,38137411,0.15%
2022/1/14,636.4431172,636.4431172,625.0949487,635.4974365,95200777,1.66%
2022/1/17,647.7912637,650.6283057,641.171499,645.8999023,59614236,1.64%
2022/1/18,641.1716038,644.0086462,626.0407104,626.0407104,43593330,-3.07%
2022/1/19,616.5838582,624.1493043,615.6381774,618.4752197,40381333,-1.21%
2022/1/20,614.6925638,621.3123298,610.9098403,615.6382446,46474584,-0.46%
2022/1/21,609.0183776,610.909739,602.3986126,606.1813354,49577684,-1.54%
2022/1/24,604.2900103,619.4209026,602.3986487,617.529541,47134502,1.87%
2022/1/25,608.0726969,609.9640583,603.3442933,606.1813354,52318736,-1.84%
2022/1/26,600.5071393,606.1812225,600.5071393,601.4528198,29957189,-0.78%
2022/2/7,609.0184516,609.0184516,596.7246009,600.5073242,56836469,-0.16%
2022/2/8,609.9641477,609.9641477,593.8875732,593.8875732,39718217,-1.10%
2022/2/9,600.5072672,602.3986287,595.7788636,598.6159058,30048791,0.80%
2022/2/10,604.2898982,613.7467041,602.398537,613.7467041,34587133,2.53%
2022/2/11,610.9097818,614.6925049,607.1270587,614.6925049,26723278,0.15%
2022/2/14,605.2356628,606.1813435,600.5072592,602.3986206,27826382,-2.00%
2022/2/15,598.6159058,604.2899902,598.6159058,598.6159058,21970460,-0.63%
2022/2/16,609.9640483,610.909729,605.2356448,610.909729,25191741,2.05%
2022/2/17,609.0184305,610.9097921,606.1813882,609.9641113,18135080,-0.15%
2022/2/18,603.3443013,604.2899821,601.4529399,602.3986206,20804191,-1.24%
2022/2/21,598.6159078,601.45295,597.6702271,597.6702271,23797502,-0.78%
2022/2/22,593.8874531,595.7788144,591.0504111,592.9417725,34086593,-0.79%
2022/2/23,590.1046734,594.8330763,589.1589929,591.050354,31953054,-0.32%
2022/2/24,584.4307548,585.3764356,571.1912231,571.1912231,73663161,-3.36%
2022/2/25,567.4084998,575.9196273,567.4084998,571.1912231,89012516,0.00%
2022/3/1,566.462819,576.8653081,566.462819,571.1912231,66720867,0.00%
2022/3/2,568.354126,572.1368489,567.4084452,568.354126,40693457,-0.50%
2022/3/3,570.2454854,574.0282084,568.3541239,569.2998047,33792420,0.17%
2022/3/4,562.6800537,564.5714152,559.8430114,562.6800537,55917115,-1.16%
2022/3/7,548.4948815,549.4405624,543.7664774,544.7121582,86496560,-3.19%
2022/3/8,530.5267907,539.0379157,530.5267907,532.4181519,79029914,-2.26%
2022/3/9,536.2009867,541.8750712,536.2009867,537.1466675,52155415,0.89%
2022/3/10,553.2232624,557.0059856,550.3862201,555.114624,45630467,3.35%
2022/3/11,549.4405028,550.3861836,542.8207377,543.7664185,38943098,-2.04%
2022/3/14,542.8206826,545.6577244,540.9293213,540.9293213,33919577,-0.52%
2022/3/15,531.4725421,532.4182227,527.6898193,527.6898193,74092231,-2.45%
2022/3/16,536.0055312,536.9558956,527.4522515,530.3033447,43438327,0.50%
2022/3/17,549.3106637,554.0624861,546.4595703,553.1121216,60959900,4.30%
2022/3/18,553.1120465,553.1120465,547.4098604,552.1616821,46242430,-0.17%
2022/3/21,554.0624201,559.7646063,554.0624201,556.9135132,21400273,0.86%
2022/3/22,548.3602526,556.9135321,548.3602526,554.062439,20246949,-0.51%
2022/3/23,560.7150269,560.7150269,556.913569,560.7150269,25902069,1.20%
2022/3/24,557.8639474,562.6157697,555.9632184,561.6654053,20060758,0.17%
2022/3/25,567.3675677,568.3179321,565.4668388,568.3179321,26122381,1.18%
2022/3/28,552.1617241,556.9135462,551.2113597,555.0128174,26391576,-2.34%
2022/3/29,556.9134337,559.7645264,555.0127053,559.7645264,14892032,0.86%
2022/3/30,569.2682026,570.2185669,567.3674741,570.2185669,41230239,1.87%
2022/3/31,572.1193142,572.1193142,564.5163997,567.3674927,22700114,-0.50%
2022/4/1,555.9630695,559.7645264,555.0127053,559.7645264,29732696,-1.34%
2022/4/6,549.3106689,551.2113979,546.4595755,549.3106689,37645873,-1.87%
2022/4/7,542.658072,544.5588008,537.90625,537.90625,42904743,-2.08%
2022/4/8,538.8566284,541.7077217,537.906264,538.8566284,28024587,0.18%
2022/4/11,535.0551668,537.9062601,530.3033447,530.3033447,36820094,-1.59%
2022/4/12,526.5019338,536.0055789,524.6012048,529.3530273,30671407,-0.18%
2022/4/13,536.0054976,547.4098699,535.0551333,544.5587769,35865970,2.87%
2022/4/14,548.3602343,549.3105986,544.5587769,544.5587769,19056590,0.00%
2022/4/15,534.1048584,537.9063165,533.1544939,534.1048584,28253360,-1.92%
2022/4/18,531.253751,537.9063024,530.3033865,533.15448,15800959,-0.18%
2022/4/19,537.9061137,540.7572061,535.0550212,536.9557495,16614705,0.71%
2022/4/20,541.7077026,541.7077026,534.1047875,541.7077026,27606307,0.88%
2022/4/21,542.6579345,542.6579345,536.9557495,536.9557495,18383650,-0.88%
2022/4/22,530.3033447,531.2537091,529.3529803,530.3033447,29283846,-1.24%
2022/4/25,522.7004586,524.6011876,518.8990008,519.8493652,43389591,-1.97%
2022/4/26,522.7003216,523.6506859,516.9981363,518.8988647,35825421,-0.18%
2022/4/27,503.6931509,505.5938797,499.8916931,499.8916931,55941533,-3.66%
2022/4/28,503.6931293,505.593858,497.0405785,504.6434937,45380836,0.95%
2022/4/29,519.8493617,519.8493617,508.4449882,511.2960815,36664644,1.32%
2022/5/3,511.2960444,513.1967732,503.6931293,504.6434937,26317509,-1.30%
2022/5/4,506.5441121,510.3455689,503.6930196,507.4944763,16569622,0.56%
2022/5/5,516.0478375,516.9982018,512.2463801,515.0974731,20374772,1.50%
2022/5/6,501.7923584,504.6434513,499.8916298,501.7923584,32467268,-2.58%
2022/5/9,497.0406382,497.9910027,494.1895447,494.1895447,23709774,-1.52%
2022/5/10,480.8843548,493.2390911,479.9339904,492.2887268,41679907,-0.38%
2022/5/11,492.2887385,499.8916533,492.2887385,495.1398315,27157254,0.58%
2022/5/12,490.3880917,492.2888208,479.934082,479.934082,32532963,-3.07%
2022/5/13,481.8347424,488.4872931,480.884378,485.6362,29074177,1.19%
2022/5/16,495.1399092,497.9910027,492.2888157,494.1895447,21163106,1.76%
2022/5/17,495.1398959,506.5442697,494.1895314,503.6931763,24496974,1.92%
2022/5/18,514.1471749,514.1471749,507.4946237,511.2960815,30568176,1.51%
2022/5/19,497.0405743,500.8420319,494.1894812,496.09021,29019751,-2.97%
2022/5/20,497.9909894,505.5939052,497.0406249,503.6931763,22651205,1.53%
2022/5/23,506.54418,507.4945443,501.7923584,501.7923584,17054170,-0.38%
2022/5/24,503.6931898,504.6435543,494.1895447,494.1895447,17802308,-1.52%
2022/5/25,496.0902379,502.742789,494.189509,497.9909668,22176476,0.77%
2022/5/26,497.0405533,498.941282,487.5369098,488.4872742,28327403,-1.91%
2022/5/27,497.9909894,503.6931763,496.0902604,503.6931763,27866643,3.11%
2022/5/30,511.296085,519.8493652,510.3457205,519.8493652,34476433,3.21%
2022/5/31,515.0975412,532.2041016,513.1968122,532.2041016,72405873,2.38%
2022/6/1,522.7004866,527.4523092,520.7997575,521.7501221,29155176,-1.96%
2022/6/2,516.998235,517.9485994,513.1967773,513.1967773,21420890,-1.64%
2022/6/6,514.1471417,516.998235,511.2960485,513.1967773,17615003,0.00%
2022/6/7,508.4449158,511.2960088,505.5938228,508.4449158,19497532,-0.93%
2022/6/8,512.246408,517.9485944,511.2960436,516.99823,18835521,1.68%
2022/6/9,511.2960018,515.097459,510.3456375,514.1470947,16338602,-0.55%
2022/6/10,503.6931763,506.5442697,502.7428118,503.6931763,21357130,-2.03%
2022/6/13,492.2887292,493.2390935,489.4376361,490.3880005,32854092,-2.64%
2022/6/14,481.8347702,488.4873212,481.8347702,487.5369568,36304444,-0.58%
2022/6/15,482.7851702,489.4377217,482.7851702,483.7355347,35680283,-0.78%
2022/6/16,492.096311,493.0518378,484.4520965,485.4076233,26909199,0.35%
2022/6/17,477.2857037,480.630048,476.8079403,478.7189941,43566737,-1.38%
2022/6/20,477.7634709,479.6745248,472.9858362,475.852417,34209693,-0.60%
2022/6/21,478.7189691,482.5410767,476.8079154,482.5410767,33223685,1.41%
2022/6/22,478.7189506,480.6300043,472.5080261,472.5080261,31034893,-2.08%
2022/6/23,470.1192193,471.5525096,463.4305312,463.9082947,43548940,-1.82%
2022/6/24,467.7303498,470.5969301,463.9082428,464.8637695,27911980,0.21%
2022/6/27,473.9412916,483.4965596,473.4635282,476.3301086,37909718,2.47%
2022/6/28,473.9413434,477.763451,473.9413434,475.3746338,15274062,-0.20%
2022/6/29,473.9413307,476.3301479,469.1636963,469.1636963,30533789,-1.31%
2022/6/30,462.9528204,464.8638743,454.8308411,454.8308411,46311432,-3.05%
2022/7/1,450.530904,452.9197211,432.3758941,433.3314209,61744377,-4.73%
2022/7/4,423.2984043,431.4203828,420.4318237,420.4318237,52445919,-2.98%
2022/7/5,429.5093528,431.4204066,413.7431585,426.1650085,50084244,1.36%
2022/7/6,422.3428828,427.5982806,415.6541946,416.131958,40549763,-2.35%
2022/7/7,422.3428678,438.5868242,418.9985238,437.1535339,48151202,5.05%
2022/7/8,449.0975985,449.5753619,440.9756206,446.2310181,37897895,2.08%
2022/7/11,447.1865916,449.5754089,440.4979033,441.4534302,21941710,-1.07%
2022/7/12,437.6313481,437.6313481,429.5093689,429.5093689,23036423,-2.71%
2022/7/13,449.5754089,451.9642262,445.2755379,449.5754089,44035695,4.67%
2022/7/14,445.2754727,456.2640305,442.4088924,453.8752136,31936258,0.96%
2022/7/15,459.608396,472.0302446,455.7862888,470.5969543,51846909,3.68%
2022/7/18,473.463562,476.3301426,466.774874,473.463562,39179575,0.61%
2022/7/19,465.8193522,471.07475,464.8638253,469.1636963,19874865,-0.91%
2022/7/20,479.6744975,480.6300244,469.6414652,472.9858093,35436652,0.81%
2022/7/21,473.9413595,478.7189941,472.0303056,478.7189941,22285593,1.21%
2022/7/22,482.5410586,482.5410586,477.7634243,480.6300049,25216400,0.40%
2022/7/25,477.7634385,480.6300191,475.8523847,477.285675,15245346,-0.70%
2022/7/26,477.2856803,477.2856803,469.1637018,472.9858093,18024265,-0.90%
2022/7/27,472.0302543,479.674469,469.1636739,479.674469,17166365,1.41%
2022/7/28,486.3632096,486.3632096,476.8079403,478.7189941,33844011,-0.20%
2022/7/29,485.4076933,487.3187472,481.5855854,486.3632202,29045617,1.60%
2022/8/1,483.4966251,485.407679,477.7634636,481.5855713,24117969,-0.98%
2022/8/2,472.0302553,473.941309,466.7748577,470.1192017,39838155,-2.38%
2022/8/3,472.0303056,478.7189941,471.0747787,478.7189941,27603474,1.83%
2022/8/4,476.8078704,480.6299776,472.9857632,477.7633972,26027618,-0.20%
2022/8/5,486.3631314,493.0518188,484.4520778,493.0518188,32784279,3.20%
2022/8/8,487.3187435,492.0963782,486.3632165,489.2297974,19333128,-0.78%
2022/8/9,484.4521145,488.2742219,481.5855339,487.3186951,21164373,-0.39%
2022/8/10,477.7633972,480.6299776,477.2856338,477.7633972,20861380,-1.96%
2022/8/11,490.1852508,491.1407776,487.3186704,491.1407776,23740033,2.80%
2022/8/12,492.0963619,494.9629427,491.140835,494.0074158,19535923,0.58%
2022/8/15,496.8739287,500.6960358,495.9184019,499.740509,21273166,1.16%
2022/8/16,502.6071994,502.6071994,499.7406184,501.6516724,20720414,0.38%
2022/8/17,500.6961327,503.5627136,497.8295518,503.5627136,27143102,0.38%
2022/8/18,496.8739929,497.8295198,495.918466,496.8739929,17831084,-1.33%
2022/8/19,495.9184265,499.7405338,494.0073728,495.9184265,14022812,-0.19%
2022/8/22,488.2742704,491.1408513,487.3187435,489.2297974,11494000,-1.35%
2022/8/23,480.6300444,483.4966251,479.6745174,481.5855713,19191108,-1.56%
2022/8/24,481.5855317,485.4076391,480.6300049,480.6300049,14363212,-0.20%
2022/8/25,482.5410428,487.3186769,481.585516,485.4076233,9357138,0.99%
2022/8/26,490.1853243,492.0963782,488.2742704,489.2297974,12914846,0.79%
2022/8/29,474.8968184,479.6744524,473.9412916,476.3301086,26590824,-2.64%
2022/8/30,475.374605,477.7634221,473.9413147,473.9413147,24214535,-0.50%
2022/8/31,470.1192272,482.5410767,470.1192272,482.5410767,39357089,1.81%
2022/9/1,472.9857838,473.4635473,468.2081497,468.6859131,39168672,-2.87%
2022/9/2,466.2971227,467.730413,463.430542,463.430542,29982959,-1.12%
2022/9/5,463.430551,466.2971317,462.4750241,464.3860779,15903415,0.21%
2022/9/6,466.7748611,469.6414416,464.8638074,467.2526245,16700285,0.62%
2022/9/7,455.7863211,456.741848,451.0086868,451.4864502,34678562,-3.37%
2022/9/8,451.9641601,453.8752136,451.0086333,453.8752136,27931552,0.53%
2022/9/12,463.4304794,469.16364,463.4304794,464.8637695,21597212,2.42%
2022/9/13,472.9857913,472.9857913,469.1636838,471.0747375,16507036,1.34%
2022/9/14,457.2195724,461.0416795,454.8307554,458.6528625,22645714,-2.64%
2022/9/15,457.4516125,461.2957437,457.4516125,457.9321289,23104850,-0.16%
2022/9/16,452.1658424,453.6073914,450.7242935,453.6073914,39087513,-0.94%
2022/9/19,453.6074402,454.5684729,448.3217603,448.8022766,17182380,-1.06%
2022/9/20,452.1659321,459.3736781,451.6854157,457.9321289,19842582,2.03%
2022/9/21,455.0490666,456.9711323,450.2439022,452.6464844,24154633,-1.15%
2022/9/22,443.997107,449.7633032,441.1140089,446.3996887,29702508,-1.38%
2022/9/23,440.6335121,442.5555775,437.2698975,437.2698975,29757787,-2.05%
2022/9/26,425.7375205,436.3088811,425.7375205,429.1011353,32342267,-1.87%
2022/9/27,431.5036657,433.9062474,428.6205677,430.5426331,24961404,0.34%
2022/9/28,429.5816684,431.503734,420.932373,420.932373,34402652,-2.23%
2022/9/29,425.7375175,426.2180339,415.1661571,418.0492554,41094780,-0.68%
2022/9/30,407.9583985,410.8414967,405.5558167,405.5558167,48266800,-2.99%
2022/10/3,402.1922512,407.9584483,400.2701855,400.7507019,36044395,-1.18%
2022/10/4,412.7635669,415.1661488,410.360985,412.2830505,40375000,2.88%
2022/10/5,427.17906,433.425773,424.7764781,427.6595764,46496536,3.73%
2022/10/6,432.9452344,433.4257507,429.5816199,433.4257507,30331834,1.35%
2022/10/7,431.0232176,431.0232176,419.9713402,420.932373,31941781,-2.88%
2022/10/11,392.1013576,396.4260049,385.3741284,385.8546448,95793819,-8.33%
2022/10/12,381.5300122,384.4131105,380.088463,382.0105286,53570085,-1.00%
2022/10/13,384.8935899,387.2961716,379.6079102,379.6079102,38046284,-0.63%
2022/10/14,398.3480775,399.7896266,393.0623973,395.9454956,54504366,4.30%
2022/10/17,384.4130663,387.7766806,380.5689356,381.5299683,41512192,-3.64%
2022/10/18,390.6598035,391.1403198,383.9325744,391.1403198,40093216,2.52%
2022/10/19,388.2572492,389.218282,380.0884705,380.0884705,46385177,-2.83%
2022/10/20,375.7638155,382.0105286,370.9586516,382.0105286,52938069,0.51%
2022/10/21,380.0884933,382.9715918,374.3222961,374.3222961,35923505,-2.01%
2022/10/24,379.607971,382.010553,371.9197083,371.9197083,46714078,-0.64%
2022/10/25,365.1924466,367.5950285,356.5431519,356.5431519,76416687,-4.13%
2022/10/26,356.0626774,364.2314568,355.5821609,361.3483582,58850484,1.35%
2022/10/27,369.5170862,373.8417335,367.5950207,370.4781189,45684455,2.53%
2022/10/28,364.7118835,367.1144651,360.3872367,364.7118835,40184472,-1.56%
2022/10/31,370.9586944,374.8028259,366.1535299,374.8028259,38409054,2.77%
2022/11/1,373.3612255,377.6858729,370.9586436,376.2443237,41426496,0.38%
2022/11/2,375.7637794,379.6079102,373.3611977,379.6079102,22535650,0.89%
2022/11/3,369.997654,371.9197197,368.5561047,369.0366211,39731333,-2.78%
2022/11/4,366.1534692,369.5170838,363.7508874,367.114502,28397417,-0.52%
2022/11/7,374.8028259,377.6859246,371.9197273,374.8028259,35387706,2.09%
2022/11/8,379.6079562,383.9326038,378.6469234,383.4520874,31838223,2.31%
2022/11/9,387.7767583,400.7507019,387.7767583,400.7507019,52260831,4.51%
2022/11/10,393.0623987,395.4649806,390.1793005,391.6208496,32044942,-2.28%
2022/11/11,424.2959595,424.7764758,418.0492466,424.2959595,80016195,8.34%
2022/11/14,432.4647402,432.4647402,424.2959618,427.6595764,61933190,0.79%
2022/11/15,446.8802538,468.0229755,443.9971554,461.2957458,113379796,7.87%
2022/11/16,472.3476274,474.7502094,462.7372993,468.0229797,85726375,1.46%
2022/11/17,463.6983092,466.1008911,456.4905635,466.1008911,45144984,-0.41%
2022/11/18,472.3476274,474.7502094,467.0619469,468.0229797,35859717,0.41%
2022/11/21,468.5034843,470.4255499,461.7762548,463.217804,29710180,-1.03%
2022/11/22,457.4516042,471.8670959,457.4516042,471.8670959,37343127,1.87%
2022/11/23,475.2306456,476.6721946,469.4644497,472.828064,33475337,0.20%
2022/11/24,474.7501757,476.6722412,472.8281102,476.6722412,27396552,0.81%
2022/11/25,474.7501987,478.5943298,474.7501987,478.5943298,39949969,0.40%
2022/11/28,467.0618945,470.9060253,461.7762146,461.7762146,38926919,-3.51%
2022/11/29,455.0490368,468.9840125,454.5685204,468.0229797,38182197,1.35%
2022/11/30,464.1788073,470.9060364,463.6982909,470.9060364,57111603,0.62%
2022/12/1,486.2825128,488.2045781,479.0747681,479.0747681,41746878,1.73%
2022/12/2,470.9060424,477.6332716,470.9060424,473.3086243,28319679,-1.20%
2022/12/5,472.3475892,478.1137856,469.9450073,469.9450073,28360444,-0.71%
2022/12/6,468.9839536,469.9449863,459.3736267,459.3736267,40561068,-2.25%
2022/12/7,458.412605,466.5813831,456.4905396,456.4905396,36563503,-0.63%
2022/12/8,456.4905678,456.4905678,448.8023056,453.1269531,27238567,-0.74%
2022/12/9,459.3736898,465.6204032,457.4516242,462.7373047,25915337,2.12%
2022/12/12,457.9320886,459.3736377,455.0489905,456.4905396,20973334,-1.35%
2022/12/13,454.5685023,457.4516006,452.6464367,453.1269531,33272826,-0.74%
2022/12/14,453.6074366,461.7762146,453.6074366,461.7762146,30636639,1.91%
2022/12/15,460.0847247,465.4008297,458.6348779,464.4342651,24222008,0.58%
2022/12/16,450.9024122,455.2519531,449.9358475,455.2519531,47601400,-1.98%
2022/12/19,450.9024048,453.8020987,449.4525578,450.9024048,21075559,-0.96%
2022/12/20,449.4525427,451.3856719,439.7868966,442.2033081,31139235,-1.93%
2022/12/21,444.6197018,447.5193955,441.7200081,443.6531372,36182644,0.33%
2022/12/22,450.9024174,453.3188291,448.4860057,452.3522644,14047382,1.96%
2022/12/23,442.2033073,443.1698719,439.7868958,439.7868958,24927413,-2.78%
2022/12/26,438.8202831,441.7199766,438.3370008,441.2366943,8793306,0.33%
2022/12/27,442.6865658,447.0361063,441.7200012,441.7200012,10264001,0.11%
2022/12/28,435.9205933,436.8871578,431.0877707,435.9205933,32578949,-1.31%
2022/12/29,429.1547307,434.4708366,427.7048836,431.0878601,23020759,-1.11%
2022/12/30,439.7868502,441.236697,433.5041809,433.5041809,21683478,0.56%
2023/1/3,431.0878076,438.3370421,428.1881139,437.8537598,14885824,1.00%
2023/1/4,434.4707947,439.7869001,433.5042301,434.4707947,19188422,-0.77%
2023/1/5,443.6531737,444.136456,439.7869151,443.1698914,23549581,2.00%
2023/1/6,439.7869151,444.136456,439.7869151,443.1698914,20886011,0.00%
2023/1/9,452.3522025,464.9175415,451.8689203,464.9175415,46666263,4.91%
2023/1/10,469.7503967,470.7169613,466.8507029,469.7503967,32646014,1.04%
2023/1/11,470.7169792,471.6835439,465.884156,468.3005676,21051115,-0.31%
2023/1/12,471.2001765,471.6834588,467.8172009,470.2336121,20963689,0.41%
2023/1/13,490.0482087,491.9813377,482.3156926,483.2822571,77606949,2.77%
2023/1/16,489.0816769,491.014806,486.1819831,488.1151123,34373918,1.00%
2023/1/17,487.1485409,487.1485409,482.7990003,486.1819763,27770329,-0.40%
2023/1/30,523.8780398,524.8446045,516.1455226,524.8446045,124428936,7.95%
2023/1/31,519.0451601,520.0117246,503.5801274,504.5466919,72530854,-3.87%
2023/2/1,514.2124263,515.178991,504.5467792,512.2792969,33710990,1.53%
2023/2/2,520.0116952,523.8779532,519.0451308,521.9448242,43077053,1.89%
2023/2/3,521.9449224,523.8780518,518.0786637,523.8780518,31635865,0.37%
2023/2/6,514.2123822,515.1789468,508.4129944,508.4129944,30870136,-2.95%
2023/2/7,506.4798092,510.3460672,504.5466801,505.5132446,23481767,-0.57%
2023/2/8,520.0116952,521.9448242,516.1454373,521.9448242,35096191,3.25%
2023/2/9,521.9448242,521.9448242,518.0785663,521.9448242,18861972,0.00%
2023/2/10,525.8111454,527.7442746,522.9114515,526.77771,28495684,0.93%
2023/2/13,525.8111317,525.8111317,520.0117442,522.911438,22768977,-0.73%
2023/2/14,525.8111454,527.7442746,524.8445808,526.77771,21883297,0.74%
2023/2/15,508.4130369,514.2124251,504.546778,507.4464722,61796793,-3.67%
2023/2/16,510.3460083,513.2457015,506.4797507,510.3460083,29975138,0.57%
2023/2/17,506.4798379,506.4798379,498.7473213,500.6804504,28121975,-1.89%
2023/2/20,496.8141736,501.6469963,493.9144799,499.7138672,20065156,-0.19%
2023/2/21,497.7807194,499.7138484,495.8475904,498.7472839,13504100,-0.19%
2023/2/22,489.0816837,491.9813775,488.1151191,490.0482483,24575245,-1.74%
2023/2/23,494.881063,503.5801442,492.9479338,500.6804504,25376835,2.17%
2023/2/24,506.4797977,507.4463622,493.9144592,493.9144592,41692491,-1.35%
2023/3/1,487.1485301,504.5466919,487.1485301,504.5466919,39560848,2.15%
2023/3/2,501.6470032,502.6135677,497.780745,501.6470032,16558784,-0.57%
2023/3/3,506.4798,507.4463645,498.7472839,498.7472839,23253895,-0.58%
2023/3/6,502.6135746,506.4798329,499.7138809,503.5801392,21922085,0.97%
2023/3/7,503.5801342,508.412957,501.6470051,506.4798279,24861078,0.58%
2023/3/8,503.5801392,505.5132683,500.6804455,503.5801392,24512408,-0.57%
2023/3/9,507.4463855,508.4129501,504.5466919,504.5466919,21557577,0.19%
2023/3/10,497.7807549,498.7473195,493.9144966,495.8476257,24045605,-1.72%
2023/3/13,495.8475904,500.6804129,491.9813324,498.7472839,21466947,0.58%
2023/3/14,493.9145016,496.8141953,492.947937,492.947937,20474770,-1.16%
2023/3/15,497.7807172,498.7472817,492.9478947,493.9144592,23208597,0.20%
2023/3/16,490.7559814,495.6149516,489.7841874,490.7559814,21965994,-0.64%
2023/3/17,501.4457247,503.3893127,498.5303425,503.3893127,33118483,2.57%
2023/3/20,502.4174719,503.3892659,495.6149143,497.5585022,11837312,-1.16%
2023/3/21,500.4739229,502.417511,497.5585409,502.417511,18284799,0.98%
2023/3/22,509.2199808,517.9661255,509.2199808,517.9661255,42385987,3.09%
2023/3/23,513.107195,523.7969282,513.107195,522.8251343,26728246,0.94%
2023/3/24,520.8816149,523.7969971,519.9098208,523.7969971,21926240,0.19%
2023/3/27,517.9662322,520.8816143,516.022644,516.022644,16111177,-1.48%
2023/3/28,510.191803,515.0507725,509.2200091,510.191803,17234120,-1.13%
2023/3/29,517.9662244,517.9662244,510.1918721,515.0508423,17280749,0.95%
2023/3/30,520.881584,521.853378,516.022614,519.90979,19201564,0.94%
2023/3/31,522.8250948,522.8250948,516.9943316,517.9661255,23558838,-0.37%
2023/4/6,515.0508423,516.0226363,511.1636661,515.0508423,25423363,-0.56%
2023/4/7,519.9098203,519.9098203,514.0790559,516.022644,8557482,0.19%
2023/4/10,517.9661551,517.9661551,513.1071856,514.0789795,7435151,-0.38%
2023/4/11,507.2764438,512.1354136,507.2764438,509.2200317,22675697,-0.95%
2023/4/12,508.2482678,509.2200618,502.4175037,505.3328857,23816473,-0.76%
2023/4/13,500.4738991,502.4174871,495.6149292,495.6149292,25536889,-1.92%
2023/4/14,501.4457397,505.332916,498.5303575,501.4457397,18072504,1.18%
2023/4/17,504.3610917,505.3328857,499.5021217,505.3328857,14634287,0.78%
2023/4/18,503.3892588,505.3328466,499.502083,500.473877,15168888,-0.96%
2023/4/19,502.4174871,503.389281,494.6431352,495.6149292,21123233,-0.97%
2023/4/20,497.5585404,501.4457165,495.6149524,498.5303345,17221961,0.59%
2023/4/21,505.332939,505.332939,495.6149979,496.586792,25016683,-0.39%
2023/4/24,490.7559969,495.6149671,489.7842028,492.699585,16886512,-0.78%
2023/4/25,489.7841944,490.7559884,483.9534302,483.9534302,36898412,-1.78%
2023/4/26,483.9534102,484.4393072,477.1508523,477.6367493,31269245,-1.31%
2023/4/27,477.1508677,481.0380438,475.2072797,479.5803528,29537148,0.41%
2023/4/28,484.4392973,487.8405762,483.9534003,487.8405762,24824100,1.72%
2023/5/2,485.8970414,487.8406295,482.4957621,486.8688354,15325791,-0.20%
2023/5/3,482.0098267,483.9534147,481.0380327,482.0098267,11369311,-1.00%
2023/5/4,482.9816361,485.4111212,482.0098421,483.9534302,13140291,0.40%
2023/5/5,485.8970032,487.8405912,484.4393122,485.8970032,7488897,0.40%
2023/5/8,494.6431805,494.6431805,487.8406221,489.7842102,11243634,0.80%
2023/5/9,492.6995473,495.6149292,490.7559593,495.6149292,16197743,1.19%
2023/5/10,493.6713479,493.6713479,485.896996,488.8123779,18859212,-1.37%
2023/5/11,491.7277284,491.7277284,484.4392739,484.9251709,13382927,-0.80%
2023/5/12,482.0098267,485.8970027,481.0380327,482.0098267,18465362,-0.60%
2023/5/15,482.9815862,485.411071,480.5521013,481.5238953,13315766,-0.10%
2023/5/16,488.8123934,493.6713635,485.8970113,490.7559814,21140315,1.92%
2023/5/17,493.6713799,506.3047026,491.7277918,504.3611145,41406763,2.77%
2023/5/18,517.9662244,520.8816065,511.1636661,515.0508423,43096277,2.12%
2023/5/19,519.9097666,519.9097666,514.0790029,516.9943848,32099068,0.38%
2023/5/22,516.9944381,517.9662322,514.0790559,516.022644,17208135,-0.19%
2023/5/23,515.0508423,516.0226363,510.1918721,515.0508423,19588873,-0.19%
2023/5/24,512.1353908,513.1071847,509.2200091,510.191803,19086681,-0.94%
2023/5/25,526.71241,529.6277923,521.8534394,527.6842041,63827245,3.43%
2023/5/26,551.9789884,551.9789884,547.1200184,550.0354004,95808471,4.24%
2023/5/29,557.809768,557.809768,548.0918278,551.9790039,54657853,0.35%
2023/5/30,550.0354004,551.9789884,547.1200184,550.0354004,40136130,-0.35%
2023/5/31,544.2045741,546.1481619,535.4584292,542.2609863,81176782,-1.41%
2023/6/1,534.4867021,538.3738781,534.4867021,535.4584961,24477529,-1.25%
2023/6/2,543.2328115,548.0917812,541.2892237,546.1481934,30206141,2.00%
2023/6/5,544.2046118,544.2046118,539.3456421,539.3456421,16827391,-1.25%
2023/6/6,538.3738868,546.1482389,537.4020927,544.2046509,20228086,0.90%
2023/6/7,545.1764458,551.9790039,544.2046517,551.9790039,27604813,1.43%
2023/6/8,546.1482925,551.9790572,539.3457337,543.2329102,23080195,-1.58%
2023/6/9,545.1764227,550.0353926,545.1764227,549.0635986,19091713,1.07%
2023/6/12,557.8098145,557.8098145,554.8944321,557.8098145,26392389,1.59%
2023/6/13,576.2738647,577.2456588,572.3866886,576.2738647,56174363,3.31%
2023/6/14,573.3584595,574.3302535,570.4430775,573.3584595,23583314,-0.51%
2023/6/15,576.0432478,578.9722813,573.1142143,577.0195923,27392154,0.64%
2023/6/16,576.0433001,576.0433001,570.1852327,575.0669556,38128802,-0.34%
2023/6/19,569.2088013,571.1614901,568.2324568,569.2088013,14346885,-1.02%
2023/6/20,565.3034236,571.1614901,565.3034236,569.2088013,16221413,0.00%
2023/6/21,568.2325091,571.1615426,564.327131,567.2561646,21703937,-0.34%
2023/6/26,562.3745032,564.3271925,560.421814,560.421814,27142262,-1.20%
2023/6/27,556.5163662,561.3980887,555.5400217,558.4690552,21501718,-0.35%
2023/6/28,565.3035371,565.3035371,557.4927801,560.421814,18175426,0.35%
2023/6/29,564.3270958,566.2797847,556.5163402,559.4453735,16937929,-0.17%
2023/6/30,556.5163231,562.3743896,554.5636342,562.3743896,22654976,0.52%
2023/7/3,564.3271223,566.2798113,562.3744333,565.3034668,14785585,0.52%
2023/7/4,571.1615601,571.1615601,566.2798373,571.1615601,17219541,1.04%
2023/7/5,575.066956,575.066956,565.3035102,568.2325439,14913592,-0.51%
2023/7/6,559.4453996,560.4217441,551.6346436,551.6346436,28564891,-2.92%
2023/7/7,551.6346436,558.4690551,549.6819546,551.6346436,18796190,0.00%
2023/7/10,553.5873326,559.4453996,551.6346436,551.6346436,18454982,0.00%
2023/7/11,560.4217356,563.350769,556.5163576,563.350769,17850636,2.12%
2023/7/12,560.4217702,564.3271484,558.4690812,564.3271484,15588228,0.17%
2023/7/13,573.1142492,576.0432828,571.1615601,571.1615601,25442137,1.21%
2023/7/14,575.0669033,577.0195923,573.1142143,577.0195923,23121873,1.03%
2023/7/17,574.0905588,577.0195923,573.1142143,577.0195923,13807834,0.00%
2023/7/18,573.1142317,574.0905762,566.27982,567.2561646,20932006,-1.69%
2023/7/19,570.1851981,573.1142317,565.3034755,567.2561646,22499123,0.00%
2023/7/20,566.2798113,570.1851893,564.3271223,565.3034668,15108109,-0.34%
2023/7/21,546.7529297,549.6819632,543.8238961,546.7529297,46711021,-3.28%
2023/7/24,543.8238265,549.6818929,543.8238265,544.8001709,25268835,-0.36%
2023/7/25,547.7292828,555.5400391,547.7292828,555.5400391,19590349,1.97%
2023/7/26,555.5399953,557.4926842,549.6819285,552.6109619,13314305,-0.53%
2023/7/27,556.5163836,556.5163836,552.6110055,555.5400391,12200358,0.53%
2023/7/28,555.5400303,559.4454084,551.6346523,553.5873413,18540078,-0.35%
2023/7/31,561.3980886,561.3980886,546.752921,551.6346436,24208467,-0.35%
2023/8/1,551.6346523,554.5636858,550.6583078,553.5873413,16259643,0.35%
2023/8/2,553.5873766,555.5400657,544.8002753,547.7293091,25583234,-1.06%
2023/8/4,542.8475254,546.7529032,538.9421475,540.8948364,26279173,-1.25%
2023/8/7,544.8001709,547.7292041,542.8474821,544.8001709,14369551,0.72%
2023/8/8,544.8002671,544.8002671,537.9658551,538.9421997,19010690,-1.08%
2023/8/9,536.9894585,543.8238698,536.9894585,540.8948364,14389090,0.36%
2023/8/10,538.9421648,540.8948538,536.9894758,537.9658203,17892615,-0.54%
2023/8/11,542.8475516,544.8002407,533.0841064,533.0841064,17608427,-0.91%
2023/8/14,527.226048,530.1550816,524.2970144,528.2023926,20939030,-0.92%
2023/8/15,530.1550554,532.1077444,527.226022,529.1787109,14066307,0.18%
2023/8/16,528.2023665,530.1550554,523.320644,529.1787109,28269840,0.00%
2023/8/17,527.2260307,533.0840977,524.2969972,531.1314087,22843138,0.37%
2023/8/18,527.2260393,531.1314174,526.2496948,526.2496948,17592345,-0.92%
2023/8/21,531.1314086,531.1314086,521.3679636,524.2969971,16633821,-0.37%
2023/8/22,531.1314262,531.1314262,525.273359,528.2023926,14594304,0.74%
2023/8/23,533.0841323,538.9421997,531.1314432,538.9421997,20636332,2.03%
2023/8/24,549.6819806,550.6583252,544.8002579,550.6583252,23280827,2.17%
2023/8/25,536.01314,537.965829,533.0841064,533.0841064,24144537,-3.19%
2023/8/28,534.0604336,539.9185005,534.0604336,536.0131226,8991985,0.55%
2023/8/29,537.9658551,539.9185443,533.0841323,538.9421997,10516678,0.55%
2023/8/30,544.8001881,546.7528769,540.8948104,541.8711548,15117416,0.54%
2023/8/31,539.9185005,542.847534,535.0367781,536.0131226,40431378,-1.08%
2023/9/1,530.1550815,539.9185269,530.1550815,535.0368042,13669766,-0.18%
2023/9/4,536.0131572,543.8239136,536.0131572,543.8239136,9531157,1.64%
2023/9/5,539.9185443,541.8712334,536.9895106,538.9421997,12220686,-0.90%
2023/9/6,542.8475075,542.8475075,536.9894409,536.9894409,14067008,-0.36%
2023/9/7,533.0840889,535.0367778,529.1787109,529.1787109,20717005,-1.45%
2023/9/8,522.3443168,527.2260393,522.3443168,526.2496948,15283568,-0.55%
2023/9/11,526.2497737,527.2261184,523.3207397,523.3207397,14631968,-0.56%
2023/9/12,523.3206527,532.1077532,523.3206527,531.1314087,16028336,1.49%
2023/9/13,532.1077707,535.0368043,528.2023926,528.2023926,16191392,-0.55%
2023/9/14,534.093093,539.9838257,533.1113043,539.9838257,17144287,2.23%
2023/9/15,539.0020358,547.8381348,537.0384583,547.8381348,42517441,1.45%
2023/9/18,538.0202031,539.0019918,530.1658936,530.1658936,36684692,-3.23%
2023/9/19,529.1841814,533.1113367,528.2023926,528.2023926,18901683,-0.37%
2023/9/20,526.2387467,528.2023241,525.256958,525.256958,24635567,-0.56%
2023/9/21,520.348015,521.3298038,516.4208602,517.4026489,32012694,-1.50%
2023/9/22,513.4755633,515.4391409,512.4937744,512.4937744,29049309,-0.95%
2023/9/25,512.4937814,519.3663034,512.4937814,515.4391479,17116402,0.57%
2023/9/26,511.5119173,514.4572834,509.5483398,509.5483398,26392692,-1.14%
2023/9/27,507.5848302,513.4755633,506.6030414,512.4937744,16846401,0.58%
2023/9/28,513.4755249,515.4391024,510.5301586,513.4755249,19733331,0.19%
2023/10/2,520.3480298,524.2751847,518.3844523,523.293396,25427911,1.91%
2023/10/3,518.3844223,523.2933657,518.3844223,519.3662109,14490129,-0.75%
2023/10/4,511.5119401,513.4755176,509.5483626,510.5301514,28358964,-1.70%
2023/10/5,513.4755167,519.3662492,513.4755167,518.3844604,24945684,1.54%
2023/10/6,520.3480679,523.2934343,519.3662791,522.3116455,15336587,0.76%
2023/10/11,532.1295011,534.0930786,530.1659236,534.0930786,46639969,2.26%
2023/10/12,535.0748818,539.9838257,534.093093,539.9838257,34161176,1.10%
2023/10/13,539.9838329,543.910988,538.0202553,542.9291992,31123496,0.55%
2023/10/16,536.0566789,537.0384677,532.1295238,535.0748901,19875676,-1.45%
2023/10/17,539.9838484,541.947426,538.0202708,540.9656372,18364998,1.10%
2023/10/18,539.0019918,539.0019918,530.1658936,530.1658936,26418940,-2.00%
2023/10/19,530.1659083,538.0202181,530.1659083,536.0566406,22881262,1.11%
2023/10/20,539.0020512,545.8745728,536.0566848,545.8745728,45984177,1.83%
2023/10/23,541.9473886,542.9291773,533.1112899,534.0930786,22747367,-2.16%
2023/10/24,533.1112899,536.0566561,530.1659236,534.0930786,15007814,0.00%
2023/10/25,534.0930786,540.9655998,534.0930786,534.0930786,16526355,0.00%
2023/10/26,520.3480452,525.256989,520.3480452,521.329834,28188348,-2.39%
2023/10/27,524.2751847,526.2387622,522.3116073,523.293396,15679643,0.38%
2023/10/30,521.3298567,524.2752231,518.3844903,522.3116455,21404842,-0.19%
2023/10/31,525.256943,525.256943,517.4026336,519.3662109,25667058,-0.56%
2023/11/1,523.2934042,523.2934042,517.4026717,518.3844604,13603347,-0.19%
2023/11/2,526.238716,537.0383911,525.2569273,537.0383911,29401438,3.60%
2023/11/3,537.0384367,539.0020142,535.0748592,539.0020142,15426176,0.37%
2023/11/6,542.929192,545.8745583,539.9838257,539.9838257,29215201,0.18%
2023/11/7,541.9473342,544.8927002,539.983757,544.8927002,14777790,0.91%
2023/11/8,539.98384,546.8563616,539.98384,545.8745728,15314834,0.18%
2023/11/9,540.9655909,546.8563232,540.9655909,546.8563232,13165684,0.18%
2023/11/10,544.8927458,546.8563232,543.910957,546.8563232,12994933,0.00%
2023/11/13,568.4556894,569.4374782,560.6013794,560.6013794,43866014,2.51%
2023/11/14,565.5103461,565.5103461,560.6014021,561.5831909,21568576,0.18%
2023/11/15,572.3828279,572.3828279,564.5285181,570.4192505,50305088,1.57%
2023/11/16,570.4192351,572.3828125,567.473869,572.3828125,28291435,0.34%
2023/11/17,568.4557112,572.3828664,568.4557112,569.4375,22031704,-0.51%
2023/11/20,565.5103377,568.455704,564.5285489,566.4921265,22010114,-0.52%
2023/11/21,571.4010692,574.3464355,570.4192804,574.3464355,35921706,1.39%
2023/11/22,565.5103377,568.455704,563.5467601,566.4921265,21969125,-1.37%
2023/11/23,563.5467827,567.473938,563.5467827,567.473938,14486134,0.17%
2023/11/24,566.4920808,567.4738695,563.5467147,564.5285034,10058969,-0.52%
2023/11/27,562.5649496,566.4921045,557.6560059,557.6560059,18528520,-1.22%
2023/11/28,554.7106164,565.5102921,554.7106164,564.5285034,26343906,1.23%
2023/11/29,567.473908,568.4556968,559.6195979,563.5467529,24868842,-0.17%
2023/11/30,565.5103377,566.4921265,559.619605,566.4921265,47192647,0.52%
2023/12/1,562.5648956,568.4556274,562.5648956,568.4556274,28051165,0.35%
2023/12/4,571.4010631,571.4010631,560.6013866,563.5467529,26847171,-0.86%
2023/12/5,560.6013566,561.5831453,556.6742017,559.6195679,22229723,-0.70%
2023/12/6,557.6559904,564.5285114,557.6559904,559.6195679,21518089,0.00%
2023/12/7,559.6195989,562.5649652,555.6924438,555.6924438,20840397,-0.70%
2023/12/8,563.5467227,566.4920889,559.6195679,559.6195679,33507214,0.71%
2023/12/11,561.5831754,564.5285417,559.6195979,563.5467529,27378610,0.70%
2023/12/12,569.4375156,570.4193044,564.5285715,567.473938,29403010,0.70%
2023/12/13,565.5103377,568.455704,565.5103377,566.4921265,22977731,-0.17%
2023/12/14,573.4005312,574.3874512,571.4266911,574.3874512,39409958,1.39%
2023/12/15,577.3482666,578.3351867,572.413666,577.3482666,54323262,0.52%
2023/12/18,571.4267459,577.3482666,569.4529057,577.3482666,26122277,0.00%
2023/12/19,580.3090269,580.3090269,572.413666,577.3482666,28254292,0.00%
2023/12/20,579.3221068,579.3221068,575.3744264,577.3482666,38121456,0.00%
2023/12/21,569.4528809,571.426721,567.4790407,569.4528809,24923414,-1.37%
2023/12/22,574.3874512,574.3874512,571.4266911,574.3874512,18690214,0.87%
2023/12/25,574.3874327,577.3481926,572.4135927,573.4005127,9548143,-0.17%
2023/12/26,575.3743839,578.335144,574.3874639,578.335144,16094308,0.86%
2023/12/27,579.3221132,584.2567139,578.3351931,584.2567139,33401336,1.02%
2023/12/28,584.2566713,585.2435913,581.2959111,585.2435913,25514849,0.17%
2023/12/29,581.2959111,585.2435913,581.2959111,585.2435913,18416318,0.00%
2024/1/2,582.2828312,585.2435913,581.2959111,585.2435913,26059058,0.00%
2024/1/3,576.36134,577.3482601,568.4659791,570.4398193,37106763,-2.53%
2024/1/4,572.4136353,573.4005553,569.4528751,572.4136353,15309129,0.35%
2024/1/5,570.4397825,572.4136225,566.4921023,568.4659424,18158971,-0.69%
2024/1/8,574.3874696,577.3482298,571.4267094,575.3743896,17761275,1.22%
2024/1/9,580.3089841,581.2959042,575.3743839,578.335144,22501510,0.51%
2024/1/10,573.4005679,578.3351683,572.4136478,576.3613281,13037716,-0.34%
2024/1/11,578.335144,581.2959042,575.3743839,578.335144,23997409,0.34%
2024/1/12,573.4005679,580.3090085,573.4005679,576.3613281,16496053,-0.34%
2024/1/15,582.2828242,582.2828242,577.348224,578.335144,21143076,0.34%
2024/1/16,573.4005553,580.3089957,571.4267152,572.4136353,27223860,-1.02%
2024/1/17,575.3743527,576.3612727,570.4397527,573.4005127,42592335,0.17%
2024/1/18,578.3351808,581.2959411,577.3482607,580.309021,27209996,1.20%
2024/1/19,616.8250306,618.7988707,605.9689101,617.8119507,161106401,6.46%
2024/1/22,624.720391,624.720391,614.8511905,617.8119507,65168775,0.00%
2024/1/23,620.7726866,620.7726866,613.8642465,619.7857666,41072439,0.32%
2024/1/24,619.7858092,621.7596494,615.8381289,618.7988892,26635005,-0.16%
2024/1/25,626.6942209,633.6026611,624.7203808,633.6026611,52243347,2.39%
2024/1/26,635.5765381,637.5503783,630.6419376,635.5765381,41153025,0.31%
2024/1/29,637.5503299,639.5241699,635.5764899,639.5241699,27825490,0.62%
2024/1/30,633.6026611,638.5372613,633.6026611,633.6026611,36161825,-0.93%
2024/1/31,625.7072867,628.6680467,617.8119266,619.7857666,41277950,-2.18%
2024/2/1,616.8250066,619.7857666,610.9034865,619.7857666,44946369,0.00%
2024/2/2,624.7204347,626.6942749,619.7858341,626.6942749,26334815,1.11%
2024/2/5,636.563434,638.5372741,629.6549936,637.550354,44017740,1.73%
2024/2/15,699.7263418,699.7263418,683.9356204,687.8833008,112945296,7.89%
2024/2/16,687.8832872,689.8571273,674.0664063,674.0664063,44232811,-2.01%
2024/2/19,665.1841555,673.0795164,665.1841555,669.1318359,34408673,-0.73%
2024/2/20,666.1710581,679.0010192,666.1710581,678.0140991,30166461,1.33%
2024/2/21,669.13183,674.0664305,669.13183,672.0925903,30564485,-0.87%
2024/2/22,685.9094296,685.9094296,676.0402291,682.9486694,33145643,1.62%
2024/2/23,691.8309811,693.8048213,686.8963807,687.8833008,46448923,0.72%
2024/2/26,690.8440183,690.8440183,685.9094181,688.8701782,28798079,0.14%
2024/2/27,690.8440183,691.8309383,681.961738,688.8701782,33006829,0.00%
2024/2/29,681.9617736,688.8702141,679.0010134,680.9748535,54368302,-1.15%
2024/3/1,687.8832754,687.8832754,679.000995,679.987915,23390635,-0.14%
2024/3/4,704.6609685,715.5170898,701.7002081,715.5170898,88861397,5.22%
2024/3/5,725.3861991,728.3469591,718.4777591,720.4515991,64403889,0.69%
2024/3/6,708.6085898,728.3469906,707.6216697,725.3862305,43687122,0.68%
2024/3/7,745.1246647,758.9415459,744.1377446,750.0592651,71817344,3.40%
2024/3/8,784.6014825,785.5884026,761.9023201,773.7453613,87139744,3.16%
2024/3/11,757.9546753,767.8238768,751.0462342,755.980835,64759810,-2.30%
2024/3/12,747.0985057,760.9153869,744.1377454,759.9284668,58110339,0.52%
2024/3/13,774.7322504,774.7322504,766.8368899,768.81073,36754557,1.17%
2024/3/14,768.8107608,774.7322814,759.9284799,773.7453613,42010806,0.64%
2024/3/15,760.9153168,766.8368367,743.1507568,743.1507568,73316437,-3.95%
2024/3/18,747.612486,758.5192995,747.612486,757.527771,43589856,1.93%
2024/3/19,751.5785639,758.5192631,748.6039786,755.5446777,30152375,-0.26%
2024/3/20,757.5277228,762.485365,745.6293816,751.5785522,41280325,-0.52%
2024/3/21,766.451524,777.3583374,765.4599955,777.3583374,46026103,3.43%
2024/3/22,781.3244389,782.3159674,768.4345688,778.3498535,30660820,0.13%
2024/3/25,776.3667973,781.3244397,772.4006834,773.3922119,19877101,-0.64%
2024/3/26,781.3244148,785.2905286,769.4260735,775.3752441,40990702,0.26%
2024/3/27,778.3498668,778.3498668,772.4006958,772.4006958,18794479,-0.38%
2024/3/28,767.4430551,769.4261121,761.4938841,762.4854126,27190918,-1.28%
2024/3/29,762.4853872,770.4176149,761.4938587,769.4260864,9802000,0.91%
2024/4/1,776.3667989,776.3667989,762.4854002,763.4769287,21041261,-0.77%
2024/4/2,777.3583243,783.3074951,776.3667958,783.3074951,37974481,2.60%
2024/4/3,776.3667973,778.3498543,771.409155,773.3922119,30890544,-1.27%
2024/4/8,782.3159923,785.2905779,776.3668213,776.3668213,32202226,0.38%
2024/4/9,788.265145,813.0533571,785.2905595,812.0618286,56857731,4.60%
2024/4/10,808.0957031,812.061817,803.1380608,808.0957031,27480849,-0.49%
2024/4/11,804.1296489,813.0534058,804.1296489,813.0534058,25200651,0.61%
2024/4/12,816.027955,819.0025405,810.078784,811.0703125,31508936,-0.24%
2024/4/15,797.18894,805.1211683,796.1974115,799.1719971,38913470,-1.47%
2024/4/16,795.205862,796.1973905,778.3498774,781.3244629,49508969,-2.23%
2024/4/17,791.2397329,801.1550178,786.2820904,797.1889038,34472074,2.03%
2024/4/18,789.2566759,803.1380747,785.290562,797.1889038,43598591,0.00%
2024/4/19,762.4854035,763.476932,739.6802484,743.6463623,130968654,-6.72%
2024/4/22,733.7310544,750.5870381,733.7310544,735.7141113,46540798,-1.07%
2024/4/23,754.5531873,754.5531873,745.6294308,747.6124878,30423647,1.62%
2024/4/24,763.4769507,778.3498783,762.4854222,776.3668213,39457128,3.85%
2024/4/25,763.4769171,767.4430309,758.5192748,759.5108032,28534926,-2.17%
2024/4/26,781.3244148,782.3159433,775.3752441,775.3752441,32571247,2.09%
2024/4/29,783.3074943,788.2651367,780.3329089,788.2651367,26765837,1.66%
2024/4/30,790.2481944,795.2058368,783.3074951,783.3074951,39051972,-0.63%
2024/5/2,782.3159445,782.3159445,765.4599609,765.4599609,40527228,-2.28%
2024/5/3,781.3244397,781.3244397,766.4515126,773.3922119,29901556,1.04%
2024/5/6,784.2990119,786.2820688,779.3413696,779.3413696,32599878,0.77%
2024/5/7,790.2481929,793.2227783,785.2905505,793.2227783,33890214,1.78%
2024/5/8,787.2736434,795.2058716,785.2905864,795.2058716,21757193,0.25%
2024/5/9,791.2397097,795.2058236,789.2566528,789.2566528,21923999,-0.75%
2024/5/10,796.1974001,800.1635142,791.2397575,795.2058716,25101318,0.75%
2024/5/13,816.0279426,818.0109995,811.0703001,812.0618286,34812619,2.12%
2024/5/14,809.0872905,818.0110474,804.1296478,818.0110474,28691846,0.73%
2024/5/15,830.9009275,836.8500988,829.9093989,831.8924561,39467772,1.70%
2024/5/16,844.782302,848.7484161,829.9093742,833.8754883,43927195,0.24%
2024/5/17,840.8162016,840.8162016,826.934802,827.9263306,26207289,-0.71%
2024/5/20,826.934802,830.9009162,815.0364596,827.9263306,28808661,0.00%
2024/5/21,822.9686745,833.8754883,822.9686745,833.8754883,19705349,0.72%
2024/5/22,837.841562,857.6721315,835.858505,856.680603,36628342,2.73%
2024/5/23,867.5874023,869.5704593,859.6551747,867.5874023,37266618,1.27%
2024/5/24,850.7313955,864.6127935,850.7313955,859.6551514,34136382,-0.91%
2024/5/27,864.6128301,870.5620009,858.6636592,861.6382446,26726954,0.23%
2024/5/28,859.6551761,865.6043468,857.6721191,857.6721191,25329216,-0.46%
2024/5/29,853.7059819,860.6466809,848.7483397,849.7398682,33436835,-0.92%
2024/5/30,833.8754644,840.8161639,830.9008789,830.9008789,38065102,-2.22%
2024/5/31,830.9009069,838.8331351,814.0449219,814.0449219,77438401,-2.03%
2024/6/3,831.8924302,845.7738295,829.9093732,838.8331299,28345488,3.05%
2024/6/4,836.8500988,843.7907987,829.9093989,831.8924561,28223635,-0.83%
2024/6/5,833.8754496,849.7399053,827.9262788,846.7653198,31975446,1.79%
2024/6/6,885.4349242,891.384095,877.5026964,886.4264526,62925136,4.68%
2024/6/7,877.5026987,880.4772841,871.5535278,871.5535278,41075399,-1.68%
2024/6/11,884.4434097,887.4179952,875.5196533,875.5196533,48228488,0.46%
2024/6/12,880.4772796,906.2570198,880.4772796,901.2993774,48106925,2.94%
2024/6/13,918.7180155,930.662345,906.7736859,914.7365723,55857091,1.49%
2024/6/14,911.7504915,917.7226563,900.8015227,917.7226563,38408123,0.33%
2024/6/17,908.7644085,920.7087381,908.7644085,916.7272949,26292426,-0.11%
2024/6/18,939.620605,945.5927698,935.6391617,938.6252441,37876013,2.39%
2024/6/19,948.5788121,979.4349959,948.5788121,976.4489136,72228052,4.03%
2024/6/20,966.4953059,976.4489136,966.4953059,976.4489136,48225374,0.00%
2024/6/21,956.5416921,973.4628251,955.5463313,965.499939,88376132,-1.12%
2024/6/24,953.5556547,955.5463763,935.6391602,935.6391602,66391994,-3.09%
2024/6/25,920.7087506,940.6159668,918.7180289,940.6159668,57368432,0.53%
2024/6/26,946.5881393,955.5463867,946.5881393,955.5463867,44967166,1.59%
2024/6/27,946.5881393,956.5417475,944.5974177,955.5463867,39729446,0.00%
2024/6/28,951.5649465,966.4953588,950.5695856,961.5185547,39138210,0.63%
2024/7/1,963.5092163,972.4674632,960.523134,963.5092163,19935737,0.21%
2024/7/2,962.5139125,966.4953557,954.5510259,955.5463867,25427569,-0.83%
2024/7/3,971.4721086,974.4581909,962.5138617,974.4581909,24070411,1.98%
2024/7/4,995.3607815,1005.314389,992.3746992,1000.337585,41893299,2.66%
2024/7/5,1000.337585,1005.314389,995.3607815,1000.337585,19998094,0.00%
2024/7/8,1000.337542,1045.128775,995.3607384,1030.198364,40146763,2.99%
2024/7/9,1025.221563,1050.105582,1020.24476,1035.175171,46373121,0.48%
2024/7/10,1015.267959,1045.128781,1010.291155,1040.151978,46206302,0.48%
2024/7/11,1060.059213,1074.989624,1050.105605,1074.989624,41724336,3.35%
2024/7/12,1025.221563,1040.151975,1020.24476,1035.175171,68983062,-3.70%
2024/7/15,1035.175171,1040.151975,1020.24476,1035.175171,38393309,0.00%
2024/7/16,1035.17518,1065.036002,1030.198376,1050.105591,32125609,1.44%
2024/7/17,1030.198361,1040.151969,1015.26795,1025.221558,54022399,-2.37%
2024/7/18,983.4164522,1000.337585,981.4257306,1000.337585,81990095,-2.43%
2024/7/19,983.4164327,990.383958,965.499939,965.499939,92507621,-3.48%
2024/7/22,959.527819,960.5231798,933.648438,934.6437988,83062356,-3.20%
2024/7/23,958.5324186,974.4581909,951.5648933,974.4581909,47213266,4.26%
2024/7/26,910.7551317,925.6855437,910.7551317,919.7133789,82081735,-5.62%
2024/7/29,937.6298838,943.6020487,931.657719,939.6206055,40809258,2.16%
2024/7/30,925.6855521,944.5974074,921.7041088,935.6391602,41761392,-0.42%
2024/7/31,924.6901882,935.639157,923.6948274,929.6669922,39894991,-0.64%
2024/8/1,964.5046341,964.5046341,943.6020569,955.5463867,47382270,2.78%
2024/8/2,913.7412028,923.6948107,898.810791,898.810791,76144485,-5.94%
2024/8/5,848.0474049,853.0242089,809.2283336,811.2190552,144057989,-9.75%
2024/8/6,863.9731512,890.8478921,836.1030495,875.9174805,102930842,7.98%
2024/8/7,896.8200784,915.7319336,888.8571921,915.7319336,59158704,4.55%
2024/8/8,896.8200656,900.8015088,882.8850147,891.8432617,38236391,-2.61%
2024/8/9,922.6994666,929.6669922,917.7226625,929.6669922,49494621,4.24%
2024/8/12,937.6298818,943.6020466,926.6809129,935.6391602,38331663,0.64%
2024/8/13,940.6159647,940.6159647,932.6530782,936.6345215,25764381,0.11%
2024/8/14,946.5881332,950.5695765,940.6159683,943.6020508,36780856,0.74%
2024/8/15,940.6159658,945.5927698,936.6345225,938.6252441,19476402,-0.53%
2024/8/16,958.5324131,964.5045776,953.5556093,964.5045776,44062316,2.76%
2024/8/19,964.5045799,970.4767445,959.5277761,968.4860229,21348863,0.41%
2024/8/20,972.467466,972.467466,963.5092191,968.4860229,24039959,0.00%
2024/8/21,956.5417465,959.527829,951.5649424,953.5556641,29758188,-1.54%
2024/8/22,953.5556605,959.5278254,943.6020523,946.5881348,24349754,-0.73%
2024/8/23,939.620608,947.5834946,934.643804,944.5974121,27592153,-0.21%
2024/8/26,952.5602991,956.5417424,940.6159694,945.5927734,25057581,0.11%
2024/8/27,940.6159652,941.6113261,935.6391612,937.6298828,18693037,-0.84%
2024/8/28,940.6159764,959.527832,938.6252548,959.527832,31059233,2.34%
2024/8/29,937.6298833,942.6066874,932.6530793,938.6252441,43530708,-2.18%
2024/8/30,939.6206055,947.583492,936.634523,939.6206055,63834981,0.11%
2024/9/2,945.5927724,950.5695765,938.6252467,943.6020508,18646835,0.42%
2024/9/3,943.6020466,947.5834899,934.6437993,935.6391602,19547575,-0.84%
2024/9/4,889.8525363,900.8015049,883.8803716,884.8757324,79709021,-5.43%
2024/9/5,902.7922336,910.7551199,895.8247081,897.8154297,30512026,1.46%
2024/9/6,904.7829638,913.7412109,898.810799,913.7412109,24458336,1.77%
2024/9/9,887.8618202,895.8247065,886.8664594,894.8293457,35885268,-2.07%
2024/9/10,902.7922347,906.7736779,896.82007,899.8061523,33498628,0.56%
2024/9/11,901.7968723,901.7968723,895.8247076,896.8200684,18029342,-0.33%
2024/9/12,931.6577169,939.6206034,923.6948305,935.6391602,39454846,4.33%
2024/9/13,950.569576,950.569576,934.643803,942.6066895,25347586,0.74%
2024/9/16,947.5834935,947.5834935,938.6252462,942.6066895,13626239,0.00%
2024/9/18,940.6159647,943.6020471,928.671635,936.6345215,28424324,-0.63%
2024/9/19,935.6391703,955.5463867,931.6577271,955.5463867,32739630,2.02%
2024/9/20,976.4489091,977.4442698,966.4953014,968.4860229,60133709,1.35%
2024/9/23,966.4953037,972.4674683,966.4953037,972.4674683,14497067,0.41%
2024/9/24,971.4721131,982.4210815,966.4953092,982.4210815,26785975,1.02%
2024/9/25,995.3607815,1000.337585,993.37006,1000.337585,39405222,1.82%
2024/9/26,1005.314395,1010.291199,1000.337591,1010.291199,38321585,1.00%
2024/9/27,1015.267994,1020.244798,995.3607788,995.3607788,35783779,-1.48%
2024/9/30,973.4628799,985.4072097,952.5603027,952.5603027,61603217,-4.30%
2024/10/1,962.5138578,972.4674654,962.5138578,967.4906616,26760355,1.57%
2024/10/4,981.4257152,981.4257152,962.5138606,972.4674683,40934818,0.51%
2024/10/7,988.3932561,1005.314389,984.4118129,1000.337585,39667071,2.87%
2024/10/8,995.3607842,1005.314392,992.3747019,1005.314392,30845902,0.50%
2024/10/9,1025.221613,1030.198417,1015.268005,1015.268005,46975717,0.99%
2024/10/11,1020.244763,1045.128781,1015.267959,1040.151978,43058754,2.45%
2024/10/14,1040.151978,1050.105585,1030.19837,1040.151978,36858874,0.00%
2024/10/15,1045.128796,1070.012815,1045.128796,1065.036011,42850176,2.39%
2024/10/16,1035.175174,1065.035996,1030.19837,1040.151978,52652149,-2.34%
2024/10/17,1045.128775,1050.105579,1025.221561,1030.198364,54173771,-0.96%
2024/10/18,1089.920038,1094.896842,1070.012823,1079.966431,85011961,4.83%
2024/10/21,1084.943234,1089.920038,1074.989627,1079.966431,36491060,0.00%
2024/10/22,1060.05921,1070.012817,1055.082406,1070.012817,41197877,-0.92%
2024/10/23,1055.082397,1065.036005,1050.105594,1055.082397,31423466,-1.40%
2024/10/24,1065.036005,1070.012809,1050.105594,1055.082397,38236996,0.00%
2024/10/25,1060.059204,1065.036008,1055.0824,1060.059204,22009575,0.47%
2024/10/28,1070.012803,1074.989607,1045.128784,1045.128784,40142324,-1.41%
2024/10/29,1030.198367,1035.175171,1015.267956,1035.175171,45415773,-0.95%
2024/10/30,1035.175165,1050.105576,1025.221558,1025.221558,38201984,-0.96%
2024/11/1,991.379349,1025.221616,991.379349,1020.244812,54480255,-0.49%
2024/11/4,1025.221563,1040.151975,1020.24476,1035.175171,26747978,1.46%
2024/11/5,1025.221569,1050.105588,1025.221569,1045.128784,32385622,0.96%
2024/11/6,1045.12879,1074.989613,1035.175182,1055.082397,55349259,0.95%
2024/11/7,1045.128793,1070.012812,1045.128793,1060.059204,43975446,0.47%
2024/11/8,1079.966433,1084.943237,1074.98963,1084.943237,37099479,2.35%
2024/11/11,1074.989627,1084.943234,1065.036019,1079.966431,34690205,-0.46%
2024/11/12,1055.082392,1060.059195,1045.128784,1045.128784,51099848,-3.23%
2024/11/13,1040.151972,1045.128775,1030.198364,1030.198364,42331232,-1.43%
2024/11/14,1025.221561,1035.175168,1020.244757,1030.198364,44627940,0.00%
2024/11/15,1035.175168,1040.151972,1025.221561,1030.198364,34791611,0.00%
2024/11/18,1025.221616,1030.19842,1015.268008,1020.244812,31815076,-0.97%
2024/11/19,1025.221563,1040.151975,1020.24476,1035.175171,24349599,1.46%
2024/11/20,1020.244812,1020.244812,1020.244812,1020.244812,40203197,-1.44%
2024/11/21,1015.268,1020.244804,1005.314392,1005.314392,41429227,-1.46%
2024/11/22,1030.198367,1045.128778,1030.198367,1035.175171,25187973,2.97%
2024/11/25,1040.151969,1045.128772,1025.221558,1025.221558,49566674,-0.96%
2024/11/26,1010.291196,1015.268,1005.314392,1005.314392,27312402,-1.94%
2024/11/27,1005.314387,1015.267994,995.3607788,995.3607788,31276090,-0.99%
2024/11/28,1000.337585,1000.337585,987.3978953,1000.337585,33689956,0.50%
2024/11/29,990.3839727,1005.314384,989.3886119,991.3793335,40094983,-0.90%
2024/12/2,1015.267953,1035.175168,1010.291149,1030.198364,31168404,3.92%
2024/12/3,1055.082395,1060.059198,1050.105591,1050.105591,43414538,1.93%
2024/12/4,1060.059207,1065.036011,1050.105599,1065.036011,33466290,1.42%
2024/12/5,1065.036014,1074.989621,1065.036014,1070.012817,31425359,0.47%
2024/12/6,1070.012812,1074.989615,1055.0824,1060.059204,30765288,-0.93%
2024/12/9,1065.036014,1070.012817,1060.05921,1070.012817,22247131,0.94%
2024/12/10,1065.036008,1070.012812,1055.0824,1060.059204,28506584,-0.93%
2024/12/11,1040.151978,1055.082389,1040.151978,1040.151978,25264194,-1.88%
2024/12/12,1055.082397,1060.059201,1050.105594,1055.082397,22791260,1.44%
2024/12/13,1055.0824,1065.036008,1050.105597,1060.059204,20423659,0.47%
2024/12/16,1079.966431,1079.966431,1070.012823,1079.966431,39722392,1.88%
2024/12/17,1084.943229,1089.920033,1070.012817,1070.012817,37880707,-0.92%
2024/12/18,1070.012823,1084.943234,1065.036019,1079.966431,41863190,0.93%
2024/12/19,1060.059207,1065.036011,1050.105599,1065.036011,42702851,-1.38%
2024/12/20,1055.082383,1055.082383,1030.198364,1030.198364,52030520,-3.27%
2024/12/23,1060.059213,1074.989624,1055.082409,1074.989624,30728473,4.35%
2024/12/24,1089.920035,1089.920035,1074.989624,1074.989624,26461906,0.00%
2024/12/25,1084.943234,1084.943234,1074.989627,1079.966431,15481622,0.46%
2024/12/26,1079.966431,1084.943234,1079.966431,1079.966431,14374900,0.00%
2024/12/27,1074.98963,1089.920041,1074.98963,1084.943237,24948385,0.46%
2024/12/30,1084.943237,1089.920041,1079.966433,1084.943237,23954634,0.00%
2024/12/31,1074.989621,1079.966425,1070.012817,1070.012817,28397820,-1.38%
2025/1/2,1065.036008,1070.012812,1050.105597,1060.059204,43177098,-0.93%
2025/1/3,1074.989621,1079.966425,1070.012817,1070.012817,30415096,0.94%
2025/1/6,1094.896864,1119.780884,1089.92006,1119.780884,69289786,4.65%
2025/1/7,1144.664906,1154.618514,1124.75769,1124.75769,48758688,0.44%
2025/1/8,1104.850461,1124.757677,1099.873657,1099.873657,45211419,-2.21%
2025/1/9,1094.896851,1109.827262,1094.896851,1094.896851,27263215,-0.45%
2025/1/10,1094.896851,1104.850458,1094.896851,1094.896851,22021522,0.00%
2025/1/13,1104.850444,1109.827248,1065.036014,1070.012817,56690300,-2.27%
2025/1/14,1079.966433,1084.943237,1070.012826,1084.943237,28695247,1.40%
2025/1/15,1079.966419,1079.966419,1060.059204,1060.059204,35489482,-2.29%
2025/1/16,1089.920049,1109.827265,1084.943246,1099.873657,47542962,3.76%
2025/1/17,1119.780881,1119.780881,1089.920058,1114.804077,59214050,1.36%
2025/1/20,1119.780881,1129.734489,1114.804077,1114.804077,29834528,0.00%
2025/1/21,1109.827273,1119.780881,1104.850469,1114.804077,21904213,0.00%
2025/1/22,1134.711301,1144.664909,1129.734497,1129.734497,42960405,1.34%
2025/2/3,1060.059207,1070.012815,1055.082403,1065.036011,97946226,-5.73%
2025/2/4,1079.966436,1094.896848,1074.989632,1089.920044,53308108,2.34%
2025/2/5,1104.850464,1114.804072,1099.87366,1104.850464,40385340,1.37%
2025/2/6,1114.804074,1114.804074,1099.873663,1109.827271,29971252,0.45%
2025/2/7,1104.850472,1119.780884,1099.873668,1119.780884,27883220,0.90%
2025/2/10,1119.780873,1119.780873,1089.920049,1099.873657,28527108,-1.78%
2025/2/11,1104.850464,1109.827268,1094.896856,1104.850464,18898928,0.45%
2025/2/12,1104.850458,1109.827262,1094.896851,1094.896851,24172954,-0.90%
2025/2/13,1084.943237,1089.920041,1074.98963,1084.943237,33210403,-0.91%
2025/2/14,1060.059201,1065.036005,1055.082397,1055.082397,64486940,-2.75%
2025/2/17,1060.059215,1079.966431,1060.059215,1079.966431,35491271,2.36%
2025/2/18,1079.966439,1094.896851,1074.989635,1094.896851,21616188,1.38%
2025/2/19,1084.943237,1089.920041,1079.966433,1084.943237,26400293,-0.91%
2025/2/20,1074.989624,1079.966428,1065.036016,1074.989624,29643124,-0.92%
2025/2/21,1079.966436,1089.920044,1074.989632,1089.920044,28972910,1.39%
2025/2/24,1074.989621,1079.966425,1070.012817,1070.012817,30822970,-1.83%
2025/2/25,1050.105591,1055.082395,1045.128787,1050.105591,45158522,-1.86%
2025/2/26,1040.151986,1055.082397,1040.151986,1055.082397,36768449,0.47%
2025/2/27,1060.059189,1060.059189,1035.175171,1035.175171,55283596,-1.89%
2025/3/3,995.3607896,1015.268005,995.3607896,1015.268005,65621663,-1.92%
2025/3/4,991.3793357,1005.314387,991.3793357,995.3607788,64569262,-1.96%
2025/3/5,1015.268005,1025.221613,1010.291201,1015.268005,41994320,2.00%
2025/3/6,1015.267997,1020.244801,1000.337585,1000.337585,45187017,-1.47%
2025/3/7,1000.337585,1005.314389,995.3607815,1000.337585,40822280,0.00%
2025/3/10,1000.337582,1000.337582,987.3978915,993.3700562,46849886,-0.70%
2025/3/11,964.5045788,974.4581864,958.5324142,966.4953003,50204233,-2.71%
2025/3/12,975.4535567,990.3839683,971.4721136,983.4164429,34184887,1.75%
2025/3/13,995.3608221,1000.337626,960.5231934,960.5231934,37035693,-2.33%
2025/3/14,960.5231903,964.5046336,950.5695821,954.5510254,34333748,-0.62%
2025/3/17,972.4674643,980.4303504,963.5092174,965.499939,31491061,1.15%
2025/3/18,976,978,968,971,21575327,0.57%
2025/3/19,965,967,950,952,35245036,-1.96%
2025/3/20,978,985,971,985,28715956,3.47%
2025/3/21,985,987,970,972,39214916,-1.32%
2025/3/24,986,987,972,972,16121506,0.00%
2025/3/25,989,995,985,990,26167428,1.85%
2025/3/26,995,995,980,980,21735917,-1.01%
2025/3/27,961,964,958,958,34563256,-2.24%
2025/3/28,946,955,946,952,33101234,-0.63%
2025/3/31,920,924,910,910,51064611,-4.41%
2025/4/1,929,946,925,944,32197752,3.74%
2025/4/2,949,952,938,942,24849656,-0.21%
2025/4/7,848,848,848,848,23820773,-9.98%
2025/4/8,797,843,797,816,116648736,-3.77%
2025/4/9,809,826,780,785,107582838,-3.80%
2025/4/10,863,863,863,863,19416428,9.94%
2025/4/11,848,889,836,889,76103586,3.01%
2025/4/14,895,903,865,865,66326054,-2.70%
2025/4/15,874,879,865,877,30562095,1.39%
2025/4/16,867,869,852,855,42128082,-2.51%
2025/4/17,849,856,842,847,33684502,-0.94%
2025/4/18,853,858,850,850,20101219,0.35%
2025/4/21,844,847,832,835,18415705,-1.76%
2025/4/22,826,829,816,816,28888527,-2.28%
2025/4/23,853,873,848,873,37863656,6.99%
2025/4/24,886,886,859,864,32238198,-1.03%
2025/4/25,900,901,886,888,34640282,2.78%
2025/4/28,898,898,893,897,21830091,1.01%
2025/4/29,897,902,893,902,24362874,0.56%
2025/4/30,901,908,899,908,35405654,0.67%
2025/5/2,938,950,932,950,43873135,4.63%
2025/5/5,956,957,923,938,52770209,-1.26%
2025/5/6,916,930,916,920,37538894,-1.92%
2025/5/7,925,932,911,928,36907620,0.87%
2025/5/8,933,939,918,918,27985917,-1.08%
2025/5/9,938,949,934,949,36383573,3.38%
2025/5/12,954,962,952,957,23402547,0.84%
2025/5/13,990,990,969,969,38047856,1.25%
2025/5/14,990,999,988,999,40475123,3.10%
2025/5/15,1000,1000,993,993,24662270,-0.60%
2025/5/16,991,998,989,998,16878650,0.50%
2025/5/19,993,994,980,984,19906139,-1.40%
2025/5/20,991,994,978,978,20897857,-0.61%
2025/5/21,986,999,983,990,26248757,1.23%
2025/5/22,988,988,979,982,18747545,-0.81%
2025/5/23,993,993,975,984,22213030,0.20%
2025/5/26,975,984,975,976,19329052,-0.81%
2025/5/27,971,975,961,965,26355315,-1.13%
2025/5/28,984,985,967,967,26471533,0.21%
2025/5/29,986,986,967,967,48602590,0.00%
2025/6/2,958,961,946,946,33676511,-2.17%
2025/6/3,960,965,950,950,26020787,0.42%
