Date,Open,High,Low,Close,Volume,Outlier_Column
2020/1/30,294.6200381,294.6200381,286.0344849,286.0344849,125451049,Volume
2020/3/2,278.3527369,286.4864208,278.3527369,281.0639648,79912942,Volume
2020/3/9,277.9008998,280.1602567,276.0934143,276.0934143,87871277,Volume
2020/3/12,270.2190613,270.2190613,259.3741491,265.7003479,113527351,Volume
2020/3/13,248.5291895,265.7002972,246.2698333,262.0853271,149995148,Volume
2020/3/16,257.5666072,262.9890621,248.9810537,249.8847961,103873228,Volume
2020/3/17,239.4917451,249.8847831,239.4917451,242.2029724,121323651,Open
2020/3/17,239.4917451,249.8847831,239.4917451,242.2029724,121323651,Low
2020/3/17,239.4917451,249.8847831,239.4917451,242.2029724,121323651,Close
2020/3/17,239.4917451,249.8847831,239.4917451,242.2029724,121323651,Volume
2020/3/18,243.5586385,246.2698664,234.9730835,234.9730835,117437643,Open
2020/3/18,243.5586385,246.2698664,234.9730835,234.9730835,117437643,High
2020/3/18,243.5586385,246.2698664,234.9730835,234.9730835,117437643,Low
2020/3/18,243.5586385,246.2698664,234.9730835,234.9730835,117437643,Close
2020/3/18,243.5586385,246.2698664,234.9730835,234.9730835,117437643,Volume
2020/3/19,229.9542204,230.8667372,214.8976941,226.3041534,160811697,Open
2020/3/19,229.9542204,230.8667372,214.8976941,226.3041534,160811697,High
2020/3/19,229.9542204,230.8667372,214.8976941,226.3041534,160811697,Low
2020/3/19,229.9542204,230.8667372,214.8976941,226.3041534,160811697,Close
2020/3/19,229.9542204,230.8667372,214.8976941,226.3041534,160811697,Volume
2020/3/20,235.8855158,246.3794556,233.6042245,246.3794556,157664726,Open
2020/3/20,235.8855158,246.3794556,233.6042245,246.3794556,157664726,High
2020/3/20,235.8855158,246.3794556,233.6042245,246.3794556,157664726,Low
2020/3/20,235.8855158,246.3794556,233.6042245,246.3794556,157664726,Volume
2020/3/23,234.5168213,239.5356638,229.9542373,232.6917877,76466709,Open
2020/3/23,234.5168213,239.5356638,229.9542373,232.6917877,76466709,High
2020/3/23,234.5168213,239.5356638,229.9542373,232.6917877,76466709,Low
2020/3/23,234.5168213,239.5356638,229.9542373,232.6917877,76466709,Close
2020/3/23,234.5168213,239.5356638,229.9542373,232.6917877,76466709,Volume
2020/3/24,244.5544639,250.0295638,242.7294306,244.0982056,81952933,Open
2020/3/24,244.5544639,250.0295638,242.7294306,244.0982056,81952933,Low
2020/3/24,244.5544639,250.0295638,242.7294306,244.0982056,81952933,Close
2020/3/24,244.5544639,250.0295638,242.7294306,244.0982056,81952933,Volume
2020/3/25,252.3108773,255.5046858,250.0295854,252.7671356,79447199,Volume
2020/3/30,240.4481389,245.4669806,239.5356223,244.0982056,49159956,Open
2020/3/30,240.4481389,245.4669806,239.5356223,244.0982056,49159956,High
2020/3/30,240.4481389,245.4669806,239.5356223,244.0982056,49159956,Low
2020/3/30,240.4481389,245.4669806,239.5356223,244.0982056,49159956,Close
2020/4/17,276.9488207,281.5114043,274.2112706,279.6863708,116368201,Volume
2020/5/18,265.542369,267.8236609,264.6298523,264.6298523,84986065,Volume
2020/5/29,266.454895,266.9111534,264.6298615,266.454895,79774181,Volume
2020/7/24,358.7286148,363.3276996,351.3700791,355.0493469,86682734,Volume
2020/7/27,386.7830428,390.4623108,383.1037749,390.4623108,99333798,Volume
2020/7/28,426.7950195,429.0945617,394.1415213,400.1203308,166307746,Volume
2020/7/29,393.6816519,396.9010112,385.8632079,388.1627502,85663166,Volume
2020/8/3,386.7830054,390.0023645,381.7240124,382.6438293,76429571,Volume
2020/8/20,392.7618328,393.2217413,368.8465924,381.7240295,75097235,Volume
2020/8/31,401.9600192,404.2595616,392.3019409,392.3019409,81480538,Volume
2020/9/24,393.5301501,396.7671784,391.2179871,391.2179871,79806381,Volume
2020/11/16,434.6866822,448.0972288,433.7618169,447.6347961,81994937,Volume
2020/11/30,455.9586134,456.4210461,444.3977966,444.3977966,119895176,Volume
2021/1/14,545.5597703,554.8538039,545.5597703,550.2067871,75288477,Volume
2021/1/15,577.1595411,580.8771549,558.5714722,558.5714722,92010500,Volume
2021/1/20,588.312447,604.1123073,586.4536399,601.3240967,82066422,Volume
2021/1/21,594.8181533,631.0648845,594.8181533,625.4884644,89019137,Volume
2021/1/22,603.1827393,618.053192,603.1827393,603.1827393,125179403,Volume
2021/1/25,596.6770089,600.3946227,581.8065538,588.3123779,93050133,Volume
2021/1/26,587.3828204,594.818046,566.9359501,573.4417725,100153482,Volume
2021/1/28,557.6420687,565.0772963,555.7832618,558.5714722,96447533,Volume
2021/1/29,575.3007637,575.3007637,549.2774658,549.2774658,90745237,Volume
2021/2/2,584.5947852,592.9594164,578.0889609,587.3829956,78429188,Volume
2021/2/17,616.194519,620.8415365,613.4063085,616.194519,107614290,Volume
2021/2/26,567.8654002,574.3712231,563.2183838,563.2183838,111861175,Volume
2021/3/5,546.4892273,562.289086,542.7716136,558.5714722,79918467,Volume
2021/3/24,532.8625179,543.1278203,532.8625179,537.5285645,107253959,Volume
2021/5/12,529.1296944,532.8625317,483.4024368,522.597229,131741482,Volume
2022/1/4,609.9640888,620.3665771,609.0184081,620.3665771,79434666,Volume
2022/1/14,636.4431172,636.4431172,625.0949487,635.4974365,95200777,Volume
2022/2/25,567.4084998,575.9196273,567.4084998,571.1912231,89012516,Volume
2022/3/7,548.4948815,549.4405624,543.7664774,544.7121582,86496560,Volume
2022/3/8,530.5267907,539.0379157,530.5267907,532.4181519,79029914,Volume
2022/10/11,392.1013576,396.4260049,385.3741284,385.8546448,95793819,Volume
2022/10/25,365.1924466,367.5950285,356.5431519,356.5431519,76416687,Volume
2022/11/11,424.2959595,424.7764758,418.0492466,424.2959595,80016195,Volume
2022/11/15,446.8802538,468.0229755,443.9971554,461.2957458,113379796,Volume
2022/11/16,472.3476274,474.7502094,462.7372993,468.0229797,85726375,Volume
2023/1/13,490.0482087,491.9813377,482.3156926,483.2822571,77606949,Volume
2023/1/30,523.8780398,524.8446045,516.1455226,524.8446045,124428936,Volume
2023/5/26,551.9789884,551.9789884,547.1200184,550.0354004,95808471,Volume
2023/5/31,544.2045741,546.1481619,535.4584292,542.2609863,81176782,Volume
2024/1/19,616.8250306,618.7988707,605.9689101,617.8119507,161106401,Volume
2024/2/15,699.7263418,699.7263418,683.9356204,687.8833008,112945296,Volume
2024/3/4,704.6609685,715.5170898,701.7002081,715.5170898,88861397,Volume
2024/3/8,784.6014825,785.5884026,761.9023201,773.7453613,87139744,Volume
2024/4/19,762.4854035,763.476932,739.6802484,743.6463623,130968654,Volume
2024/5/16,844.782302,848.7484161,829.9093742,833.8754883,43927195,Open
2024/5/22,837.841562,857.6721315,835.858505,856.680603,36628342,High
2024/5/22,837.841562,857.6721315,835.858505,856.680603,36628342,Close
2024/5/23,867.5874023,869.5704593,859.6551747,867.5874023,37266618,Open
2024/5/23,867.5874023,869.5704593,859.6551747,867.5874023,37266618,High
2024/5/23,867.5874023,869.5704593,859.6551747,867.5874023,37266618,Low
2024/5/23,867.5874023,869.5704593,859.6551747,867.5874023,37266618,Close
2024/5/24,850.7313955,864.6127935,850.7313955,859.6551514,34136382,Open
2024/5/24,850.7313955,864.6127935,850.7313955,859.6551514,34136382,High
2024/5/24,850.7313955,864.6127935,850.7313955,859.6551514,34136382,Low
2024/5/24,850.7313955,864.6127935,850.7313955,859.6551514,34136382,Close
2024/5/27,864.6128301,870.5620009,858.6636592,861.6382446,26726954,Open
2024/5/27,864.6128301,870.5620009,858.6636592,861.6382446,26726954,High
2024/5/27,864.6128301,870.5620009,858.6636592,861.6382446,26726954,Low
2024/5/27,864.6128301,870.5620009,858.6636592,861.6382446,26726954,Close
2024/5/28,859.6551761,865.6043468,857.6721191,857.6721191,25329216,Open
2024/5/28,859.6551761,865.6043468,857.6721191,857.6721191,25329216,High
2024/5/28,859.6551761,865.6043468,857.6721191,857.6721191,25329216,Low
2024/5/28,859.6551761,865.6043468,857.6721191,857.6721191,25329216,Close
2024/5/29,853.7059819,860.6466809,848.7483397,849.7398682,33436835,Open
2024/5/29,853.7059819,860.6466809,848.7483397,849.7398682,33436835,High
2024/5/29,853.7059819,860.6466809,848.7483397,849.7398682,33436835,Low
2024/5/29,853.7059819,860.6466809,848.7483397,849.7398682,33436835,Close
2024/5/31,830.9009069,838.8331351,814.0449219,814.0449219,77438401,Volume
2024/6/5,833.8754496,849.7399053,827.9262788,846.7653198,31975446,High
2024/6/5,833.8754496,849.7399053,827.9262788,846.7653198,31975446,Close
2024/6/6,885.4349242,891.384095,877.5026964,886.4264526,62925136,Open
2024/6/6,885.4349242,891.384095,877.5026964,886.4264526,62925136,High
2024/6/6,885.4349242,891.384095,877.5026964,886.4264526,62925136,Low
2024/6/6,885.4349242,891.384095,877.5026964,886.4264526,62925136,Close
2024/6/7,877.5026987,880.4772841,871.5535278,871.5535278,41075399,Open
2024/6/7,877.5026987,880.4772841,871.5535278,871.5535278,41075399,High
2024/6/7,877.5026987,880.4772841,871.5535278,871.5535278,41075399,Low
2024/6/7,877.5026987,880.4772841,871.5535278,871.5535278,41075399,Close
2024/6/11,884.4434097,887.4179952,875.5196533,875.5196533,48228488,Open
2024/6/11,884.4434097,887.4179952,875.5196533,875.5196533,48228488,High
2024/6/11,884.4434097,887.4179952,875.5196533,875.5196533,48228488,Low
2024/6/11,884.4434097,887.4179952,875.5196533,875.5196533,48228488,Close
2024/6/12,880.4772796,906.2570198,880.4772796,901.2993774,48106925,Open
2024/6/12,880.4772796,906.2570198,880.4772796,901.2993774,48106925,High
2024/6/12,880.4772796,906.2570198,880.4772796,901.2993774,48106925,Low
2024/6/12,880.4772796,906.2570198,880.4772796,901.2993774,48106925,Close
2024/6/13,918.7180155,930.662345,906.7736859,914.7365723,55857091,Open
2024/6/13,918.7180155,930.662345,906.7736859,914.7365723,55857091,High
2024/6/13,918.7180155,930.662345,906.7736859,914.7365723,55857091,Low
2024/6/13,918.7180155,930.662345,906.7736859,914.7365723,55857091,Close
2024/6/14,911.7504915,917.7226563,900.8015227,917.7226563,38408123,Open
2024/6/14,911.7504915,917.7226563,900.8015227,917.7226563,38408123,High
2024/6/14,911.7504915,917.7226563,900.8015227,917.7226563,38408123,Low
2024/6/14,911.7504915,917.7226563,900.8015227,917.7226563,38408123,Close
2024/6/17,908.7644085,920.7087381,908.7644085,916.7272949,26292426,Open
2024/6/17,908.7644085,920.7087381,908.7644085,916.7272949,26292426,High
2024/6/17,908.7644085,920.7087381,908.7644085,916.7272949,26292426,Low
2024/6/17,908.7644085,920.7087381,908.7644085,916.7272949,26292426,Close
2024/6/18,939.620605,945.5927698,935.6391617,938.6252441,37876013,Open
2024/6/18,939.620605,945.5927698,935.6391617,938.6252441,37876013,High
2024/6/18,939.620605,945.5927698,935.6391617,938.6252441,37876013,Low
2024/6/18,939.620605,945.5927698,935.6391617,938.6252441,37876013,Close
2024/6/19,948.5788121,979.4349959,948.5788121,976.4489136,72228052,Open
2024/6/19,948.5788121,979.4349959,948.5788121,976.4489136,72228052,High
2024/6/19,948.5788121,979.4349959,948.5788121,976.4489136,72228052,Low
2024/6/19,948.5788121,979.4349959,948.5788121,976.4489136,72228052,Close
2024/6/20,966.4953059,976.4489136,966.4953059,976.4489136,48225374,Open
2024/6/20,966.4953059,976.4489136,966.4953059,976.4489136,48225374,High
2024/6/20,966.4953059,976.4489136,966.4953059,976.4489136,48225374,Low
2024/6/20,966.4953059,976.4489136,966.4953059,976.4489136,48225374,Close
2024/6/21,956.5416921,973.4628251,955.5463313,965.499939,88376132,Open
2024/6/21,956.5416921,973.4628251,955.5463313,965.499939,88376132,High
2024/6/21,956.5416921,973.4628251,955.5463313,965.499939,88376132,Low
2024/6/21,956.5416921,973.4628251,955.5463313,965.499939,88376132,Close
2024/6/21,956.5416921,973.4628251,955.5463313,965.499939,88376132,Volume
2024/6/24,953.5556547,955.5463763,935.6391602,935.6391602,66391994,Open
2024/6/24,953.5556547,955.5463763,935.6391602,935.6391602,66391994,High
2024/6/24,953.5556547,955.5463763,935.6391602,935.6391602,66391994,Low
2024/6/24,953.5556547,955.5463763,935.6391602,935.6391602,66391994,Close
2024/6/25,920.7087506,940.6159668,918.7180289,940.6159668,57368432,Open
2024/6/25,920.7087506,940.6159668,918.7180289,940.6159668,57368432,High
2024/6/25,920.7087506,940.6159668,918.7180289,940.6159668,57368432,Low
2024/6/25,920.7087506,940.6159668,918.7180289,940.6159668,57368432,Close
2024/6/26,946.5881393,955.5463867,946.5881393,955.5463867,44967166,Open
2024/6/26,946.5881393,955.5463867,946.5881393,955.5463867,44967166,High
2024/6/26,946.5881393,955.5463867,946.5881393,955.5463867,44967166,Low
2024/6/26,946.5881393,955.5463867,946.5881393,955.5463867,44967166,Close
2024/6/27,946.5881393,956.5417475,944.5974177,955.5463867,39729446,Open
2024/6/27,946.5881393,956.5417475,944.5974177,955.5463867,39729446,High
2024/6/27,946.5881393,956.5417475,944.5974177,955.5463867,39729446,Low
2024/6/27,946.5881393,956.5417475,944.5974177,955.5463867,39729446,Close
2024/6/28,951.5649465,966.4953588,950.5695856,961.5185547,39138210,Open
2024/6/28,951.5649465,966.4953588,950.5695856,961.5185547,39138210,High
2024/6/28,951.5649465,966.4953588,950.5695856,961.5185547,39138210,Low
2024/6/28,951.5649465,966.4953588,950.5695856,961.5185547,39138210,Close
2024/7/1,963.5092163,972.4674632,960.523134,963.5092163,19935737,Open
2024/7/1,963.5092163,972.4674632,960.523134,963.5092163,19935737,High
2024/7/1,963.5092163,972.4674632,960.523134,963.5092163,19935737,Low
2024/7/1,963.5092163,972.4674632,960.523134,963.5092163,19935737,Close
2024/7/2,962.5139125,966.4953557,954.5510259,955.5463867,25427569,Open
2024/7/2,962.5139125,966.4953557,954.5510259,955.5463867,25427569,High
2024/7/2,962.5139125,966.4953557,954.5510259,955.5463867,25427569,Low
2024/7/2,962.5139125,966.4953557,954.5510259,955.5463867,25427569,Close
2024/7/3,971.4721086,974.4581909,962.5138617,974.4581909,24070411,Open
2024/7/3,971.4721086,974.4581909,962.5138617,974.4581909,24070411,High
2024/7/3,971.4721086,974.4581909,962.5138617,974.4581909,24070411,Low
2024/7/3,971.4721086,974.4581909,962.5138617,974.4581909,24070411,Close
2024/7/4,995.3607815,1005.314389,992.3746992,1000.337585,41893299,Open
2024/7/4,995.3607815,1005.314389,992.3746992,1000.337585,41893299,High
2024/7/4,995.3607815,1005.314389,992.3746992,1000.337585,41893299,Low
2024/7/4,995.3607815,1005.314389,992.3746992,1000.337585,41893299,Close
2024/7/5,1000.337585,1005.314389,995.3607815,1000.337585,19998094,Open
2024/7/5,1000.337585,1005.314389,995.3607815,1000.337585,19998094,High
2024/7/5,1000.337585,1005.314389,995.3607815,1000.337585,19998094,Low
2024/7/5,1000.337585,1005.314389,995.3607815,1000.337585,19998094,Close
2024/7/8,1000.337542,1045.128775,995.3607384,1030.198364,40146763,Open
2024/7/8,1000.337542,1045.128775,995.3607384,1030.198364,40146763,High
2024/7/8,1000.337542,1045.128775,995.3607384,1030.198364,40146763,Low
2024/7/8,1000.337542,1045.128775,995.3607384,1030.198364,40146763,Close
2024/7/9,1025.221563,1050.105582,1020.24476,1035.175171,46373121,Open
2024/7/9,1025.221563,1050.105582,1020.24476,1035.175171,46373121,High
2024/7/9,1025.221563,1050.105582,1020.24476,1035.175171,46373121,Low
2024/7/9,1025.221563,1050.105582,1020.24476,1035.175171,46373121,Close
2024/7/10,1015.267959,1045.128781,1010.291155,1040.151978,46206302,Open
2024/7/10,1015.267959,1045.128781,1010.291155,1040.151978,46206302,High
2024/7/10,1015.267959,1045.128781,1010.291155,1040.151978,46206302,Low
2024/7/10,1015.267959,1045.128781,1010.291155,1040.151978,46206302,Close
2024/7/11,1060.059213,1074.989624,1050.105605,1074.989624,41724336,Open
2024/7/11,1060.059213,1074.989624,1050.105605,1074.989624,41724336,High
2024/7/11,1060.059213,1074.989624,1050.105605,1074.989624,41724336,Low
2024/7/11,1060.059213,1074.989624,1050.105605,1074.989624,41724336,Close
2024/7/12,1025.221563,1040.151975,1020.24476,1035.175171,68983062,Open
2024/7/12,1025.221563,1040.151975,1020.24476,1035.175171,68983062,High
2024/7/12,1025.221563,1040.151975,1020.24476,1035.175171,68983062,Low
2024/7/12,1025.221563,1040.151975,1020.24476,1035.175171,68983062,Close
2024/7/15,1035.175171,1040.151975,1020.24476,1035.175171,38393309,Open
2024/7/15,1035.175171,1040.151975,1020.24476,1035.175171,38393309,High
2024/7/15,1035.175171,1040.151975,1020.24476,1035.175171,38393309,Low
2024/7/15,1035.175171,1040.151975,1020.24476,1035.175171,38393309,Close
2024/7/16,1035.17518,1065.036002,1030.198376,1050.105591,32125609,Open
2024/7/16,1035.17518,1065.036002,1030.198376,1050.105591,32125609,High
2024/7/16,1035.17518,1065.036002,1030.198376,1050.105591,32125609,Low
2024/7/16,1035.17518,1065.036002,1030.198376,1050.105591,32125609,Close
2024/7/17,1030.198361,1040.151969,1015.26795,1025.221558,54022399,Open
2024/7/17,1030.198361,1040.151969,1015.26795,1025.221558,54022399,High
2024/7/17,1030.198361,1040.151969,1015.26795,1025.221558,54022399,Low
2024/7/17,1030.198361,1040.151969,1015.26795,1025.221558,54022399,Close
2024/7/18,983.4164522,1000.337585,981.4257306,1000.337585,81990095,Open
2024/7/18,983.4164522,1000.337585,981.4257306,1000.337585,81990095,High
2024/7/18,983.4164522,1000.337585,981.4257306,1000.337585,81990095,Low
2024/7/18,983.4164522,1000.337585,981.4257306,1000.337585,81990095,Close
2024/7/18,983.4164522,1000.337585,981.4257306,1000.337585,81990095,Volume
2024/7/19,983.4164327,990.383958,965.499939,965.499939,92507621,Open
2024/7/19,983.4164327,990.383958,965.499939,965.499939,92507621,High
2024/7/19,983.4164327,990.383958,965.499939,965.499939,92507621,Low
2024/7/19,983.4164327,990.383958,965.499939,965.499939,92507621,Close
2024/7/19,983.4164327,990.383958,965.499939,965.499939,92507621,Volume
2024/7/22,959.527819,960.5231798,933.648438,934.6437988,83062356,Open
2024/7/22,959.527819,960.5231798,933.648438,934.6437988,83062356,High
2024/7/22,959.527819,960.5231798,933.648438,934.6437988,83062356,Low
2024/7/22,959.527819,960.5231798,933.648438,934.6437988,83062356,Close
2024/7/22,959.527819,960.5231798,933.648438,934.6437988,83062356,Volume
2024/7/23,958.5324186,974.4581909,951.5648933,974.4581909,47213266,Open
2024/7/23,958.5324186,974.4581909,951.5648933,974.4581909,47213266,High
2024/7/23,958.5324186,974.4581909,951.5648933,974.4581909,47213266,Low
2024/7/23,958.5324186,974.4581909,951.5648933,974.4581909,47213266,Close
2024/7/26,910.7551317,925.6855437,910.7551317,919.7133789,82081735,Open
2024/7/26,910.7551317,925.6855437,910.7551317,919.7133789,82081735,High
2024/7/26,910.7551317,925.6855437,910.7551317,919.7133789,82081735,Low
2024/7/26,910.7551317,925.6855437,910.7551317,919.7133789,82081735,Close
2024/7/26,910.7551317,925.6855437,910.7551317,919.7133789,82081735,Volume
2024/7/29,937.6298838,943.6020487,931.657719,939.6206055,40809258,Open
2024/7/29,937.6298838,943.6020487,931.657719,939.6206055,40809258,High
2024/7/29,937.6298838,943.6020487,931.657719,939.6206055,40809258,Low
2024/7/29,937.6298838,943.6020487,931.657719,939.6206055,40809258,Close
2024/7/30,925.6855521,944.5974074,921.7041088,935.6391602,41761392,Open
2024/7/30,925.6855521,944.5974074,921.7041088,935.6391602,41761392,High
2024/7/30,925.6855521,944.5974074,921.7041088,935.6391602,41761392,Low
2024/7/30,925.6855521,944.5974074,921.7041088,935.6391602,41761392,Close
2024/7/31,924.6901882,935.639157,923.6948274,929.6669922,39894991,Open
2024/7/31,924.6901882,935.639157,923.6948274,929.6669922,39894991,High
2024/7/31,924.6901882,935.639157,923.6948274,929.6669922,39894991,Low
2024/7/31,924.6901882,935.639157,923.6948274,929.6669922,39894991,Close
2024/8/1,964.5046341,964.5046341,943.6020569,955.5463867,47382270,Open
2024/8/1,964.5046341,964.5046341,943.6020569,955.5463867,47382270,High
2024/8/1,964.5046341,964.5046341,943.6020569,955.5463867,47382270,Low
2024/8/1,964.5046341,964.5046341,943.6020569,955.5463867,47382270,Close
2024/8/2,913.7412028,923.6948107,898.810791,898.810791,76144485,Open
2024/8/2,913.7412028,923.6948107,898.810791,898.810791,76144485,High
2024/8/2,913.7412028,923.6948107,898.810791,898.810791,76144485,Low
2024/8/2,913.7412028,923.6948107,898.810791,898.810791,76144485,Close
2024/8/2,913.7412028,923.6948107,898.810791,898.810791,76144485,Volume
2024/8/5,848.0474049,853.0242089,809.2283336,811.2190552,144057989,Open
2024/8/5,848.0474049,853.0242089,809.2283336,811.2190552,144057989,High
2024/8/5,848.0474049,853.0242089,809.2283336,811.2190552,144057989,Volume
2024/8/6,863.9731512,890.8478921,836.1030495,875.9174805,102930842,Open
2024/8/6,863.9731512,890.8478921,836.1030495,875.9174805,102930842,High
2024/8/6,863.9731512,890.8478921,836.1030495,875.9174805,102930842,Close
2024/8/6,863.9731512,890.8478921,836.1030495,875.9174805,102930842,Volume
2024/8/7,896.8200784,915.7319336,888.8571921,915.7319336,59158704,Open
2024/8/7,896.8200784,915.7319336,888.8571921,915.7319336,59158704,High
2024/8/7,896.8200784,915.7319336,888.8571921,915.7319336,59158704,Low
2024/8/7,896.8200784,915.7319336,888.8571921,915.7319336,59158704,Close
2024/8/8,896.8200656,900.8015088,882.8850147,891.8432617,38236391,Open
2024/8/8,896.8200656,900.8015088,882.8850147,891.8432617,38236391,High
2024/8/8,896.8200656,900.8015088,882.8850147,891.8432617,38236391,Low
2024/8/8,896.8200656,900.8015088,882.8850147,891.8432617,38236391,Close
2024/8/9,922.6994666,929.6669922,917.7226625,929.6669922,49494621,Open
2024/8/9,922.6994666,929.6669922,917.7226625,929.6669922,49494621,High
2024/8/9,922.6994666,929.6669922,917.7226625,929.6669922,49494621,Low
2024/8/9,922.6994666,929.6669922,917.7226625,929.6669922,49494621,Close
2024/8/12,937.6298818,943.6020466,926.6809129,935.6391602,38331663,Open
2024/8/12,937.6298818,943.6020466,926.6809129,935.6391602,38331663,High
2024/8/12,937.6298818,943.6020466,926.6809129,935.6391602,38331663,Low
2024/8/12,937.6298818,943.6020466,926.6809129,935.6391602,38331663,Close
2024/8/13,940.6159647,940.6159647,932.6530782,936.6345215,25764381,Open
2024/8/13,940.6159647,940.6159647,932.6530782,936.6345215,25764381,High
2024/8/13,940.6159647,940.6159647,932.6530782,936.6345215,25764381,Low
2024/8/13,940.6159647,940.6159647,932.6530782,936.6345215,25764381,Close
2024/8/14,946.5881332,950.5695765,940.6159683,943.6020508,36780856,Open
2024/8/14,946.5881332,950.5695765,940.6159683,943.6020508,36780856,High
2024/8/14,946.5881332,950.5695765,940.6159683,943.6020508,36780856,Low
2024/8/14,946.5881332,950.5695765,940.6159683,943.6020508,36780856,Close
2024/8/15,940.6159658,945.5927698,936.6345225,938.6252441,19476402,Open
2024/8/15,940.6159658,945.5927698,936.6345225,938.6252441,19476402,High
2024/8/15,940.6159658,945.5927698,936.6345225,938.6252441,19476402,Low
2024/8/15,940.6159658,945.5927698,936.6345225,938.6252441,19476402,Close
2024/8/16,958.5324131,964.5045776,953.5556093,964.5045776,44062316,Open
2024/8/16,958.5324131,964.5045776,953.5556093,964.5045776,44062316,High
2024/8/16,958.5324131,964.5045776,953.5556093,964.5045776,44062316,Low
2024/8/16,958.5324131,964.5045776,953.5556093,964.5045776,44062316,Close
2024/8/19,964.5045799,970.4767445,959.5277761,968.4860229,21348863,Open
2024/8/19,964.5045799,970.4767445,959.5277761,968.4860229,21348863,High
2024/8/19,964.5045799,970.4767445,959.5277761,968.4860229,21348863,Low
2024/8/19,964.5045799,970.4767445,959.5277761,968.4860229,21348863,Close
2024/8/20,972.467466,972.467466,963.5092191,968.4860229,24039959,Open
2024/8/20,972.467466,972.467466,963.5092191,968.4860229,24039959,High
2024/8/20,972.467466,972.467466,963.5092191,968.4860229,24039959,Low
2024/8/20,972.467466,972.467466,963.5092191,968.4860229,24039959,Close
2024/8/21,956.5417465,959.527829,951.5649424,953.5556641,29758188,Open
2024/8/21,956.5417465,959.527829,951.5649424,953.5556641,29758188,High
2024/8/21,956.5417465,959.527829,951.5649424,953.5556641,29758188,Low
2024/8/21,956.5417465,959.527829,951.5649424,953.5556641,29758188,Close
2024/8/22,953.5556605,959.5278254,943.6020523,946.5881348,24349754,Open
2024/8/22,953.5556605,959.5278254,943.6020523,946.5881348,24349754,High
2024/8/22,953.5556605,959.5278254,943.6020523,946.5881348,24349754,Low
2024/8/22,953.5556605,959.5278254,943.6020523,946.5881348,24349754,Close
2024/8/23,939.620608,947.5834946,934.643804,944.5974121,27592153,Open
2024/8/23,939.620608,947.5834946,934.643804,944.5974121,27592153,High
2024/8/23,939.620608,947.5834946,934.643804,944.5974121,27592153,Low
2024/8/23,939.620608,947.5834946,934.643804,944.5974121,27592153,Close
2024/8/26,952.5602991,956.5417424,940.6159694,945.5927734,25057581,Open
2024/8/26,952.5602991,956.5417424,940.6159694,945.5927734,25057581,High
2024/8/26,952.5602991,956.5417424,940.6159694,945.5927734,25057581,Low
2024/8/26,952.5602991,956.5417424,940.6159694,945.5927734,25057581,Close
2024/8/27,940.6159652,941.6113261,935.6391612,937.6298828,18693037,Open
2024/8/27,940.6159652,941.6113261,935.6391612,937.6298828,18693037,High
2024/8/27,940.6159652,941.6113261,935.6391612,937.6298828,18693037,Low
2024/8/27,940.6159652,941.6113261,935.6391612,937.6298828,18693037,Close
2024/8/28,940.6159764,959.527832,938.6252548,959.527832,31059233,Open
2024/8/28,940.6159764,959.527832,938.6252548,959.527832,31059233,High
2024/8/28,940.6159764,959.527832,938.6252548,959.527832,31059233,Low
2024/8/28,940.6159764,959.527832,938.6252548,959.527832,31059233,Close
2024/8/29,937.6298833,942.6066874,932.6530793,938.6252441,43530708,Open
2024/8/29,937.6298833,942.6066874,932.6530793,938.6252441,43530708,High
2024/8/29,937.6298833,942.6066874,932.6530793,938.6252441,43530708,Low
2024/8/29,937.6298833,942.6066874,932.6530793,938.6252441,43530708,Close
2024/8/30,939.6206055,947.583492,936.634523,939.6206055,63834981,Open
2024/8/30,939.6206055,947.583492,936.634523,939.6206055,63834981,High
2024/8/30,939.6206055,947.583492,936.634523,939.6206055,63834981,Low
2024/8/30,939.6206055,947.583492,936.634523,939.6206055,63834981,Close
2024/9/2,945.5927724,950.5695765,938.6252467,943.6020508,18646835,Open
2024/9/2,945.5927724,950.5695765,938.6252467,943.6020508,18646835,High
2024/9/2,945.5927724,950.5695765,938.6252467,943.6020508,18646835,Low
2024/9/2,945.5927724,950.5695765,938.6252467,943.6020508,18646835,Close
2024/9/3,943.6020466,947.5834899,934.6437993,935.6391602,19547575,Open
2024/9/3,943.6020466,947.5834899,934.6437993,935.6391602,19547575,High
2024/9/3,943.6020466,947.5834899,934.6437993,935.6391602,19547575,Low
2024/9/3,943.6020466,947.5834899,934.6437993,935.6391602,19547575,Close
2024/9/4,889.8525363,900.8015049,883.8803716,884.8757324,79709021,Open
2024/9/4,889.8525363,900.8015049,883.8803716,884.8757324,79709021,High
2024/9/4,889.8525363,900.8015049,883.8803716,884.8757324,79709021,Low
2024/9/4,889.8525363,900.8015049,883.8803716,884.8757324,79709021,Close
2024/9/4,889.8525363,900.8015049,883.8803716,884.8757324,79709021,Volume
2024/9/5,902.7922336,910.7551199,895.8247081,897.8154297,30512026,Open
2024/9/5,902.7922336,910.7551199,895.8247081,897.8154297,30512026,High
2024/9/5,902.7922336,910.7551199,895.8247081,897.8154297,30512026,Low
2024/9/5,902.7922336,910.7551199,895.8247081,897.8154297,30512026,Close
2024/9/6,904.7829638,913.7412109,898.810799,913.7412109,24458336,Open
2024/9/6,904.7829638,913.7412109,898.810799,913.7412109,24458336,High
2024/9/6,904.7829638,913.7412109,898.810799,913.7412109,24458336,Low
2024/9/6,904.7829638,913.7412109,898.810799,913.7412109,24458336,Close
2024/9/9,887.8618202,895.8247065,886.8664594,894.8293457,35885268,Open
2024/9/9,887.8618202,895.8247065,886.8664594,894.8293457,35885268,High
2024/9/9,887.8618202,895.8247065,886.8664594,894.8293457,35885268,Low
2024/9/9,887.8618202,895.8247065,886.8664594,894.8293457,35885268,Close
2024/9/10,902.7922347,906.7736779,896.82007,899.8061523,33498628,Open
2024/9/10,902.7922347,906.7736779,896.82007,899.8061523,33498628,High
2024/9/10,902.7922347,906.7736779,896.82007,899.8061523,33498628,Low
2024/9/10,902.7922347,906.7736779,896.82007,899.8061523,33498628,Close
2024/9/11,901.7968723,901.7968723,895.8247076,896.8200684,18029342,Open
2024/9/11,901.7968723,901.7968723,895.8247076,896.8200684,18029342,High
2024/9/11,901.7968723,901.7968723,895.8247076,896.8200684,18029342,Low
2024/9/11,901.7968723,901.7968723,895.8247076,896.8200684,18029342,Close
2024/9/12,931.6577169,939.6206034,923.6948305,935.6391602,39454846,Open
2024/9/12,931.6577169,939.6206034,923.6948305,935.6391602,39454846,High
2024/9/12,931.6577169,939.6206034,923.6948305,935.6391602,39454846,Low
2024/9/12,931.6577169,939.6206034,923.6948305,935.6391602,39454846,Close
2024/9/13,950.569576,950.569576,934.643803,942.6066895,25347586,Open
2024/9/13,950.569576,950.569576,934.643803,942.6066895,25347586,High
2024/9/13,950.569576,950.569576,934.643803,942.6066895,25347586,Low
2024/9/13,950.569576,950.569576,934.643803,942.6066895,25347586,Close
2024/9/16,947.5834935,947.5834935,938.6252462,942.6066895,13626239,Open
2024/9/16,947.5834935,947.5834935,938.6252462,942.6066895,13626239,High
2024/9/16,947.5834935,947.5834935,938.6252462,942.6066895,13626239,Low
2024/9/16,947.5834935,947.5834935,938.6252462,942.6066895,13626239,Close
2024/9/18,940.6159647,943.6020471,928.671635,936.6345215,28424324,Open
2024/9/18,940.6159647,943.6020471,928.671635,936.6345215,28424324,High
2024/9/18,940.6159647,943.6020471,928.671635,936.6345215,28424324,Low
2024/9/18,940.6159647,943.6020471,928.671635,936.6345215,28424324,Close
2024/9/19,935.6391703,955.5463867,931.6577271,955.5463867,32739630,Open
2024/9/19,935.6391703,955.5463867,931.6577271,955.5463867,32739630,High
2024/9/19,935.6391703,955.5463867,931.6577271,955.5463867,32739630,Low
2024/9/19,935.6391703,955.5463867,931.6577271,955.5463867,32739630,Close
2024/9/20,976.4489091,977.4442698,966.4953014,968.4860229,60133709,Open
2024/9/20,976.4489091,977.4442698,966.4953014,968.4860229,60133709,High
2024/9/20,976.4489091,977.4442698,966.4953014,968.4860229,60133709,Low
2024/9/20,976.4489091,977.4442698,966.4953014,968.4860229,60133709,Close
2024/9/23,966.4953037,972.4674683,966.4953037,972.4674683,14497067,Open
2024/9/23,966.4953037,972.4674683,966.4953037,972.4674683,14497067,High
2024/9/23,966.4953037,972.4674683,966.4953037,972.4674683,14497067,Low
2024/9/23,966.4953037,972.4674683,966.4953037,972.4674683,14497067,Close
2024/9/24,971.4721131,982.4210815,966.4953092,982.4210815,26785975,Open
2024/9/24,971.4721131,982.4210815,966.4953092,982.4210815,26785975,High
2024/9/24,971.4721131,982.4210815,966.4953092,982.4210815,26785975,Low
2024/9/24,971.4721131,982.4210815,966.4953092,982.4210815,26785975,Close
2024/9/25,995.3607815,1000.337585,993.37006,1000.337585,39405222,Open
2024/9/25,995.3607815,1000.337585,993.37006,1000.337585,39405222,High
2024/9/25,995.3607815,1000.337585,993.37006,1000.337585,39405222,Low
2024/9/25,995.3607815,1000.337585,993.37006,1000.337585,39405222,Close
2024/9/26,1005.314395,1010.291199,1000.337591,1010.291199,38321585,Open
2024/9/26,1005.314395,1010.291199,1000.337591,1010.291199,38321585,High
2024/9/26,1005.314395,1010.291199,1000.337591,1010.291199,38321585,Low
2024/9/26,1005.314395,1010.291199,1000.337591,1010.291199,38321585,Close
2024/9/27,1015.267994,1020.244798,995.3607788,995.3607788,35783779,Open
2024/9/27,1015.267994,1020.244798,995.3607788,995.3607788,35783779,High
2024/9/27,1015.267994,1020.244798,995.3607788,995.3607788,35783779,Low
2024/9/27,1015.267994,1020.244798,995.3607788,995.3607788,35783779,Close
2024/9/30,973.4628799,985.4072097,952.5603027,952.5603027,61603217,Open
2024/9/30,973.4628799,985.4072097,952.5603027,952.5603027,61603217,High
2024/9/30,973.4628799,985.4072097,952.5603027,952.5603027,61603217,Low
2024/9/30,973.4628799,985.4072097,952.5603027,952.5603027,61603217,Close
2024/10/1,962.5138578,972.4674654,962.5138578,967.4906616,26760355,Open
2024/10/1,962.5138578,972.4674654,962.5138578,967.4906616,26760355,High
2024/10/1,962.5138578,972.4674654,962.5138578,967.4906616,26760355,Low
2024/10/1,962.5138578,972.4674654,962.5138578,967.4906616,26760355,Close
2024/10/4,981.4257152,981.4257152,962.5138606,972.4674683,40934818,Open
2024/10/4,981.4257152,981.4257152,962.5138606,972.4674683,40934818,High
2024/10/4,981.4257152,981.4257152,962.5138606,972.4674683,40934818,Low
2024/10/4,981.4257152,981.4257152,962.5138606,972.4674683,40934818,Close
2024/10/7,988.3932561,1005.314389,984.4118129,1000.337585,39667071,Open
2024/10/7,988.3932561,1005.314389,984.4118129,1000.337585,39667071,High
2024/10/7,988.3932561,1005.314389,984.4118129,1000.337585,39667071,Low
2024/10/7,988.3932561,1005.314389,984.4118129,1000.337585,39667071,Close
2024/10/8,995.3607842,1005.314392,992.3747019,1005.314392,30845902,Open
2024/10/8,995.3607842,1005.314392,992.3747019,1005.314392,30845902,High
2024/10/8,995.3607842,1005.314392,992.3747019,1005.314392,30845902,Low
2024/10/8,995.3607842,1005.314392,992.3747019,1005.314392,30845902,Close
2024/10/9,1025.221613,1030.198417,1015.268005,1015.268005,46975717,Open
2024/10/9,1025.221613,1030.198417,1015.268005,1015.268005,46975717,High
2024/10/9,1025.221613,1030.198417,1015.268005,1015.268005,46975717,Low
2024/10/9,1025.221613,1030.198417,1015.268005,1015.268005,46975717,Close
2024/10/11,1020.244763,1045.128781,1015.267959,1040.151978,43058754,Open
2024/10/11,1020.244763,1045.128781,1015.267959,1040.151978,43058754,High
2024/10/11,1020.244763,1045.128781,1015.267959,1040.151978,43058754,Low
2024/10/11,1020.244763,1045.128781,1015.267959,1040.151978,43058754,Close
2024/10/14,1040.151978,1050.105585,1030.19837,1040.151978,36858874,Open
2024/10/14,1040.151978,1050.105585,1030.19837,1040.151978,36858874,High
2024/10/14,1040.151978,1050.105585,1030.19837,1040.151978,36858874,Low
2024/10/14,1040.151978,1050.105585,1030.19837,1040.151978,36858874,Close
2024/10/15,1045.128796,1070.012815,1045.128796,1065.036011,42850176,Open
2024/10/15,1045.128796,1070.012815,1045.128796,1065.036011,42850176,High
2024/10/15,1045.128796,1070.012815,1045.128796,1065.036011,42850176,Low
2024/10/15,1045.128796,1070.012815,1045.128796,1065.036011,42850176,Close
2024/10/16,1035.175174,1065.035996,1030.19837,1040.151978,52652149,Open
2024/10/16,1035.175174,1065.035996,1030.19837,1040.151978,52652149,High
2024/10/16,1035.175174,1065.035996,1030.19837,1040.151978,52652149,Low
2024/10/16,1035.175174,1065.035996,1030.19837,1040.151978,52652149,Close
2024/10/17,1045.128775,1050.105579,1025.221561,1030.198364,54173771,Open
2024/10/17,1045.128775,1050.105579,1025.221561,1030.198364,54173771,High
2024/10/17,1045.128775,1050.105579,1025.221561,1030.198364,54173771,Low
2024/10/17,1045.128775,1050.105579,1025.221561,1030.198364,54173771,Close
2024/10/18,1089.920038,1094.896842,1070.012823,1079.966431,85011961,Open
2024/10/18,1089.920038,1094.896842,1070.012823,1079.966431,85011961,High
2024/10/18,1089.920038,1094.896842,1070.012823,1079.966431,85011961,Low
2024/10/18,1089.920038,1094.896842,1070.012823,1079.966431,85011961,Close
2024/10/18,1089.920038,1094.896842,1070.012823,1079.966431,85011961,Volume
2024/10/21,1084.943234,1089.920038,1074.989627,1079.966431,36491060,Open
2024/10/21,1084.943234,1089.920038,1074.989627,1079.966431,36491060,High
2024/10/21,1084.943234,1089.920038,1074.989627,1079.966431,36491060,Low
2024/10/21,1084.943234,1089.920038,1074.989627,1079.966431,36491060,Close
2024/10/22,1060.05921,1070.012817,1055.082406,1070.012817,41197877,Open
2024/10/22,1060.05921,1070.012817,1055.082406,1070.012817,41197877,High
2024/10/22,1060.05921,1070.012817,1055.082406,1070.012817,41197877,Low
2024/10/22,1060.05921,1070.012817,1055.082406,1070.012817,41197877,Close
2024/10/23,1055.082397,1065.036005,1050.105594,1055.082397,31423466,Open
2024/10/23,1055.082397,1065.036005,1050.105594,1055.082397,31423466,High
2024/10/23,1055.082397,1065.036005,1050.105594,1055.082397,31423466,Low
2024/10/23,1055.082397,1065.036005,1050.105594,1055.082397,31423466,Close
2024/10/24,1065.036005,1070.012809,1050.105594,1055.082397,38236996,Open
2024/10/24,1065.036005,1070.012809,1050.105594,1055.082397,38236996,High
2024/10/24,1065.036005,1070.012809,1050.105594,1055.082397,38236996,Low
2024/10/24,1065.036005,1070.012809,1050.105594,1055.082397,38236996,Close
2024/10/25,1060.059204,1065.036008,1055.0824,1060.059204,22009575,Open
2024/10/25,1060.059204,1065.036008,1055.0824,1060.059204,22009575,High
2024/10/25,1060.059204,1065.036008,1055.0824,1060.059204,22009575,Low
2024/10/25,1060.059204,1065.036008,1055.0824,1060.059204,22009575,Close
2024/10/28,1070.012803,1074.989607,1045.128784,1045.128784,40142324,Open
2024/10/28,1070.012803,1074.989607,1045.128784,1045.128784,40142324,High
2024/10/28,1070.012803,1074.989607,1045.128784,1045.128784,40142324,Low
2024/10/28,1070.012803,1074.989607,1045.128784,1045.128784,40142324,Close
2024/10/29,1030.198367,1035.175171,1015.267956,1035.175171,45415773,Open
2024/10/29,1030.198367,1035.175171,1015.267956,1035.175171,45415773,High
2024/10/29,1030.198367,1035.175171,1015.267956,1035.175171,45415773,Low
2024/10/29,1030.198367,1035.175171,1015.267956,1035.175171,45415773,Close
2024/10/30,1035.175165,1050.105576,1025.221558,1025.221558,38201984,Open
2024/10/30,1035.175165,1050.105576,1025.221558,1025.221558,38201984,High
2024/10/30,1035.175165,1050.105576,1025.221558,1025.221558,38201984,Low
2024/10/30,1035.175165,1050.105576,1025.221558,1025.221558,38201984,Close
2024/11/1,991.379349,1025.221616,991.379349,1020.244812,54480255,Open
2024/11/1,991.379349,1025.221616,991.379349,1020.244812,54480255,High
2024/11/1,991.379349,1025.221616,991.379349,1020.244812,54480255,Low
2024/11/1,991.379349,1025.221616,991.379349,1020.244812,54480255,Close
2024/11/4,1025.221563,1040.151975,1020.24476,1035.175171,26747978,Open
2024/11/4,1025.221563,1040.151975,1020.24476,1035.175171,26747978,High
2024/11/4,1025.221563,1040.151975,1020.24476,1035.175171,26747978,Low
2024/11/4,1025.221563,1040.151975,1020.24476,1035.175171,26747978,Close
2024/11/5,1025.221569,1050.105588,1025.221569,1045.128784,32385622,Open
2024/11/5,1025.221569,1050.105588,1025.221569,1045.128784,32385622,High
2024/11/5,1025.221569,1050.105588,1025.221569,1045.128784,32385622,Low
2024/11/5,1025.221569,1050.105588,1025.221569,1045.128784,32385622,Close
2024/11/6,1045.12879,1074.989613,1035.175182,1055.082397,55349259,Open
2024/11/6,1045.12879,1074.989613,1035.175182,1055.082397,55349259,High
2024/11/6,1045.12879,1074.989613,1035.175182,1055.082397,55349259,Low
2024/11/6,1045.12879,1074.989613,1035.175182,1055.082397,55349259,Close
2024/11/7,1045.128793,1070.012812,1045.128793,1060.059204,43975446,Open
2024/11/7,1045.128793,1070.012812,1045.128793,1060.059204,43975446,High
2024/11/7,1045.128793,1070.012812,1045.128793,1060.059204,43975446,Low
2024/11/7,1045.128793,1070.012812,1045.128793,1060.059204,43975446,Close
2024/11/8,1079.966433,1084.943237,1074.98963,1084.943237,37099479,Open
2024/11/8,1079.966433,1084.943237,1074.98963,1084.943237,37099479,High
2024/11/8,1079.966433,1084.943237,1074.98963,1084.943237,37099479,Low
2024/11/8,1079.966433,1084.943237,1074.98963,1084.943237,37099479,Close
2024/11/11,1074.989627,1084.943234,1065.036019,1079.966431,34690205,Open
2024/11/11,1074.989627,1084.943234,1065.036019,1079.966431,34690205,High
2024/11/11,1074.989627,1084.943234,1065.036019,1079.966431,34690205,Low
2024/11/11,1074.989627,1084.943234,1065.036019,1079.966431,34690205,Close
2024/11/12,1055.082392,1060.059195,1045.128784,1045.128784,51099848,Open
2024/11/12,1055.082392,1060.059195,1045.128784,1045.128784,51099848,High
2024/11/12,1055.082392,1060.059195,1045.128784,1045.128784,51099848,Low
2024/11/12,1055.082392,1060.059195,1045.128784,1045.128784,51099848,Close
2024/11/13,1040.151972,1045.128775,1030.198364,1030.198364,42331232,Open
2024/11/13,1040.151972,1045.128775,1030.198364,1030.198364,42331232,High
2024/11/13,1040.151972,1045.128775,1030.198364,1030.198364,42331232,Low
2024/11/13,1040.151972,1045.128775,1030.198364,1030.198364,42331232,Close
2024/11/14,1025.221561,1035.175168,1020.244757,1030.198364,44627940,Open
2024/11/14,1025.221561,1035.175168,1020.244757,1030.198364,44627940,High
2024/11/14,1025.221561,1035.175168,1020.244757,1030.198364,44627940,Low
2024/11/14,1025.221561,1035.175168,1020.244757,1030.198364,44627940,Close
2024/11/15,1035.175168,1040.151972,1025.221561,1030.198364,34791611,Open
2024/11/15,1035.175168,1040.151972,1025.221561,1030.198364,34791611,High
2024/11/15,1035.175168,1040.151972,1025.221561,1030.198364,34791611,Low
2024/11/15,1035.175168,1040.151972,1025.221561,1030.198364,34791611,Close
2024/11/18,1025.221616,1030.19842,1015.268008,1020.244812,31815076,Open
2024/11/18,1025.221616,1030.19842,1015.268008,1020.244812,31815076,High
2024/11/18,1025.221616,1030.19842,1015.268008,1020.244812,31815076,Low
2024/11/18,1025.221616,1030.19842,1015.268008,1020.244812,31815076,Close
2024/11/19,1025.221563,1040.151975,1020.24476,1035.175171,24349599,Open
2024/11/19,1025.221563,1040.151975,1020.24476,1035.175171,24349599,High
2024/11/19,1025.221563,1040.151975,1020.24476,1035.175171,24349599,Low
2024/11/19,1025.221563,1040.151975,1020.24476,1035.175171,24349599,Close
2024/11/20,1020.244812,1020.244812,1020.244812,1020.244812,40203197,Open
2024/11/20,1020.244812,1020.244812,1020.244812,1020.244812,40203197,High
2024/11/20,1020.244812,1020.244812,1020.244812,1020.244812,40203197,Low
2024/11/20,1020.244812,1020.244812,1020.244812,1020.244812,40203197,Close
2024/11/21,1015.268,1020.244804,1005.314392,1005.314392,41429227,Open
2024/11/21,1015.268,1020.244804,1005.314392,1005.314392,41429227,High
2024/11/21,1015.268,1020.244804,1005.314392,1005.314392,41429227,Low
2024/11/21,1015.268,1020.244804,1005.314392,1005.314392,41429227,Close
2024/11/22,1030.198367,1045.128778,1030.198367,1035.175171,25187973,Open
2024/11/22,1030.198367,1045.128778,1030.198367,1035.175171,25187973,High
2024/11/22,1030.198367,1045.128778,1030.198367,1035.175171,25187973,Low
2024/11/22,1030.198367,1045.128778,1030.198367,1035.175171,25187973,Close
2024/11/25,1040.151969,1045.128772,1025.221558,1025.221558,49566674,Open
2024/11/25,1040.151969,1045.128772,1025.221558,1025.221558,49566674,High
2024/11/25,1040.151969,1045.128772,1025.221558,1025.221558,49566674,Low
2024/11/25,1040.151969,1045.128772,1025.221558,1025.221558,49566674,Close
2024/11/26,1010.291196,1015.268,1005.314392,1005.314392,27312402,Open
2024/11/26,1010.291196,1015.268,1005.314392,1005.314392,27312402,High
2024/11/26,1010.291196,1015.268,1005.314392,1005.314392,27312402,Low
2024/11/26,1010.291196,1015.268,1005.314392,1005.314392,27312402,Close
2024/11/27,1005.314387,1015.267994,995.3607788,995.3607788,31276090,Open
2024/11/27,1005.314387,1015.267994,995.3607788,995.3607788,31276090,High
2024/11/27,1005.314387,1015.267994,995.3607788,995.3607788,31276090,Low
2024/11/27,1005.314387,1015.267994,995.3607788,995.3607788,31276090,Close
2024/11/28,1000.337585,1000.337585,987.3978953,1000.337585,33689956,Open
2024/11/28,1000.337585,1000.337585,987.3978953,1000.337585,33689956,High
2024/11/28,1000.337585,1000.337585,987.3978953,1000.337585,33689956,Low
2024/11/28,1000.337585,1000.337585,987.3978953,1000.337585,33689956,Close
2024/11/29,990.3839727,1005.314384,989.3886119,991.3793335,40094983,Open
2024/11/29,990.3839727,1005.314384,989.3886119,991.3793335,40094983,High
2024/11/29,990.3839727,1005.314384,989.3886119,991.3793335,40094983,Low
2024/11/29,990.3839727,1005.314384,989.3886119,991.3793335,40094983,Close
2024/12/2,1015.267953,1035.175168,1010.291149,1030.198364,31168404,Open
2024/12/2,1015.267953,1035.175168,1010.291149,1030.198364,31168404,High
2024/12/2,1015.267953,1035.175168,1010.291149,1030.198364,31168404,Low
2024/12/2,1015.267953,1035.175168,1010.291149,1030.198364,31168404,Close
2024/12/3,1055.082395,1060.059198,1050.105591,1050.105591,43414538,Open
2024/12/3,1055.082395,1060.059198,1050.105591,1050.105591,43414538,High
2024/12/3,1055.082395,1060.059198,1050.105591,1050.105591,43414538,Low
2024/12/3,1055.082395,1060.059198,1050.105591,1050.105591,43414538,Close
2024/12/4,1060.059207,1065.036011,1050.105599,1065.036011,33466290,Open
2024/12/4,1060.059207,1065.036011,1050.105599,1065.036011,33466290,High
2024/12/4,1060.059207,1065.036011,1050.105599,1065.036011,33466290,Low
2024/12/4,1060.059207,1065.036011,1050.105599,1065.036011,33466290,Close
2024/12/5,1065.036014,1074.989621,1065.036014,1070.012817,31425359,Open
2024/12/5,1065.036014,1074.989621,1065.036014,1070.012817,31425359,High
2024/12/5,1065.036014,1074.989621,1065.036014,1070.012817,31425359,Low
2024/12/5,1065.036014,1074.989621,1065.036014,1070.012817,31425359,Close
2024/12/6,1070.012812,1074.989615,1055.0824,1060.059204,30765288,Open
2024/12/6,1070.012812,1074.989615,1055.0824,1060.059204,30765288,High
2024/12/6,1070.012812,1074.989615,1055.0824,1060.059204,30765288,Low
2024/12/6,1070.012812,1074.989615,1055.0824,1060.059204,30765288,Close
2024/12/9,1065.036014,1070.012817,1060.05921,1070.012817,22247131,Open
2024/12/9,1065.036014,1070.012817,1060.05921,1070.012817,22247131,High
2024/12/9,1065.036014,1070.012817,1060.05921,1070.012817,22247131,Low
2024/12/9,1065.036014,1070.012817,1060.05921,1070.012817,22247131,Close
2024/12/10,1065.036008,1070.012812,1055.0824,1060.059204,28506584,Open
2024/12/10,1065.036008,1070.012812,1055.0824,1060.059204,28506584,High
2024/12/10,1065.036008,1070.012812,1055.0824,1060.059204,28506584,Low
2024/12/10,1065.036008,1070.012812,1055.0824,1060.059204,28506584,Close
2024/12/11,1040.151978,1055.082389,1040.151978,1040.151978,25264194,Open
2024/12/11,1040.151978,1055.082389,1040.151978,1040.151978,25264194,High
2024/12/11,1040.151978,1055.082389,1040.151978,1040.151978,25264194,Low
2024/12/11,1040.151978,1055.082389,1040.151978,1040.151978,25264194,Close
2024/12/12,1055.082397,1060.059201,1050.105594,1055.082397,22791260,Open
2024/12/12,1055.082397,1060.059201,1050.105594,1055.082397,22791260,High
2024/12/12,1055.082397,1060.059201,1050.105594,1055.082397,22791260,Low
2024/12/12,1055.082397,1060.059201,1050.105594,1055.082397,22791260,Close
2024/12/13,1055.0824,1065.036008,1050.105597,1060.059204,20423659,Open
2024/12/13,1055.0824,1065.036008,1050.105597,1060.059204,20423659,High
2024/12/13,1055.0824,1065.036008,1050.105597,1060.059204,20423659,Low
2024/12/13,1055.0824,1065.036008,1050.105597,1060.059204,20423659,Close
2024/12/16,1079.966431,1079.966431,1070.012823,1079.966431,39722392,Open
2024/12/16,1079.966431,1079.966431,1070.012823,1079.966431,39722392,High
2024/12/16,1079.966431,1079.966431,1070.012823,1079.966431,39722392,Low
2024/12/16,1079.966431,1079.966431,1070.012823,1079.966431,39722392,Close
2024/12/17,1084.943229,1089.920033,1070.012817,1070.012817,37880707,Open
2024/12/17,1084.943229,1089.920033,1070.012817,1070.012817,37880707,High
2024/12/17,1084.943229,1089.920033,1070.012817,1070.012817,37880707,Low
2024/12/17,1084.943229,1089.920033,1070.012817,1070.012817,37880707,Close
2024/12/18,1070.012823,1084.943234,1065.036019,1079.966431,41863190,Open
2024/12/18,1070.012823,1084.943234,1065.036019,1079.966431,41863190,High
2024/12/18,1070.012823,1084.943234,1065.036019,1079.966431,41863190,Low
2024/12/18,1070.012823,1084.943234,1065.036019,1079.966431,41863190,Close
2024/12/19,1060.059207,1065.036011,1050.105599,1065.036011,42702851,Open
2024/12/19,1060.059207,1065.036011,1050.105599,1065.036011,42702851,High
2024/12/19,1060.059207,1065.036011,1050.105599,1065.036011,42702851,Low
2024/12/19,1060.059207,1065.036011,1050.105599,1065.036011,42702851,Close
2024/12/20,1055.082383,1055.082383,1030.198364,1030.198364,52030520,Open
2024/12/20,1055.082383,1055.082383,1030.198364,1030.198364,52030520,High
2024/12/20,1055.082383,1055.082383,1030.198364,1030.198364,52030520,Low
2024/12/20,1055.082383,1055.082383,1030.198364,1030.198364,52030520,Close
2024/12/23,1060.059213,1074.989624,1055.082409,1074.989624,30728473,Open
2024/12/23,1060.059213,1074.989624,1055.082409,1074.989624,30728473,High
2024/12/23,1060.059213,1074.989624,1055.082409,1074.989624,30728473,Low
2024/12/23,1060.059213,1074.989624,1055.082409,1074.989624,30728473,Close
2024/12/24,1089.920035,1089.920035,1074.989624,1074.989624,26461906,Open
2024/12/24,1089.920035,1089.920035,1074.989624,1074.989624,26461906,High
2024/12/24,1089.920035,1089.920035,1074.989624,1074.989624,26461906,Low
2024/12/24,1089.920035,1089.920035,1074.989624,1074.989624,26461906,Close
2024/12/25,1084.943234,1084.943234,1074.989627,1079.966431,15481622,Open
2024/12/25,1084.943234,1084.943234,1074.989627,1079.966431,15481622,High
2024/12/25,1084.943234,1084.943234,1074.989627,1079.966431,15481622,Low
2024/12/25,1084.943234,1084.943234,1074.989627,1079.966431,15481622,Close
2024/12/26,1079.966431,1084.943234,1079.966431,1079.966431,14374900,Open
2024/12/26,1079.966431,1084.943234,1079.966431,1079.966431,14374900,High
2024/12/26,1079.966431,1084.943234,1079.966431,1079.966431,14374900,Low
2024/12/26,1079.966431,1084.943234,1079.966431,1079.966431,14374900,Close
2024/12/27,1074.98963,1089.920041,1074.98963,1084.943237,24948385,Open
2024/12/27,1074.98963,1089.920041,1074.98963,1084.943237,24948385,High
2024/12/27,1074.98963,1089.920041,1074.98963,1084.943237,24948385,Low
2024/12/27,1074.98963,1089.920041,1074.98963,1084.943237,24948385,Close
2024/12/30,1084.943237,1089.920041,1079.966433,1084.943237,23954634,Open
2024/12/30,1084.943237,1089.920041,1079.966433,1084.943237,23954634,High
2024/12/30,1084.943237,1089.920041,1079.966433,1084.943237,23954634,Low
2024/12/30,1084.943237,1089.920041,1079.966433,1084.943237,23954634,Close
2024/12/31,1074.989621,1079.966425,1070.012817,1070.012817,28397820,Open
2024/12/31,1074.989621,1079.966425,1070.012817,1070.012817,28397820,High
2024/12/31,1074.989621,1079.966425,1070.012817,1070.012817,28397820,Low
2024/12/31,1074.989621,1079.966425,1070.012817,1070.012817,28397820,Close
2025/1/2,1065.036008,1070.012812,1050.105597,1060.059204,43177098,Open
2025/1/2,1065.036008,1070.012812,1050.105597,1060.059204,43177098,High
2025/1/2,1065.036008,1070.012812,1050.105597,1060.059204,43177098,Low
2025/1/2,1065.036008,1070.012812,1050.105597,1060.059204,43177098,Close
2025/1/3,1074.989621,1079.966425,1070.012817,1070.012817,30415096,Open
2025/1/3,1074.989621,1079.966425,1070.012817,1070.012817,30415096,High
2025/1/3,1074.989621,1079.966425,1070.012817,1070.012817,30415096,Low
2025/1/3,1074.989621,1079.966425,1070.012817,1070.012817,30415096,Close
2025/1/6,1094.896864,1119.780884,1089.92006,1119.780884,69289786,Open
2025/1/6,1094.896864,1119.780884,1089.92006,1119.780884,69289786,High
2025/1/6,1094.896864,1119.780884,1089.92006,1119.780884,69289786,Low
2025/1/6,1094.896864,1119.780884,1089.92006,1119.780884,69289786,Close
2025/1/7,1144.664906,1154.618514,1124.75769,1124.75769,48758688,Open
2025/1/7,1144.664906,1154.618514,1124.75769,1124.75769,48758688,High
2025/1/7,1144.664906,1154.618514,1124.75769,1124.75769,48758688,Low
2025/1/7,1144.664906,1154.618514,1124.75769,1124.75769,48758688,Close
2025/1/8,1104.850461,1124.757677,1099.873657,1099.873657,45211419,Open
2025/1/8,1104.850461,1124.757677,1099.873657,1099.873657,45211419,High
2025/1/8,1104.850461,1124.757677,1099.873657,1099.873657,45211419,Low
2025/1/8,1104.850461,1124.757677,1099.873657,1099.873657,45211419,Close
2025/1/9,1094.896851,1109.827262,1094.896851,1094.896851,27263215,Open
2025/1/9,1094.896851,1109.827262,1094.896851,1094.896851,27263215,High
2025/1/9,1094.896851,1109.827262,1094.896851,1094.896851,27263215,Low
2025/1/9,1094.896851,1109.827262,1094.896851,1094.896851,27263215,Close
2025/1/10,1094.896851,1104.850458,1094.896851,1094.896851,22021522,Open
2025/1/10,1094.896851,1104.850458,1094.896851,1094.896851,22021522,High
2025/1/10,1094.896851,1104.850458,1094.896851,1094.896851,22021522,Low
2025/1/10,1094.896851,1104.850458,1094.896851,1094.896851,22021522,Close
2025/1/13,1104.850444,1109.827248,1065.036014,1070.012817,56690300,Open
2025/1/13,1104.850444,1109.827248,1065.036014,1070.012817,56690300,High
2025/1/13,1104.850444,1109.827248,1065.036014,1070.012817,56690300,Low
2025/1/13,1104.850444,1109.827248,1065.036014,1070.012817,56690300,Close
2025/1/14,1079.966433,1084.943237,1070.012826,1084.943237,28695247,Open
2025/1/14,1079.966433,1084.943237,1070.012826,1084.943237,28695247,High
2025/1/14,1079.966433,1084.943237,1070.012826,1084.943237,28695247,Low
2025/1/14,1079.966433,1084.943237,1070.012826,1084.943237,28695247,Close
2025/1/15,1079.966419,1079.966419,1060.059204,1060.059204,35489482,Open
2025/1/15,1079.966419,1079.966419,1060.059204,1060.059204,35489482,High
2025/1/15,1079.966419,1079.966419,1060.059204,1060.059204,35489482,Low
2025/1/15,1079.966419,1079.966419,1060.059204,1060.059204,35489482,Close
2025/1/16,1089.920049,1109.827265,1084.943246,1099.873657,47542962,Open
2025/1/16,1089.920049,1109.827265,1084.943246,1099.873657,47542962,High
2025/1/16,1089.920049,1109.827265,1084.943246,1099.873657,47542962,Low
2025/1/16,1089.920049,1109.827265,1084.943246,1099.873657,47542962,Close
2025/1/17,1119.780881,1119.780881,1089.920058,1114.804077,59214050,Open
2025/1/17,1119.780881,1119.780881,1089.920058,1114.804077,59214050,High
2025/1/17,1119.780881,1119.780881,1089.920058,1114.804077,59214050,Low
2025/1/17,1119.780881,1119.780881,1089.920058,1114.804077,59214050,Close
2025/1/20,1119.780881,1129.734489,1114.804077,1114.804077,29834528,Open
2025/1/20,1119.780881,1129.734489,1114.804077,1114.804077,29834528,High
2025/1/20,1119.780881,1129.734489,1114.804077,1114.804077,29834528,Low
2025/1/20,1119.780881,1129.734489,1114.804077,1114.804077,29834528,Close
2025/1/21,1109.827273,1119.780881,1104.850469,1114.804077,21904213,Open
2025/1/21,1109.827273,1119.780881,1104.850469,1114.804077,21904213,High
2025/1/21,1109.827273,1119.780881,1104.850469,1114.804077,21904213,Low
2025/1/21,1109.827273,1119.780881,1104.850469,1114.804077,21904213,Close
2025/1/22,1134.711301,1144.664909,1129.734497,1129.734497,42960405,Open
2025/1/22,1134.711301,1144.664909,1129.734497,1129.734497,42960405,High
2025/1/22,1134.711301,1144.664909,1129.734497,1129.734497,42960405,Low
2025/1/22,1134.711301,1144.664909,1129.734497,1129.734497,42960405,Close
2025/2/3,1060.059207,1070.012815,1055.082403,1065.036011,97946226,Open
2025/2/3,1060.059207,1070.012815,1055.082403,1065.036011,97946226,High
2025/2/3,1060.059207,1070.012815,1055.082403,1065.036011,97946226,Low
2025/2/3,1060.059207,1070.012815,1055.082403,1065.036011,97946226,Close
2025/2/3,1060.059207,1070.012815,1055.082403,1065.036011,97946226,Volume
2025/2/4,1079.966436,1094.896848,1074.989632,1089.920044,53308108,Open
2025/2/4,1079.966436,1094.896848,1074.989632,1089.920044,53308108,High
2025/2/4,1079.966436,1094.896848,1074.989632,1089.920044,53308108,Low
2025/2/4,1079.966436,1094.896848,1074.989632,1089.920044,53308108,Close
2025/2/5,1104.850464,1114.804072,1099.87366,1104.850464,40385340,Open
2025/2/5,1104.850464,1114.804072,1099.87366,1104.850464,40385340,High
2025/2/5,1104.850464,1114.804072,1099.87366,1104.850464,40385340,Low
2025/2/5,1104.850464,1114.804072,1099.87366,1104.850464,40385340,Close
2025/2/6,1114.804074,1114.804074,1099.873663,1109.827271,29971252,Open
2025/2/6,1114.804074,1114.804074,1099.873663,1109.827271,29971252,High
2025/2/6,1114.804074,1114.804074,1099.873663,1109.827271,29971252,Low
2025/2/6,1114.804074,1114.804074,1099.873663,1109.827271,29971252,Close
2025/2/7,1104.850472,1119.780884,1099.873668,1119.780884,27883220,Open
2025/2/7,1104.850472,1119.780884,1099.873668,1119.780884,27883220,High
2025/2/7,1104.850472,1119.780884,1099.873668,1119.780884,27883220,Low
2025/2/7,1104.850472,1119.780884,1099.873668,1119.780884,27883220,Close
2025/2/10,1119.780873,1119.780873,1089.920049,1099.873657,28527108,Open
2025/2/10,1119.780873,1119.780873,1089.920049,1099.873657,28527108,High
2025/2/10,1119.780873,1119.780873,1089.920049,1099.873657,28527108,Low
2025/2/10,1119.780873,1119.780873,1089.920049,1099.873657,28527108,Close
2025/2/11,1104.850464,1109.827268,1094.896856,1104.850464,18898928,Open
2025/2/11,1104.850464,1109.827268,1094.896856,1104.850464,18898928,High
2025/2/11,1104.850464,1109.827268,1094.896856,1104.850464,18898928,Low
2025/2/11,1104.850464,1109.827268,1094.896856,1104.850464,18898928,Close
2025/2/12,1104.850458,1109.827262,1094.896851,1094.896851,24172954,Open
2025/2/12,1104.850458,1109.827262,1094.896851,1094.896851,24172954,High
2025/2/12,1104.850458,1109.827262,1094.896851,1094.896851,24172954,Low
2025/2/12,1104.850458,1109.827262,1094.896851,1094.896851,24172954,Close
2025/2/13,1084.943237,1089.920041,1074.98963,1084.943237,33210403,Open
2025/2/13,1084.943237,1089.920041,1074.98963,1084.943237,33210403,High
2025/2/13,1084.943237,1089.920041,1074.98963,1084.943237,33210403,Low
2025/2/13,1084.943237,1089.920041,1074.98963,1084.943237,33210403,Close
2025/2/14,1060.059201,1065.036005,1055.082397,1055.082397,64486940,Open
2025/2/14,1060.059201,1065.036005,1055.082397,1055.082397,64486940,High
2025/2/14,1060.059201,1065.036005,1055.082397,1055.082397,64486940,Low
2025/2/14,1060.059201,1065.036005,1055.082397,1055.082397,64486940,Close
2025/2/17,1060.059215,1079.966431,1060.059215,1079.966431,35491271,Open
2025/2/17,1060.059215,1079.966431,1060.059215,1079.966431,35491271,High
2025/2/17,1060.059215,1079.966431,1060.059215,1079.966431,35491271,Low
2025/2/17,1060.059215,1079.966431,1060.059215,1079.966431,35491271,Close
2025/2/18,1079.966439,1094.896851,1074.989635,1094.896851,21616188,Open
2025/2/18,1079.966439,1094.896851,1074.989635,1094.896851,21616188,High
2025/2/18,1079.966439,1094.896851,1074.989635,1094.896851,21616188,Low
2025/2/18,1079.966439,1094.896851,1074.989635,1094.896851,21616188,Close
2025/2/19,1084.943237,1089.920041,1079.966433,1084.943237,26400293,Open
2025/2/19,1084.943237,1089.920041,1079.966433,1084.943237,26400293,High
2025/2/19,1084.943237,1089.920041,1079.966433,1084.943237,26400293,Low
2025/2/19,1084.943237,1089.920041,1079.966433,1084.943237,26400293,Close
2025/2/20,1074.989624,1079.966428,1065.036016,1074.989624,29643124,Open
2025/2/20,1074.989624,1079.966428,1065.036016,1074.989624,29643124,High
2025/2/20,1074.989624,1079.966428,1065.036016,1074.989624,29643124,Low
2025/2/20,1074.989624,1079.966428,1065.036016,1074.989624,29643124,Close
2025/2/21,1079.966436,1089.920044,1074.989632,1089.920044,28972910,Open
2025/2/21,1079.966436,1089.920044,1074.989632,1089.920044,28972910,High
2025/2/21,1079.966436,1089.920044,1074.989632,1089.920044,28972910,Low
2025/2/21,1079.966436,1089.920044,1074.989632,1089.920044,28972910,Close
2025/2/24,1074.989621,1079.966425,1070.012817,1070.012817,30822970,Open
2025/2/24,1074.989621,1079.966425,1070.012817,1070.012817,30822970,High
2025/2/24,1074.989621,1079.966425,1070.012817,1070.012817,30822970,Low
2025/2/24,1074.989621,1079.966425,1070.012817,1070.012817,30822970,Close
2025/2/25,1050.105591,1055.082395,1045.128787,1050.105591,45158522,Open
2025/2/25,1050.105591,1055.082395,1045.128787,1050.105591,45158522,High
2025/2/25,1050.105591,1055.082395,1045.128787,1050.105591,45158522,Low
2025/2/25,1050.105591,1055.082395,1045.128787,1050.105591,45158522,Close
2025/2/26,1040.151986,1055.082397,1040.151986,1055.082397,36768449,Open
2025/2/26,1040.151986,1055.082397,1040.151986,1055.082397,36768449,High
2025/2/26,1040.151986,1055.082397,1040.151986,1055.082397,36768449,Low
2025/2/26,1040.151986,1055.082397,1040.151986,1055.082397,36768449,Close
2025/2/27,1060.059189,1060.059189,1035.175171,1035.175171,55283596,Open
2025/2/27,1060.059189,1060.059189,1035.175171,1035.175171,55283596,High
2025/2/27,1060.059189,1060.059189,1035.175171,1035.175171,55283596,Low
2025/2/27,1060.059189,1060.059189,1035.175171,1035.175171,55283596,Close
2025/3/3,995.3607896,1015.268005,995.3607896,1015.268005,65621663,Open
2025/3/3,995.3607896,1015.268005,995.3607896,1015.268005,65621663,High
2025/3/3,995.3607896,1015.268005,995.3607896,1015.268005,65621663,Low
2025/3/3,995.3607896,1015.268005,995.3607896,1015.268005,65621663,Close
2025/3/4,991.3793357,1005.314387,991.3793357,995.3607788,64569262,Open
2025/3/4,991.3793357,1005.314387,991.3793357,995.3607788,64569262,High
2025/3/4,991.3793357,1005.314387,991.3793357,995.3607788,64569262,Low
2025/3/4,991.3793357,1005.314387,991.3793357,995.3607788,64569262,Close
2025/3/5,1015.268005,1025.221613,1010.291201,1015.268005,41994320,Open
2025/3/5,1015.268005,1025.221613,1010.291201,1015.268005,41994320,High
2025/3/5,1015.268005,1025.221613,1010.291201,1015.268005,41994320,Low
2025/3/5,1015.268005,1025.221613,1010.291201,1015.268005,41994320,Close
2025/3/6,1015.267997,1020.244801,1000.337585,1000.337585,45187017,Open
2025/3/6,1015.267997,1020.244801,1000.337585,1000.337585,45187017,High
2025/3/6,1015.267997,1020.244801,1000.337585,1000.337585,45187017,Low
2025/3/6,1015.267997,1020.244801,1000.337585,1000.337585,45187017,Close
2025/3/7,1000.337585,1005.314389,995.3607815,1000.337585,40822280,Open
2025/3/7,1000.337585,1005.314389,995.3607815,1000.337585,40822280,High
2025/3/7,1000.337585,1005.314389,995.3607815,1000.337585,40822280,Low
2025/3/7,1000.337585,1005.314389,995.3607815,1000.337585,40822280,Close
2025/3/10,1000.337582,1000.337582,987.3978915,993.3700562,46849886,Open
2025/3/10,1000.337582,1000.337582,987.3978915,993.3700562,46849886,High
2025/3/10,1000.337582,1000.337582,987.3978915,993.3700562,46849886,Low
2025/3/10,1000.337582,1000.337582,987.3978915,993.3700562,46849886,Close
2025/3/11,964.5045788,974.4581864,958.5324142,966.4953003,50204233,Open
2025/3/11,964.5045788,974.4581864,958.5324142,966.4953003,50204233,High
2025/3/11,964.5045788,974.4581864,958.5324142,966.4953003,50204233,Low
2025/3/11,964.5045788,974.4581864,958.5324142,966.4953003,50204233,Close
2025/3/12,975.4535567,990.3839683,971.4721136,983.4164429,34184887,Open
2025/3/12,975.4535567,990.3839683,971.4721136,983.4164429,34184887,High
2025/3/12,975.4535567,990.3839683,971.4721136,983.4164429,34184887,Low
2025/3/12,975.4535567,990.3839683,971.4721136,983.4164429,34184887,Close
2025/3/13,995.3608221,1000.337626,960.5231934,960.5231934,37035693,Open
2025/3/13,995.3608221,1000.337626,960.5231934,960.5231934,37035693,High
2025/3/13,995.3608221,1000.337626,960.5231934,960.5231934,37035693,Low
2025/3/13,995.3608221,1000.337626,960.5231934,960.5231934,37035693,Close
2025/3/14,960.5231903,964.5046336,950.5695821,954.5510254,34333748,Open
2025/3/14,960.5231903,964.5046336,950.5695821,954.5510254,34333748,High
2025/3/14,960.5231903,964.5046336,950.5695821,954.5510254,34333748,Low
2025/3/14,960.5231903,964.5046336,950.5695821,954.5510254,34333748,Close
2025/3/17,972.4674643,980.4303504,963.5092174,965.499939,31491061,Open
2025/3/17,972.4674643,980.4303504,963.5092174,965.499939,31491061,High
2025/3/17,972.4674643,980.4303504,963.5092174,965.499939,31491061,Low
2025/3/17,972.4674643,980.4303504,963.5092174,965.499939,31491061,Close
2025/3/18,976,978,968,971,21575327,Open
2025/3/18,976,978,968,971,21575327,High
2025/3/18,976,978,968,971,21575327,Low
2025/3/18,976,978,968,971,21575327,Close
2025/3/19,965,967,950,952,35245036,Open
2025/3/19,965,967,950,952,35245036,High
2025/3/19,965,967,950,952,35245036,Low
2025/3/19,965,967,950,952,35245036,Close
2025/3/20,978,985,971,985,28715956,Open
2025/3/20,978,985,971,985,28715956,High
2025/3/20,978,985,971,985,28715956,Low
2025/3/20,978,985,971,985,28715956,Close
2025/3/21,985,987,970,972,39214916,Open
2025/3/21,985,987,970,972,39214916,High
2025/3/21,985,987,970,972,39214916,Low
2025/3/21,985,987,970,972,39214916,Close
2025/3/24,986,987,972,972,16121506,Open
2025/3/24,986,987,972,972,16121506,High
2025/3/24,986,987,972,972,16121506,Low
2025/3/24,986,987,972,972,16121506,Close
2025/3/25,989,995,985,990,26167428,Open
2025/3/25,989,995,985,990,26167428,High
2025/3/25,989,995,985,990,26167428,Low
2025/3/25,989,995,985,990,26167428,Close
2025/3/26,995,995,980,980,21735917,Open
2025/3/26,995,995,980,980,21735917,High
2025/3/26,995,995,980,980,21735917,Low
2025/3/26,995,995,980,980,21735917,Close
2025/3/27,961,964,958,958,34563256,Open
2025/3/27,961,964,958,958,34563256,High
2025/3/27,961,964,958,958,34563256,Low
2025/3/27,961,964,958,958,34563256,Close
2025/3/28,946,955,946,952,33101234,Open
2025/3/28,946,955,946,952,33101234,High
2025/3/28,946,955,946,952,33101234,Low
2025/3/28,946,955,946,952,33101234,Close
2025/3/31,920,924,910,910,51064611,Open
2025/3/31,920,924,910,910,51064611,High
2025/3/31,920,924,910,910,51064611,Low
2025/3/31,920,924,910,910,51064611,Close
2025/4/1,929,946,925,944,32197752,Open
2025/4/1,929,946,925,944,32197752,High
2025/4/1,929,946,925,944,32197752,Low
2025/4/1,929,946,925,944,32197752,Close
2025/4/2,949,952,938,942,24849656,Open
2025/4/2,949,952,938,942,24849656,High
2025/4/2,949,952,938,942,24849656,Low
2025/4/2,949,952,938,942,24849656,Close
2025/4/7,848,848,848,848,23820773,Open
2025/4/7,848,848,848,848,23820773,Low
2025/4/7,848,848,848,848,23820773,Close
2025/4/8,797,843,797,816,116648736,Volume
2025/4/9,809,826,780,785,107582838,Volume
2025/4/10,863,863,863,863,19416428,Open
2025/4/10,863,863,863,863,19416428,High
2025/4/10,863,863,863,863,19416428,Low
2025/4/10,863,863,863,863,19416428,Close
2025/4/11,848,889,836,889,76103586,Open
2025/4/11,848,889,836,889,76103586,High
2025/4/11,848,889,836,889,76103586,Close
2025/4/11,848,889,836,889,76103586,Volume
2025/4/14,895,903,865,865,66326054,Open
2025/4/14,895,903,865,865,66326054,High
2025/4/14,895,903,865,865,66326054,Low
2025/4/14,895,903,865,865,66326054,Close
2025/4/15,874,879,865,877,30562095,Open
2025/4/15,874,879,865,877,30562095,High
2025/4/15,874,879,865,877,30562095,Low
2025/4/15,874,879,865,877,30562095,Close
2025/4/16,867,869,852,855,42128082,Open
2025/4/16,867,869,852,855,42128082,High
2025/4/16,867,869,852,855,42128082,Low
2025/4/16,867,869,852,855,42128082,Close
2025/4/17,849,856,842,847,33684502,Open
2025/4/17,849,856,842,847,33684502,High
2025/4/17,849,856,842,847,33684502,Low
2025/4/17,849,856,842,847,33684502,Close
2025/4/18,853,858,850,850,20101219,Open
2025/4/18,853,858,850,850,20101219,High
2025/4/18,853,858,850,850,20101219,Low
2025/4/18,853,858,850,850,20101219,Close
2025/4/23,853,873,848,873,37863656,Open
2025/4/23,853,873,848,873,37863656,High
2025/4/23,853,873,848,873,37863656,Low
2025/4/23,853,873,848,873,37863656,Close
2025/4/24,886,886,859,864,32238198,Open
2025/4/24,886,886,859,864,32238198,High
2025/4/24,886,886,859,864,32238198,Low
2025/4/24,886,886,859,864,32238198,Close
2025/4/25,900,901,886,888,34640282,Open
2025/4/25,900,901,886,888,34640282,High
2025/4/25,900,901,886,888,34640282,Low
2025/4/25,900,901,886,888,34640282,Close
2025/4/28,898,898,893,897,21830091,Open
2025/4/28,898,898,893,897,21830091,High
2025/4/28,898,898,893,897,21830091,Low
2025/4/28,898,898,893,897,21830091,Close
2025/4/29,897,902,893,902,24362874,Open
2025/4/29,897,902,893,902,24362874,High
2025/4/29,897,902,893,902,24362874,Low
2025/4/29,897,902,893,902,24362874,Close
2025/4/30,901,908,899,908,35405654,Open
2025/4/30,901,908,899,908,35405654,High
2025/4/30,901,908,899,908,35405654,Low
2025/4/30,901,908,899,908,35405654,Close
2025/5/2,938,950,932,950,43873135,Open
2025/5/2,938,950,932,950,43873135,High
2025/5/2,938,950,932,950,43873135,Low
2025/5/2,938,950,932,950,43873135,Close
2025/5/5,956,957,923,938,52770209,Open
2025/5/5,956,957,923,938,52770209,High
2025/5/5,956,957,923,938,52770209,Low
2025/5/5,956,957,923,938,52770209,Close
2025/5/6,916,930,916,920,37538894,Open
2025/5/6,916,930,916,920,37538894,High
2025/5/6,916,930,916,920,37538894,Low
2025/5/6,916,930,916,920,37538894,Close
2025/5/7,925,932,911,928,36907620,Open
2025/5/7,925,932,911,928,36907620,High
2025/5/7,925,932,911,928,36907620,Low
2025/5/7,925,932,911,928,36907620,Close
2025/5/8,933,939,918,918,27985917,Open
2025/5/8,933,939,918,918,27985917,High
2025/5/8,933,939,918,918,27985917,Low
2025/5/8,933,939,918,918,27985917,Close
2025/5/9,938,949,934,949,36383573,Open
2025/5/9,938,949,934,949,36383573,High
2025/5/9,938,949,934,949,36383573,Low
2025/5/9,938,949,934,949,36383573,Close
2025/5/12,954,962,952,957,23402547,Open
2025/5/12,954,962,952,957,23402547,High
2025/5/12,954,962,952,957,23402547,Low
2025/5/12,954,962,952,957,23402547,Close
2025/5/13,990,990,969,969,38047856,Open
2025/5/13,990,990,969,969,38047856,High
2025/5/13,990,990,969,969,38047856,Low
2025/5/13,990,990,969,969,38047856,Close
2025/5/14,990,999,988,999,40475123,Open
2025/5/14,990,999,988,999,40475123,High
2025/5/14,990,999,988,999,40475123,Low
2025/5/14,990,999,988,999,40475123,Close
2025/5/15,1000,1000,993,993,24662270,Open
2025/5/15,1000,1000,993,993,24662270,High
2025/5/15,1000,1000,993,993,24662270,Low
2025/5/15,1000,1000,993,993,24662270,Close
2025/5/16,991,998,989,998,16878650,Open
2025/5/16,991,998,989,998,16878650,High
2025/5/16,991,998,989,998,16878650,Low
2025/5/16,991,998,989,998,16878650,Close
2025/5/19,993,994,980,984,19906139,Open
2025/5/19,993,994,980,984,19906139,High
2025/5/19,993,994,980,984,19906139,Low
2025/5/19,993,994,980,984,19906139,Close
2025/5/20,991,994,978,978,20897857,Open
2025/5/20,991,994,978,978,20897857,High
2025/5/20,991,994,978,978,20897857,Low
2025/5/20,991,994,978,978,20897857,Close
2025/5/21,986,999,983,990,26248757,Open
2025/5/21,986,999,983,990,26248757,High
2025/5/21,986,999,983,990,26248757,Low
2025/5/21,986,999,983,990,26248757,Close
2025/5/22,988,988,979,982,18747545,Open
2025/5/22,988,988,979,982,18747545,High
2025/5/22,988,988,979,982,18747545,Low
2025/5/22,988,988,979,982,18747545,Close
2025/5/23,993,993,975,984,22213030,Open
2025/5/23,993,993,975,984,22213030,High
2025/5/23,993,993,975,984,22213030,Low
2025/5/23,993,993,975,984,22213030,Close
2025/5/26,975,984,975,976,19329052,Open
2025/5/26,975,984,975,976,19329052,High
2025/5/26,975,984,975,976,19329052,Low
2025/5/26,975,984,975,976,19329052,Close
2025/5/27,971,975,961,965,26355315,Open
2025/5/27,971,975,961,965,26355315,High
2025/5/27,971,975,961,965,26355315,Low
2025/5/27,971,975,961,965,26355315,Close
2025/5/28,984,985,967,967,26471533,Open
2025/5/28,984,985,967,967,26471533,High
2025/5/28,984,985,967,967,26471533,Low
2025/5/28,984,985,967,967,26471533,Close
2025/5/29,986,986,967,967,48602590,Open
2025/5/29,986,986,967,967,48602590,High
2025/5/29,986,986,967,967,48602590,Low
2025/5/29,986,986,967,967,48602590,Close
2025/6/2,958,961,946,946,33676511,Open
2025/6/2,958,961,946,946,33676511,High
2025/6/2,958,961,946,946,33676511,Low
2025/6/2,958,961,946,946,33676511,Close
2025/6/3,960,965,950,950,26020787,Open
2025/6/3,960,965,950,950,26020787,High
2025/6/3,960,965,950,950,26020787,Low
2025/6/3,960,965,950,950,26020787,Close
