Date,Open,High,Low,Close,Volume,Change
2020-01-02,300.7394738,306.6185913,300.7394738,306.6185913,31754120,2.42%
2020-01-03,311.1410205,312.0455002,303.452943,307.0708618,41811268,0.15%
2020-01-06,301.1917417,302.5484612,300.287262,300.287262,45343057,-2.21%
2020-01-07,300.7394703,301.1917101,295.3125927,298.0260315,50879181,-0.75%
2020-01-08,293.9558732,301.1917101,293.9558732,298.0260315,37567748,0.00%
2020-01-09,303.0007329,305.2619324,301.6440132,305.2619324,31481504,2.43%
2020-01-10,307.9753415,308.4275814,303.9051828,307.0708618,27032115,0.59%
2020-01-13,309.3320616,309.3320616,306.6186225,308.8798218,30663332,0.59%
2020-01-14,312.4977114,312.9499512,311.5932317,312.9499512,30223993,1.32%
2020-01-15,312.0454694,312.0454694,305.2618722,307.5230713,47434274,-1.73%
2020-01-16,298.4782731,304.3573906,298.4782731,302.5484314,55211420,-1.62%
2020-01-17,302.0961298,303.452849,300.287171,301.1916504,52060097,-0.45%
2020-01-20,302.0961298,303.452849,301.1916504,301.1916504,32658203,0.00%
2020-01-30,294.8603479,294.8603479,286.2677917,286.2677917,125451049,-4.95%
2020-01-31,292.1468489,292.5990886,288.5289312,289.4334106,62526055,1.11%
2020-02-03,284.9111328,286.2678525,282.1976935,284.9111328,59560849,-1.56%
2020-02-04,304.357387,304.8096268,293.9558716,293.9558716,51890496,3.17%
2020-02-05,297.5737909,298.0260307,293.5036327,296.2170715,36601453,0.77%
2020-02-06,298.0260931,300.7395325,297.5738532,300.7395325,29267094,1.53%
2020-02-07,298.4783321,298.930572,294.860413,296.6693726,28798327,-1.35%
2020-02-10,290.7901939,296.6693113,290.3379541,296.2170715,30632424,-0.15%
2020-02-11,298.9306031,300.7395629,298.4783632,299.835083,27524935,1.22%
2020-02-12,301.643952,303.905151,301.1917122,303.0006714,37612639,1.06%
2020-02-13,305.7141102,305.7141102,303.0006714,303.0006714,22757021,0.00%
2020-02-14,304.8096306,304.8096306,302.5484316,303.0006714,16933683,0.00%
2020-02-17,299.835083,301.1918028,298.9306031,299.835083,15937079,-1.04%
2020-02-18,293.5035999,295.3125589,291.2424011,291.2424011,61825604,-2.87%
2020-02-19,291.694643,295.7648008,291.2424032,295.312561,38781218,1.40%
2020-02-20,296.6693106,297.5737902,293.9558718,294.4081116,27011736,-0.31%
2020-02-21,294.4081114,295.312591,292.1469124,293.9558716,22813534,-0.15%
2020-02-24,288.9811709,290.7901298,288.9811709,289.4334106,41693680,-1.54%
2020-02-25,289.4334421,292.5991204,287.1722433,291.2424011,36195011,0.63%
2020-02-26,286.7200627,289.8857416,286.2678228,288.0767822,60479362,-1.09%
2020-02-27,288.5290213,289.433501,284.9111026,285.8155823,61250927,-0.78%
2020-03-02,278.5797433,286.7200605,278.5797433,281.2931824,79912942,-1.58%
2020-03-03,288.0767513,289.4334707,285.8155523,287.1722717,49679411,2.09%
2020-03-04,291.2424924,291.2424924,286.7200934,289.8857727,42941146,0.94%
2020-03-05,293.9558401,294.8603196,292.1468811,292.1468811,37861525,0.78%
2020-03-06,289.4335317,289.8857716,284.9111328,284.9111328,51546760,-2.48%
2020-03-09,278.1275018,280.388701,276.3185425,276.3185425,87871277,-3.02%
2020-03-10,272.7005643,279.4841604,272.2483245,277.6752014,71950130,0.49%
2020-03-11,279.4842203,280.8409398,273.1528625,273.1528625,62216710,-1.63%
2020-03-12,270.43939,270.43939,259.5856352,265.9169922,113527351,-2.65%
2020-03-13,248.7319368,265.9170524,246.4707373,262.2991333,149995148,-1.36%
2020-03-16,257.7766372,263.2035137,249.1840826,250.088562,103873228,-4.66%
2020-03-17,239.6870892,250.0886044,239.6870892,242.400528,121323651,-3.07%
2020-03-18,243.7572757,246.4707147,235.1647186,235.1647186,117437643,-2.99%
2020-03-19,230.1417832,231.0550442,215.072976,226.488739,160811697,-3.69%
2020-03-20,236.0779439,246.5804443,233.7947917,246.5804443,157664726,8.87%
2020-03-23,234.708068,239.7310033,230.1417631,232.881546,76466709,-5.56%
2020-03-24,244.7539633,250.2335296,242.9274412,244.2973328,81952933,4.90%
2020-03-25,252.5166666,255.7130801,250.2335141,252.9732971,79447199,3.55%
2020-03-26,255.2565042,255.7131348,251.6034594,255.7131348,52845633,1.08%
2020-03-27,259.3660907,261.1926124,249.3202209,249.3202209,68752306,-2.50%
2020-03-30,240.6442885,245.6672243,239.7310275,244.2973328,49159956,-2.01%
2020-03-31,249.3202595,250.2335205,246.1238459,250.2335205,48837923,2.43%
2020-04-01,252.5166837,252.5166837,247.9503784,247.9503784,44515034,-0.91%
2020-04-06,249.3202714,251.6034241,246.5804882,251.6034241,56392754,1.47%
2020-04-07,258.909542,259.3661725,256.1697584,258.4529114,48787346,2.72%
2020-04-08,260.2792969,260.7359272,258.4527755,260.2792969,37912826,0.71%
2020-04-09,262.5625866,263.0192172,257.9962808,258.4529114,27620430,-0.70%
2020-04-10,255.7131003,257.5396224,254.7998392,255.2564697,27252858,-1.24%
2020-04-13,254.3432312,257.0830147,254.3432312,254.3432312,22196596,-0.36%
2020-04-14,256.6262541,260.7359272,255.7129934,260.2792969,48809688,2.33%
2020-04-15,262.105961,263.4758527,261.1926998,262.5625916,55216434,0.88%
2020-04-16,258.4528783,263.4758141,258.4528783,261.649292,47815280,-0.35%
2020-04-17,277.1747672,281.7410731,274.4349837,279.9145508,116368201,6.98%
2020-04-20,281.2843917,282.1976527,276.2614561,277.6313477,41381669,-0.82%
2020-04-21,274.4349227,275.3481836,268.0420958,269.4119873,61479357,-2.96%
2020-04-22,268.9553182,269.4119486,265.3022748,268.4986877,42192580,-0.34%
2020-04-23,273.9782653,273.9782653,268.4987,269.8685913,39474478,0.51%
2020-04-24,269.868579,271.2384703,268.4986877,268.4986877,26008090,-0.51%
2020-04-27,272.1518555,272.6084861,270.3253329,272.1518555,38493406,1.36%
2020-04-28,272.6084436,272.6084436,268.9553992,270.7819214,37395165,-0.50%
2020-04-29,273.0650024,275.3481546,272.1517416,273.0650024,44059301,0.84%
2020-04-30,275.8047691,278.5445516,275.3481387,278.0879211,55126085,1.84%
2020-05-04,268.9553568,270.7818788,268.4987263,269.4119873,71581861,-3.12%
2020-05-05,270.7818522,272.1517435,269.4119609,269.8685913,23547405,0.17%
2020-05-06,268.9553345,270.3252258,267.1288127,270.3252258,34240479,0.17%
2020-05-07,268.9553164,273.0649901,268.9553164,271.6950989,27621198,0.51%
2020-05-08,273.978251,273.978251,270.3252076,271.6950989,32295893,0.00%
2020-05-11,273.97831,275.3482016,272.6084185,274.891571,28727019,1.18%
2020-05-12,271.6951397,272.6084007,269.4119873,269.4119873,52089788,-1.99%
2020-05-13,267.5854512,271.2384949,267.1288207,271.2384949,26156418,0.68%
2020-05-14,267.5854797,269.4120018,267.1288492,267.5854797,34315948,-1.35%
2020-05-15,271.6952248,272.6084861,268.9554411,272.1518555,42494804,1.71%
2020-05-18,265.7589642,268.0421168,264.8457031,264.8457031,84986065,-2.68%
2020-05-19,268.4987286,268.4987286,266.2155762,266.2155762,51250214,0.52%
2020-05-20,267.5854269,268.4986877,265.7589052,268.4986877,32677994,0.86%
2020-05-21,270.3252076,272.1517293,269.4119468,271.6950989,30997468,1.19%
2020-05-22,268.9553632,269.4119937,265.7589497,266.6722107,40192923,-1.85%
2020-05-25,265.3023192,267.5854717,263.4757972,266.6722107,26803223,0.00%
2020-05-26,269.4119609,271.6951131,268.0420695,269.8685913,33856481,1.20%
2020-05-27,271.2385519,272.1518131,269.8686603,270.7819214,23375959,0.34%
2020-05-28,272.6083615,272.6083615,267.5854269,268.4986877,28444568,-0.84%
2020-05-29,266.6722107,267.1288412,264.8456887,266.6722107,79774181,-0.68%
2020-06-01,268.4987,270.7818522,268.0420695,269.8685913,35811214,1.20%
2020-06-02,270.3252908,271.6951825,270.3252908,270.7819214,24771587,0.34%
2020-06-03,273.97831,274.891571,272.1517879,274.891571,65176337,1.52%
2020-06-04,278.5446247,279.4578857,277.6313636,279.4578857,46572451,1.66%
2020-06-05,281.7409912,284.9374044,281.2843607,284.4807739,42981262,1.80%
2020-06-08,288.5904399,291.3302226,287.677179,290.4169617,50302921,2.09%
2020-06-09,289.0471087,291.3302612,286.7639562,291.3302612,36417082,0.31%
2020-06-10,291.3302891,295.8965945,290.417028,294.5267029,39984259,1.10%
2020-06-11,297.266501,298.6363927,290.873673,292.7001953,50104255,-0.62%
2020-06-12,285.8506713,289.9603455,285.3940408,288.5904541,45992918,-1.40%
2020-06-15,288.5905249,289.9604166,281.7410662,282.6543274,51032404,-2.06%
2020-06-16,289.5037376,289.5037376,286.7639546,287.6772156,36608216,1.78%
2020-06-17,289.0471071,289.5037376,286.3073241,287.6772156,34522968,0.00%
2020-06-18,289.5183716,289.9786552,288.1375208,289.5183716,29044474,0.64%
2020-06-19,289.058088,289.5183716,287.2169537,289.5183716,48130280,0.00%
2020-06-22,289.5183058,291.3594397,287.2168884,287.2168884,37374616,-0.79%
2020-06-23,290.8992048,291.3594884,287.6772199,289.9786377,41300084,0.96%
2020-06-24,293.6608798,294.5814469,290.8991788,292.2800293,54147024,0.79%
2020-06-29,289.0580223,289.9785893,285.3757545,287.2168884,56580892,-1.73%
2020-06-30,288.5977346,289.0580181,286.2963173,288.1374512,48991860,0.32%
2020-07-01,289.9786117,292.7403128,289.0580447,292.2800293,29532342,1.44%
2020-07-02,293.6609061,296.4226074,292.740339,296.4226074,34526178,1.42%
2020-07-03,301.0254256,304.2474103,300.5651421,303.3268433,53341987,2.33%
2020-07-06,306.0885835,311.1517029,305.6282999,311.1517029,57256220,2.58%
2020-07-07,316.2147736,318.5161912,311.151655,311.6119385,59046323,0.15%
2020-07-08,310.6914666,315.2943031,310.6914666,313.9134521,30720218,0.74%
2020-07-09,318.5162398,319.4368069,315.7545383,317.5956726,35522376,1.17%
2020-07-10,324.4998953,324.9601788,318.0559257,320.817627,60902108,1.01%
2020-07-13,323.1191398,326.3411255,322.6588561,326.3411255,48069523,1.72%
2020-07-14,326.8013091,335.0864127,326.3410255,334.6261292,61764150,2.54%
2020-07-15,336.9276259,340.6098951,332.3247895,334.1659241,73438362,-0.14%
2020-07-16,330.483634,332.3247685,325.4205143,329.1027832,68220512,-1.52%
2020-07-17,332.3246516,339.6891868,331.4040847,337.848053,65727485,2.66%
2020-07-20,340.6097887,340.6097887,333.7055363,336.9275208,42769238,-0.27%
2020-07-21,342.9111359,356.2593546,341.9905691,352.5770874,64219128,4.64%
2020-07-22,350.7361012,355.3389371,348.8949668,353.4978027,43759670,0.26%
2020-07-23,351.6566336,352.5772008,348.8949323,351.1963501,45209282,-0.65%
2020-07-24,359.0211661,363.6240015,351.6566293,355.3388977,86682734,1.18%
2020-07-27,387.0984931,390.7807617,383.4162244,390.7807617,99333798,9.97%
2020-07-28,427.143099,429.4445165,394.4629696,400.4466553,166307746,2.47%
2020-07-29,394.0027116,397.2246964,386.1778914,388.4793091,85663166,-2.99%
2020-07-30,401.8276022,405.9701548,394.4630642,399.5261841,69293949,2.84%
2020-07-31,392.161608,397.685011,391.7013245,391.7013245,49897674,-1.96%
2020-08-03,387.0984231,390.3204076,382.0353046,382.9558716,76429571,-2.23%
2020-08-04,388.0190558,391.7013245,385.2573544,391.7013245,41223445,2.28%
2020-08-05,396.3041294,399.0658307,392.1615776,394.9232788,47223834,0.82%
2020-08-06,402.7480728,403.2083563,396.7643872,400.4466553,41029627,1.40%
2020-08-07,399.065905,399.5261886,394.0027851,398.6056213,36589460,-0.46%
2020-08-10,393.5424454,402.7481167,393.5424454,400.9069824,36067500,0.58%
2020-08-11,397.6849801,400.4466813,394.9232788,394.9232788,34545313,-1.49%
2020-08-12,388.4793222,389.8601729,385.7176208,385.7176208,52143474,-2.33%
2020-08-13,394.0027117,394.9232788,390.7807269,394.9232788,44352335,2.39%
2020-08-14,390.3203914,394.0026592,389.3998244,393.0820923,23419955,-0.47%
2020-08-17,393.0821191,400.4466553,391.7012685,400.4466553,34137731,1.87%
2020-08-18,405.0495921,405.5098757,397.6850541,398.6056213,41643160,-0.46%
2020-08-19,401.3672706,401.8275542,393.54245,393.54245,31486800,-1.27%
2020-08-20,393.0822071,393.5424908,369.1474592,382.0354004,75097235,-2.92%
2020-08-21,388.0190602,393.0821796,386.6382095,390.7807617,41609467,2.29%
2020-08-24,393.5424935,399.9864641,391.2410754,394.0027771,48375406,0.82%
2020-08-25,399.0658221,401.3672398,396.3041209,399.9863892,35977899,1.52%
2020-08-26,400.9069694,406.8906555,400.4466859,406.8906555,39243340,1.73%
2020-08-27,412.4140801,417.4771994,408.7318115,408.7318115,53072712,0.45%
2020-08-28,405.0494904,405.5097739,396.7643872,400.4466553,56842210,-2.03%
2020-08-31,402.2878422,404.5892601,392.6218872,392.6218872,81480538,-1.95%
2020-09-01,395.8438202,400.4466553,394.0026861,400.4466553,37429577,1.99%
2020-09-02,405.9701594,405.9701594,396.3042032,398.6056213,34871407,-0.46%
2020-09-03,404.5892641,404.5892641,399.0658612,401.3672791,34951617,0.69%
2020-09-04,393.0821446,398.1452636,393.0821446,394.9232788,46119911,-1.61%
2020-09-07,394.0026941,398.1452458,391.240993,392.1615601,32019312,-0.70%
2020-09-08,394.0027031,398.6055384,393.5424196,396.7644043,23714670,1.17%
2020-09-09,391.2409584,394.0026592,389.3998244,393.0820923,40551362,-0.93%
2020-09-10,398.1452377,400.4466553,396.3041037,400.4466553,35098921,1.87%
2020-09-11,400.9069476,401.8275146,398.1452465,401.8275146,34298469,0.34%
2020-09-14,401.3673478,406.8907516,400.9070641,405.9701843,39085833,1.03%
2020-09-15,405.5098524,411.4935392,404.5892852,409.6524048,39061449,0.91%
2020-09-16,423.4608546,425.3019888,419.3183028,421.6197205,64261238,2.92%
2020-09-17,419.3056381,421.1568772,413.2891113,415.1403503,42058506,-1.54%
2020-09-18,413.7519871,416.0660363,410.0495085,410.9751282,52454922,-1.00%
2020-09-21,410.5123128,416.5288405,407.272644,407.272644,39463920,-0.90%
2020-09-22,407.2726475,408.1982672,403.5701689,404.4957886,36130639,-0.68%
2020-09-23,403.5701526,405.8842016,399.8676741,401.2561035,45710963,-0.80%
2020-09-24,393.8511585,397.0908272,391.5371094,391.5371094,79806381,-2.42%
2020-09-25,395.239597,396.1652167,389.685879,392.462738,38775269,0.24%
2020-09-28,395.2395883,399.4048767,392.9255392,399.4048767,34156973,1.77%
2020-09-29,400.3304459,402.6444947,396.165158,398.9420166,32230502,-0.12%
2020-09-30,398.479316,402.644605,398.479316,400.7933655,27334204,0.46%
2020-10-05,405.4213826,405.4213826,399.4048553,400.3304749,32945832,-0.12%
2020-10-06,408.6610843,409.1238941,404.9586056,406.809845,35775395,1.62%
2020-10-07,402.6446023,411.9008001,402.6446023,410.0495605,42926239,0.80%
2020-10-08,416.5288054,420.2312836,415.140376,419.3056641,60853811,2.26%
2020-10-12,423.9337341,427.6362122,423.4709244,425.7849731,64719223,1.55%
2020-10-13,430.4130891,430.4130891,422.545323,427.6362305,45750738,0.43%
2020-10-14,426.2478962,426.7107061,423.008227,424.8594666,40809241,-0.65%
2020-10-15,422.0825228,422.5453325,416.5288054,419.3056641,47775028,-1.31%
2020-10-16,417.454419,422.0825168,415.1403702,415.6031799,46876801,-0.88%
2020-10-19,419.3055988,423.4708862,417.45436,423.4708862,34470906,1.89%
2020-10-20,421.6196946,423.0081239,417.4544067,417.4544067,25205638,-1.42%
2020-10-21,419.7684738,422.0825228,417.4544249,419.3056641,28058921,0.44%
2020-10-22,416.5288837,421.1569824,416.0660738,421.1569824,23438547,0.44%
2020-10-23,423.9338455,423.9338455,417.9173171,418.380127,18777385,-0.66%
2020-10-26,421.1569682,421.1569682,416.5288696,416.5288696,15059581,-0.44%
2020-10-27,414.2147935,415.1404131,412.3635542,413.7519836,20117660,-0.67%
2020-10-28,411.9007478,413.7519871,410.0495085,410.9751282,24710230,-0.67%
2020-10-29,404.0329787,406.8098377,403.1073591,404.4957886,41285612,-1.58%
2020-10-30,404.4958048,404.4958048,399.8677063,399.8677063,47668895,-1.14%
2020-11-02,400.793251,403.1072998,396.1651534,403.1072998,33477443,0.81%
2020-11-03,406.8098432,410.049512,405.4214137,408.1982727,30328495,1.26%
2020-11-04,411.4379612,417.9172992,410.0495317,416.5288696,37512790,2.04%
2020-11-05,417.9172165,417.9172165,412.3634993,417.4544067,34886108,0.22%
2020-11-06,421.1569753,421.6197852,416.5288767,418.842926,30154140,0.33%
2020-11-09,423.9338271,425.7850665,420.2313483,424.396637,39245881,1.33%
2020-11-10,418.3800263,420.6940751,415.1403579,417.4544067,34820499,-1.64%
2020-11-11,415.1404417,423.0082092,415.1404417,423.0082092,36765561,1.33%
2020-11-12,428.5619057,429.0247155,423.4709975,423.9338074,40100880,0.22%
2020-11-13,424.8593718,427.6362305,422.545323,427.6362305,31037438,0.87%
2020-11-16,435.0412334,448.4627183,434.1156138,447.9999084,81994937,4.76%
2020-11-17,464.6610918,468.3635706,449.3883667,449.3883667,72413868,0.31%
2020-11-18,453.5535914,460.0329285,450.3139229,460.0329285,50387727,2.37%
2020-11-19,461.8841961,461.8841961,453.5536194,453.5536194,44220053,-1.41%
2020-11-20,449.8511533,453.5536319,449.8511533,451.7023926,32281453,-0.41%
2020-11-23,457.7188902,461.4213686,455.4048412,459.5701294,38084006,1.74%
2020-11-24,462.3469932,462.809803,454.9420364,455.4048462,35479226,-0.91%
2020-11-25,458.181752,458.6445619,450.7767944,450.7767944,41419632,-1.02%
2020-11-26,452.6280212,456.7933098,451.7024016,452.6280212,28893033,0.41%
2020-11-27,451.2395917,455.4048803,450.3139721,452.6280212,32960189,0.00%
2020-11-30,456.3304685,456.7932783,444.7602234,444.7602234,119895176,-1.74%
2020-12-01,453.0908096,453.5536194,447.5370918,453.5536194,37018651,1.98%
2020-12-02,462.3470261,462.809836,456.7933081,461.8842163,50621339,1.84%
2020-12-03,462.3469774,462.3469774,458.1816893,460.0329285,35651379,-0.40%
2020-12-04,461.4213816,467.4379092,460.495762,465.5866699,51172005,1.21%
2020-12-07,473.917224,476.6940827,468.3635065,475.7684631,44271244,2.19%
2020-12-08,475.7684924,485.9503084,471.1403942,485.0246887,40771761,1.95%
2020-12-09,482.2478854,485.0247446,481.3222656,481.3222656,43314115,-0.76%
2020-12-10,472.9916167,476.6940951,472.0659971,473.9172363,42556926,-1.54%
2020-12-11,478.5453095,478.5453095,467.4378748,477.6196899,45660960,0.78%
2020-12-14,473.9173228,474.8429426,470.2148438,470.2148438,30260485,-1.55%
2020-12-15,469.2890961,472.0659547,466.5122375,466.5122375,39852366,-0.79%
2020-12-16,471.1403775,476.6940951,469.2891383,473.9172363,52012348,1.59%
2020-12-17,479.0331641,479.0331641,472.5220337,472.5220337,38215179,-0.29%
2020-12-18,472.521971,476.2426164,471.5918096,474.3822937,39924864,0.39%
2020-12-21,476.242672,480.8934793,472.5220261,479.9633179,34813281,1.18%
2020-12-22,476.2426019,479.9632472,473.4521179,473.4521179,22454277,-1.36%
2020-12-23,472.5219566,475.3124406,470.6616339,473.4521179,18086715,0.00%
2020-12-24,475.3124551,476.2426164,472.521971,474.3822937,14950143,0.20%
2020-12-25,478.1029536,479.033115,474.3823081,475.3124695,12327895,0.20%
2020-12-28,476.2426881,479.0331726,473.4522036,479.0331726,19087382,0.78%
2020-12-29,479.0331726,480.8934956,477.1728496,479.0331726,19907528,0.00%
2020-12-30,479.9632345,488.3346863,478.1029119,488.3346863,46292401,1.94%
2020-12-31,489.2649497,492.9855957,487.4046267,492.9855957,29970398,0.95%
2021-01-04,492.9856502,502.2872663,491.125327,498.5666199,38770328,1.13%
2021-01-05,498.5665833,504.1475525,497.6364217,504.1475525,34411866,1.12%
2021-01-06,516.2395682,516.2395682,503.2173088,510.6585999,53030554,1.29%
2021-01-07,515.309483,530.1920674,514.3793215,525.5412598,51166782,2.91%
2021-01-08,539.4937134,539.4937134,531.1222592,539.4937134,59563555,2.65%
2021-01-11,536.7031039,543.2142334,533.9126198,543.2142334,48810990,0.69%
2021-01-12,542.2841114,555.3063714,541.35395,549.7254028,50232426,1.20%
2021-01-13,553.4460061,562.7476196,551.5856834,562.7476196,62662393,2.37%
2021-01-14,546.0048319,555.3064474,546.0048319,550.6556396,75288477,-2.15%
2021-01-15,577.6302678,581.3509137,559.0270386,559.0270386,92010500,1.52%
2021-01-18,565.5381937,565.5381937,552.5159327,564.6080322,45726476,1.00%
2021-01-19,574.8396691,587.861927,570.1888627,583.2111206,50672866,3.29%
2021-01-20,588.7921929,604.6049375,586.93187,601.8144531,82066422,3.19%
2021-01-21,595.3033293,631.5796259,595.3033293,625.9986572,89019137,4.02%
2021-01-22,603.6748047,618.5573885,603.6748047,603.6748047,125179403,-3.57%
2021-01-25,597.163628,600.8842737,582.2810454,588.7921753,93050133,-2.47%
2021-01-26,587.8621535,595.3034466,567.3985976,573.909729,100153482,-2.53%
2021-01-27,574.8398009,581.3509313,568.3286704,572.0493164,59985191,-0.32%
2021-01-28,558.0968771,565.5381688,556.2365542,559.0270386,96447533,-2.28%
2021-01-29,575.7699228,575.7699228,549.7254028,549.7254028,90745237,-1.66%
2021-02-01,553.4460904,569.2588358,546.0047984,568.3286743,67462398,3.38%
2021-02-02,585.0716368,593.4430911,578.5605057,587.8621216,78429188,3.44%
2021-02-03,593.4428769,597.1635219,586.0015869,586.0015869,48738970,-0.32%
2021-02-04,582.2809593,587.861927,576.6999917,583.2111206,46371900,-0.48%
2021-02-05,593.4430911,596.2335758,586.93196,587.8621216,53267273,0.80%
2021-02-17,616.6970825,621.3478901,613.906598,616.6970825,107614290,4.91%
2021-02-18,617.627201,618.5573624,610.1859094,613.9065552,53109010,-0.45%
2021-02-19,610.1857326,611.1158938,601.814282,606.4650879,50279585,-1.21%
2021-02-22,613.9064716,615.7667942,604.6048584,604.6048584,36474610,-0.31%
2021-02-23,596.2335205,598.0938435,588.7922285,596.2335205,50076333,-1.38%
2021-02-24,583.2112752,591.5827289,581.3509521,581.3509521,66206750,-2.50%
2021-02-25,591.5828106,591.5828106,584.1415174,590.6526489,43231417,1.60%
2021-02-26,568.3286638,574.8397942,563.6778564,563.6778564,111861175,-4.57%
2021-03-02,577.6302601,578.5604216,566.4683228,566.4683228,54041533,0.50%
2021-03-03,566.4682661,578.5603638,559.0269753,578.5603638,48252965,2.13%
2021-03-04,566.4683303,568.3286532,559.0270386,559.0270386,67711962,-3.38%
2021-03-05,546.9349396,562.7476844,543.2142937,559.0270386,79918467,0.00%
2021-03-08,565.5380631,567.3983857,556.2364502,556.2364502,43219772,-0.50%
2021-03-09,544.1443107,553.4459229,544.1443107,553.4459229,68768861,-0.50%
2021-03-10,559.0269809,559.0269809,551.58569,555.3063354,40146301,0.34%
2021-03-11,554.3762239,569.2588071,553.4460625,566.4683228,54416046,2.01%
2021-03-12,572.0493632,574.8398479,566.4683938,571.1192017,33168846,0.82%
2021-03-15,571.1191588,571.1191588,566.4683513,568.3286743,27416758,-0.49%
2021-03-16,567.3984805,570.1889648,564.6079962,570.1889648,36949425,0.33%
2021-03-17,571.589866,571.589866,562.2501623,564.118103,39517807,-1.06%
2021-03-18,565.9861262,568.7880377,562.2502441,562.2502441,29415526,-0.33%
2021-03-19,554.7784126,558.5142942,551.9765015,551.9765015,70866028,-1.83%
2021-03-22,549.1745696,558.5142732,547.3066289,553.8444214,34089033,0.34%
2021-03-23,557.5804151,563.1842383,553.8445329,554.7785034,29374037,0.17%
2021-03-24,533.2970672,543.570741,533.2970672,537.9669189,107253959,-3.03%
2021-03-25,534.2311086,542.6368428,532.3631677,537.03302,67833354,-0.17%
2021-03-26,543.5708384,552.9105436,541.7028974,551.0426025,36829858,2.61%
2021-03-29,559.4482422,562.2501533,556.6463311,559.4482422,37884733,1.53%
2021-03-30,560.3823561,560.3823561,552.9105914,557.5804443,33099123,-0.33%
2021-03-31,556.6464578,557.5804283,548.2407227,548.2407227,38790886,-1.68%
2021-04-01,558.5143621,562.2502441,554.7784801,562.2502441,43091157,2.56%
2021-04-07,573.4578053,573.4578053,567.8539831,569.7219238,24603109,1.33%
2021-04-08,565.9861322,572.5239258,563.1842206,572.5239258,23976625,0.49%
2021-04-09,577.1936868,577.1936868,568.7879535,569.7219238,27303862,-0.49%
2021-04-12,571.5899172,572.5238876,563.1841831,565.052124,22606128,-0.82%
2021-04-13,564.1181536,572.5238876,564.1181536,565.052124,25971622,0.00%
2021-04-14,567.8540837,571.5899658,560.3823194,571.5899658,30077913,1.16%
2021-04-15,571.5898927,578.1276855,566.9200406,578.1276855,33530942,1.14%
2021-04-16,569.7219238,570.6558942,563.1841313,569.7219238,48507383,-1.45%
2021-04-19,565.0522063,566.9201475,561.316324,563.1842651,24231637,-1.15%
2021-04-20,558.5143621,562.2502441,555.7124506,562.2502441,34771635,-0.17%
2021-04-21,559.4483776,559.4483776,552.9105835,552.9105835,38458220,-1.66%
2021-04-22,556.6463534,558.5142942,551.9765015,551.9765015,33868521,-0.17%
2021-04-23,552.9105391,562.2502441,551.0425981,562.2502441,27754511,1.86%
2021-04-26,565.052072,569.7219238,563.1841313,569.7219238,30887664,1.33%
2021-04-27,567.8539831,570.6558942,565.052072,569.7219238,26317481,0.00%
2021-04-28,565.9861262,567.8540672,561.3162736,562.2502441,24024054,-1.31%
2021-04-29,568.7880591,568.7880591,560.3823242,560.3823242,31828333,-0.33%
2021-05-03,555.7124147,557.5803556,549.1746216,549.1746216,41762441,-2.00%
2021-05-04,549.1745903,554.7784126,543.5707679,551.9765015,40273595,0.51%
2021-05-05,554.7784142,554.7784142,546.3726807,546.3726807,29254785,-1.02%
2021-05-06,551.0426344,551.0426344,541.7029287,548.2407227,30725590,0.34%
2021-05-07,554.7783904,560.3822125,550.1085386,559.4482422,28075722,2.04%
2021-05-10,556.6463745,557.580345,549.1746111,550.1085815,20434079,-1.67%
2021-05-11,540.7689445,541.7029151,532.3632096,533.2971802,59349193,-3.06%
2021-05-12,529.5611687,533.2970499,483.7966232,523.0233765,131741482,-1.93%
2021-05-13,510.8818665,525.8253945,505.2780434,510.8818665,66765627,-2.32%
2021-05-14,519.2875871,524.89141,515.5517052,520.2215576,37533726,1.83%
2021-05-17,508.0799038,521.1554896,505.2779926,512.7497559,56270958,-1.44%
2021-05-18,525.8255256,535.1652329,518.3537597,534.2312622,43689316,4.19%
2021-05-19,533.2971613,534.2311318,527.6933383,529.5612793,28908777,-0.87%
2021-05-20,529.5612793,533.2971613,523.0234857,529.5612793,29709287,0.00%
2021-05-21,534.2311296,538.9009821,530.4952476,535.1651001,27376731,1.06%
2021-05-24,532.3631802,534.2311212,528.6272983,530.4952393,15629736,-0.87%
2021-05-25,537.967028,545.4387923,535.1651164,544.5048218,33039911,2.64%
2021-05-26,548.2406215,549.1745918,542.6367991,546.3726807,18703987,0.34%
2021-05-27,541.7028599,543.5708008,535.1650667,543.5708008,62169719,-0.51%
2021-05-28,548.240691,552.9105436,543.5708384,551.0426025,29086873,1.37%
2021-05-31,555.7125031,557.5804443,551.0426502,557.5804443,30657474,1.19%
2021-06-01,558.5142212,559.4481915,555.7123104,558.5142212,17818326,0.17%
2021-06-02,560.3822545,560.3822545,553.8444615,555.7124023,21872755,-0.50%
2021-06-03,560.3823054,560.3823054,556.6464233,556.6464233,21077164,0.17%
2021-06-04,551.9765206,555.7124023,551.0425502,555.7124023,15756180,-0.17%
2021-06-07,554.7785247,555.7124952,544.5048483,552.9105835,17077625,-0.50%
2021-06-08,551.042552,555.7124041,549.1746111,550.1085815,13396324,-0.51%
2021-06-09,547.3067017,549.1746426,544.5047902,547.3067017,20023490,-0.51%
2021-06-10,551.9764794,559.4482422,548.2405979,559.4482422,28527745,2.22%
2021-06-11,562.2502441,563.1842146,560.3823031,562.2502441,24227710,0.50%
2021-06-15,566.9200839,568.7880249,565.9861134,568.7880249,26012250,1.16%
2021-06-16,567.8540354,567.8540354,565.052124,565.052124,25856919,-0.66%
2021-06-17,563.6453049,568.3345337,560.8317676,568.3345337,22872361,0.58%
2021-06-18,570.210348,570.210348,563.6454262,565.5211182,32652017,-0.50%
2021-06-21,553.3290197,557.0804029,546.7640991,546.7640991,44279632,-3.32%
2021-06-22,548.6397492,551.4532864,542.0748291,542.0748291,27823974,-0.86%
2021-06-23,546.7640999,560.8317869,544.8884083,558.0182495,34392376,2.94%
2021-06-24,560.8318072,560.8318072,551.4533489,553.3290405,16524230,-0.84%
2021-06-25,560.831766,560.831766,552.3911542,554.2668457,18841696,0.17%
2021-06-28,553.3290405,553.3290405,549.5776572,553.3290405,15028407,-0.17%
2021-06-29,560.8317869,560.8317869,554.2668663,558.0182495,28659610,0.85%
2021-06-30,561.7696327,561.7696327,558.0182495,558.0182495,24883853,0.00%
2021-07-01,558.9560543,559.8939,554.2668256,556.1425171,18250994,-0.34%
2021-07-02,553.3290609,556.1425985,550.5155233,551.4533691,18322419,-0.84%
2021-07-05,551.4533084,559.8939203,551.4533084,554.2668457,28836816,0.51%
2021-07-06,558.0184333,558.9562794,552.3913567,555.204895,12997112,0.17%
2021-07-07,553.3290002,557.0803833,551.4533087,557.0803833,16966158,0.34%
2021-07-08,558.0182902,558.0182902,551.4533691,551.4533691,21140426,-1.01%
2021-07-09,545.8262128,548.63975,543.9505214,547.7019043,29029415,-0.68%
2021-07-12,558.0182085,559.8939,553.3289799,556.1425171,31304547,1.54%
2021-07-13,562.7074793,570.2102457,561.7696335,569.2723999,52540315,2.36%
2021-07-14,574.8994751,576.7751667,570.2102461,574.8994751,38418875,0.99%
2021-07-15,574.8995564,575.8374023,570.2103268,575.8374023,22012834,0.16%
2021-07-16,554.2669884,558.0183724,551.4534504,552.3912964,57970545,-4.07%
2021-07-19,546.7641398,547.7019857,542.0749105,545.8262939,40644341,-1.19%
2021-07-20,543.0127361,547.7019652,543.0127361,544.8884277,15354333,-0.17%
2021-07-21,549.5775551,549.5775551,543.9504812,548.6397095,25828732,0.69%
2021-07-22,552.3911542,557.080383,550.5154627,554.2668457,26058172,1.03%
2021-07-23,555.2046291,555.2046291,546.7640182,548.6397095,15271451,-1.02%
2021-07-26,554.2669897,554.2669897,543.9506836,543.9506836,21619179,-0.85%
2021-07-27,544.8885296,547.7020676,543.9506836,543.9506836,17785992,0.00%
2021-07-28,540.199158,543.0126953,537.3856207,543.0126953,36158305,-0.17%
2021-07-29,548.6397907,548.6397907,541.1370243,546.7640991,23224896,0.69%
2021-07-30,544.8885296,545.8263756,542.0749916,543.9506836,18999281,-0.51%
2021-08-02,546.7641197,553.3290405,543.9505822,553.3290405,23482491,1.72%
2021-08-03,557.0803833,557.0803833,553.3290002,557.0803833,22747702,0.68%
2021-08-04,560.8317461,560.8317461,557.0803632,558.9560547,20313271,0.34%
2021-08-05,560.8317461,560.8317461,556.1425175,558.9560547,15116242,0.00%
2021-08-06,558.9560745,558.9560745,551.4533084,554.2668457,13687213,-0.84%
2021-08-09,553.3290205,558.0182495,546.7640999,558.0182495,17390951,0.68%
2021-08-10,558.9560745,558.9560745,552.3911542,554.2668457,17190865,-0.67%
2021-08-11,553.3290405,553.3290405,548.6398114,553.3290405,19969687,-0.17%
2021-08-12,549.5775757,551.4532671,547.7018843,549.5775757,15444622,-0.68%
2021-08-13,548.6398111,548.6398111,543.0127361,544.8884277,22524428,-0.85%
2021-08-16,545.8262128,549.5775957,542.0748299,547.7019043,19315705,0.52%
2021-08-17,547.7019043,547.7019043,547.7019043,547.7019043,0,0.00%
2021-08-18,532.696472,539.2613933,530.8207802,538.3235474,43716164,-1.71%
2021-08-19,537.3856394,537.3856394,524.2557983,524.2557983,38868947,-2.61%
2021-08-20,525.193623,528.0071602,516.7530112,517.6908569,45614061,-1.25%
2021-08-23,525.1936648,536.4478147,524.2558189,530.8207397,33685159,2.54%
2021-08-24,538.3235679,539.2614138,535.51003,536.447876,24844800,1.06%
2021-08-25,543.0126355,548.6397095,538.3234072,548.6397095,27504657,2.27%
2021-08-26,563.6453036,565.5209952,554.266846,557.0803833,43822008,1.54%
2021-08-27,558.9560551,562.707438,556.1425179,561.7695923,27105651,0.84%
2021-08-30,564.5832518,567.3967896,561.769714,567.3967896,36575609,1.00%
2021-08-31,566.458943,575.8374023,560.8318674,575.8374023,52721470,1.49%
2021-09-01,575.8373209,575.8373209,570.2102461,574.8994751,30092045,-0.16%
2021-09-02,574.8994747,576.7751663,569.2723999,569.2723999,24112463,-0.98%
2021-09-03,572.0858981,581.4643555,572.0858981,581.4643555,51562454,2.14%
2021-09-06,584.2779343,598.3456213,582.4022427,591.7807007,55589014,1.77%
2021-09-07,594.5943204,594.5943204,584.2780151,584.2780151,26526056,-1.27%
2021-09-08,583.3400877,588.0293167,573.9616297,580.5265503,37817737,-0.64%
2021-09-09,573.9616297,581.4643961,572.0859381,580.5265503,18735512,0.00%
2021-09-10,576.7751673,584.2779337,575.8373215,583.3400879,16304725,0.48%
2021-09-13,580.5265296,581.4643753,574.899455,576.7751465,15198774,-1.13%
2021-09-14,579.5887041,579.5887041,573.9616293,574.8994751,14441901,-0.33%
2021-09-15,572.0859373,574.8994747,569.2723999,569.2723999,23433501,-0.98%
2021-09-16,568.0947134,571.8631693,564.3262576,565.2683716,22467022,-0.70%
2021-09-17,565.2683716,574.6895111,564.3262576,565.2683716,40717715,0.00%
2021-09-22,552.0788574,554.9051997,549.2525151,552.0788574,40642293,-2.33%
2021-09-23,553.9631348,558.6737056,553.9631348,553.9631348,21696296,0.34%
2021-09-24,556.7894178,563.3842163,555.8473037,563.3842163,16736973,1.70%
2021-09-27,565.2684209,567.1526489,558.6736226,567.1526489,19464241,0.67%
2021-09-28,560.5578367,561.4999507,557.7314946,559.6157227,16707080,-1.33%
2021-09-29,546.4262085,549.252551,543.599866,546.4262085,49310524,-2.36%
2021-09-30,546.4262085,551.1367793,541.7156377,546.4262085,30465107,0.00%
2021-10-01,545.4840691,545.4840691,537.9471562,540.7734985,36704493,-1.03%
2021-10-04,540.7734492,541.7155633,536.0628791,538.8892212,20957803,-0.35%
2021-10-05,529.468081,538.8892212,527.5838529,538.8892212,33824024,0.00%
2021-10-06,539.8312492,540.7733631,532.2943382,537.9470215,32508846,-0.17%
2021-10-07,541.7156377,548.3104368,538.8892953,546.4262085,27933054,1.58%
2021-10-08,548.3103127,549.2524267,539.8312873,541.7155151,18279079,-0.86%
2021-10-12,537.0049454,541.7155151,531.3522618,541.7155151,26522907,0.00%
2021-10-13,538.8891354,541.715477,537.0049076,537.9470215,18914374,-0.70%
2021-10-14,545.4839826,545.4839826,539.8312988,539.8312988,13916927,0.35%
2021-10-15,557.73146,565.2683716,552.0787762,565.2683716,53150216,4.71%
2021-10-18,569.0368868,569.0368868,555.84729,555.84729,19158568,-1.67%
2021-10-19,563.3841437,565.2683716,558.6735739,565.2683716,17386359,1.69%
2021-10-20,568.0947867,569.0369008,562.4421022,563.3842163,16372520,-0.33%
2021-10-21,567.1526846,568.0947987,560.5578859,561.5,16169014,-0.33%
2021-10-22,565.2683716,567.1525995,559.6156879,565.2683716,13995403,0.67%
2021-10-25,562.4419784,562.4419784,555.8471813,558.6735229,16785568,-1.17%
2021-10-26,560.5577773,565.2683468,558.6735494,564.3262329,19998808,1.01%
2021-10-27,563.384119,564.3262329,559.6156634,564.3262329,14961858,0.00%
2021-10-28,563.3841421,563.3841421,556.7893445,560.5578003,16570044,-0.67%
2021-10-29,560.5578603,561.4999743,554.905176,555.84729,25763960,-0.84%
2021-11-01,556.7894041,558.6736322,555.84729,555.84729,16089351,0.00%
2021-11-02,559.6157344,562.4420765,555.8472783,557.7315063,15192404,0.34%
2021-11-03,562.4420765,562.4420765,557.7315063,557.7315063,10224009,0.00%
2021-11-04,557.7315052,559.6157333,551.136707,553.0209351,17932145,-0.84%
2021-11-05,563.3841437,565.2683716,560.5578018,565.2683716,33270827,2.21%
2021-11-08,565.2684209,567.1526489,563.3841928,567.1526489,19752355,0.33%
2021-11-09,575.6317139,581.2843985,574.6895998,575.6317139,39538660,1.50%
2021-11-10,575.6316775,576.5737915,572.8053354,576.5737915,16027674,0.16%
2021-11-11,565.268458,570.9211426,565.268458,570.9211426,18463848,-0.98%
2021-11-12,574.689611,575.6317251,567.152698,569.0369263,15821327,-0.33%
2021-11-15,573.747473,575.6317011,571.8632448,572.8053589,15551452,0.66%
2021-11-16,576.5738645,576.5738645,572.8054079,574.6896362,20917108,0.33%
2021-11-17,579.400207,579.400207,572.8054079,574.6896362,19717852,0.00%
2021-11-18,577.5159302,578.4580443,571.8632457,577.5159302,20030651,0.49%
2021-11-19,585.9948964,586.9370103,581.2843264,582.2264404,35554348,0.82%
2021-11-22,582.22655,582.22655,579.4002075,579.4002075,20312168,-0.49%
2021-11-23,579.4001336,579.4001336,575.6316775,576.5737915,19431694,-0.49%
2021-11-24,576.5738143,576.5738143,567.1526735,568.0947876,20391940,-1.47%
2021-11-25,569.9790157,571.8632439,566.2105594,568.0947876,11888265,0.00%
2021-11-26,563.3842282,566.2105705,557.7315436,561.5,26588102,-1.16%
2021-11-29,559.6156368,563.3840923,556.7892952,558.6735229,23379558,-0.50%
2021-11-30,562.4421141,565.2684564,556.7894295,561.5,62021697,0.51%
2021-12-01,561.4999158,568.0947134,559.6156879,565.2683716,21403404,0.67%
2021-12-02,569.9790659,579.4002075,567.1527235,579.4002075,45125742,2.50%
2021-12-03,578.4580433,578.4580433,570.9211307,572.8053589,23045832,-1.14%
2021-12-06,568.0947134,573.7473972,565.2683716,565.2683716,23589363,-1.32%
2021-12-07,567.1527106,571.8632813,562.4421399,571.8632813,18606530,1.17%
2021-12-08,578.4580173,578.4580173,567.1526489,567.1526489,20801543,-0.82%
2021-12-09,570.9211307,572.8053589,567.1526744,572.8053589,11039070,1.00%
2021-12-10,569.9790649,572.8054074,567.1527225,569.9790649,10497451,-0.49%
2021-12-13,573.7474222,574.6895362,566.2105103,566.2105103,17711657,-0.66%
2021-12-14,563.384119,565.2683468,562.4420051,564.3262329,22579034,-0.33%
2021-12-15,562.4420297,566.2104855,561.4999158,565.2683716,21827730,0.17%
2021-12-16,572.6035156,572.6035156,568.8177073,572.6035156,21809022,1.30%
2021-12-17,568.8175657,574.4962769,566.924662,574.4962769,24105733,0.33%
2021-12-20,574.4964011,574.4964011,565.9783325,565.9783325,21381070,-1.48%
2021-12-21,565.0318604,567.8712164,563.1389563,565.0318604,17001461,-0.17%
2021-12-22,565.9783118,568.8176678,565.9783118,567.8712158,9831802,0.50%
2021-12-23,574.4963176,575.4427696,569.764058,573.5498657,16654439,1.00%
2021-12-24,573.5499476,576.3893038,571.6570435,571.6570435,11059689,-0.33%
2021-12-27,571.6569619,577.3356734,571.6569619,573.5498657,16259872,0.33%
2021-12-28,577.3356725,582.0679321,577.3356725,582.0679321,33892718,1.49%
2021-12-29,582.0679523,585.8537602,581.1215004,583.0144043,24518766,0.16%
2021-12-30,585.8537398,586.8001917,582.0679321,582.0679321,19681276,-0.16%
2022-01-03,585.8536983,598.1575725,584.9072465,597.2111206,69089158,2.60%
2022-01-04,610.4615258,620.8724976,609.5150738,620.8724976,79434666,3.96%
2022-01-05,633.1763742,633.1763742,611.4079787,615.1937866,69593809,-0.91%
2022-01-06,603.8363638,611.4079796,601.9434598,609.5150757,53210211,-0.92%
2022-01-07,608.5686666,611.4080227,598.157694,600.0505981,38249908,-1.55%
2022-01-10,594.3717647,610.4614462,593.4253128,608.5685425,38289770,1.42%
2022-01-11,611.4079987,616.1402588,604.7828347,616.1402588,33196585,1.24%
2022-01-12,621.8189084,624.6582642,615.193745,624.6582642,38860063,1.38%
2022-01-13,622.7653197,626.5511271,619.9259642,625.6046753,38137411,0.15%
2022-01-14,636.9621991,636.9621991,625.604775,636.0157471,95200777,1.66%
2022-01-17,648.3196007,651.1589566,641.6944369,646.4266968,59614236,1.64%
2022-01-18,641.6945026,644.5338588,626.5512695,626.5512695,43593330,-3.07%
2022-01-19,617.0867102,624.6583263,616.1402582,618.9796143,40381333,-1.21%
2022-01-20,615.1938068,621.8189709,611.4079987,616.1402588,46474584,-0.46%
2022-01-21,609.5150762,611.4079801,602.8899123,606.6757202,49577684,-1.54%
2022-01-24,604.7827547,619.9259848,602.8898509,618.0330811,47134502,1.87%
2022-01-25,608.5686242,610.4615281,603.8363643,606.6757202,52318736,-1.84%
2022-01-26,600.9969685,606.67568,600.9969685,601.9434204,29957189,-0.78%
2022-02-07,609.5150771,609.5150771,597.2112013,600.9970093,56836469,-0.16%
2022-02-08,610.4615094,610.4615094,594.3718262,594.3718262,39718217,-1.10%
2022-02-09,600.99703,602.889934,596.2647699,599.104126,30048791,0.80%
2022-02-10,604.7828551,614.2473755,602.889951,614.2473755,34587133,2.53%
2022-02-11,611.4079787,615.1937866,607.6221708,615.1937866,26723278,0.15%
2022-02-14,605.7292484,606.6757004,600.9969887,602.8898926,27826382,-2.00%
2022-02-15,599.104126,604.7828381,599.104126,599.104126,21970460,-0.63%
2022-02-16,610.461568,611.40802,605.7293078,611.40802,25191741,2.05%
2022-02-17,609.514974,611.4078776,606.6756185,610.4614258,18135080,-0.15%
2022-02-18,603.8363445,604.7827965,601.9434406,602.8898926,20804191,-1.24%
2022-02-21,599.1041669,601.9435232,598.1577148,598.1577148,23797502,-0.78%
2022-02-22,594.3717448,596.2646484,591.5323893,593.425293,34086593,-0.79%
2022-02-23,590.5860797,595.3183399,589.6396276,591.5325317,31953054,-0.32%
2022-02-24,584.9073723,585.8538243,571.6570435,571.6570435,73663161,-3.36%
2022-02-25,567.8712352,576.3893038,567.8712352,571.6570435,89012516,0.00%
2022-03-01,566.9247832,577.3357558,566.9247832,571.6570435,66720867,0.00%
2022-03-02,568.817688,572.6034962,567.8712359,568.817688,40693457,-0.50%
2022-03-03,570.7105511,574.4963591,568.8176471,569.7640991,33792420,0.17%
2022-03-04,563.138855,565.0317587,560.2994994,563.138855,55917115,-1.16%
2022-03-07,548.9421802,549.8886322,544.20992,545.1563721,86496560,-3.19%
2022-03-08,530.9596348,539.4777038,530.9596348,532.8525391,79029914,-2.26%
2022-03-09,536.6383258,542.3170382,536.6383258,537.5847778,52155415,0.89%
2022-03-10,553.674357,557.4601645,550.8350013,555.5672607,45630467,3.35%
2022-03-11,549.8885502,550.8350021,543.263387,544.2098389,38943098,-2.04%
2022-03-14,543.2634484,546.1028044,541.3705444,541.3705444,33919577,-0.52%
2022-03-15,531.9060474,532.8524995,528.1202393,528.1202393,74092231,-2.45%
2022-03-16,536.4426768,537.3938163,527.8824213,530.7358398,43438327,0.50%
2022-03-17,549.7585529,554.5142497,546.9051348,553.5631104,60959900,4.30%
2022-03-18,553.5632001,553.5632001,547.856363,552.6120605,46242430,-0.17%
2022-03-21,554.5143791,560.2212166,554.5143791,557.3677979,21400273,0.86%
2022-03-22,548.8075061,557.3677618,548.8075061,554.5143433,20246949,-0.51%
2022-03-23,561.1723022,561.1723022,557.3677443,561.1723022,25902069,1.20%
2022-03-24,558.3188553,563.0745525,556.4165764,562.1234131,20060758,0.17%
2022-03-25,567.8302936,568.7814331,565.9280145,568.7814331,26122381,1.18%
2022-03-28,552.611975,557.3676718,551.6608356,555.4653931,26391576,-2.34%
2022-03-29,557.3678335,560.2212524,555.4655542,560.2212524,14892032,0.86%
2022-03-30,569.7325763,570.6837158,567.8302972,570.6837158,41230239,1.87%
2022-03-31,572.5859586,572.5859586,564.9768428,567.8302612,22700114,-0.50%
2022-04-01,556.4166939,560.2212524,555.4655542,560.2212524,29732696,-1.34%
2022-04-06,549.7585449,551.6608236,546.9051269,549.7585449,37645873,-1.87%
2022-04-07,543.1007299,545.0030092,538.3450317,538.3450317,42904743,-2.08%
2022-04-08,539.2960815,542.1495,538.3449421,539.2960815,28024587,0.18%
2022-04-11,535.4915373,538.3449558,530.7358398,530.7358398,36820094,-1.59%
2022-04-12,526.9313104,536.4427058,525.0290313,529.784729,30671407,-0.18%
2022-04-13,536.4426742,547.8563482,535.4915348,545.0029297,35865970,2.87%
2022-04-14,548.8074877,549.7586272,545.0029297,545.0029297,19056590,0.00%
2022-04-15,534.5403442,538.3449018,533.5892048,534.5403442,28253360,-1.92%
2022-04-18,531.6869545,538.3449307,530.735815,533.5892334,15800959,-0.18%
2022-04-19,538.3449994,541.1984182,535.4915807,537.3938599,16614705,0.71%
2022-04-20,542.1494751,542.1494751,534.5403597,542.1494751,27606307,0.88%
2022-04-21,543.1006973,543.1006973,537.3938599,537.3938599,18383650,-0.88%
2022-04-22,530.7358398,531.6869793,529.7847003,530.7358398,29283846,-1.24%
2022-04-25,523.1266726,525.0289514,519.322115,520.2732544,43389591,-1.97%
2022-04-26,523.1267629,524.0779024,517.4199255,519.3222046,35825421,-0.18%
2022-04-27,504.1039354,506.0062144,500.2993774,500.2993774,55941533,-3.66%
2022-04-28,504.1039447,506.0062237,497.4459681,505.0550842,45380836,0.95%
2022-04-29,520.2732676,520.2732676,508.8595944,511.7130127,36664644,1.32%
2022-05-03,511.7130609,513.6153399,504.1039447,505.0550842,26317509,-1.30%
2022-05-04,506.9573383,510.7618962,504.1039199,507.9084778,16569622,0.56%
2022-05-05,516.4687176,517.419857,512.6641598,515.5175781,20374772,1.50%
2022-05-06,502.2016602,505.0550787,500.2993811,502.2016602,32467268,-2.58%
2022-05-09,497.4460398,498.3971795,494.5926208,494.5926208,23709774,-1.52%
2022-05-10,481.2765133,493.6413249,480.3253739,492.6901855,41679907,-0.38%
2022-05-11,492.6902825,500.2993989,492.6902825,495.5437012,27157254,0.58%
2022-05-12,490.7880361,492.6903154,480.3255005,480.3255005,32532963,-3.07%
2022-05-13,482.2277599,488.8857368,481.2766203,486.0323181,29074177,1.19%
2022-05-16,495.5437605,498.3971795,492.6903415,494.5926208,21163106,1.76%
2022-05-17,495.5436572,506.9573307,494.5925178,504.1039124,24496974,1.92%
2022-05-18,514.566431,514.566431,507.908455,511.7130127,30568176,1.51%
2022-05-19,497.4459821,501.2505403,494.5925634,496.4948425,29019751,-2.97%
2022-05-20,498.3970756,506.0061913,497.4459362,504.1039124,22651205,1.53%
2022-05-23,506.9573577,507.9084972,502.2016602,502.2016602,17054170,-0.38%
2022-05-24,504.1040174,505.0551571,494.5926208,494.5926208,17802308,-1.52%
2022-05-25,496.4948461,503.152823,494.592567,498.3971252,22176476,0.77%
2022-05-26,497.4459673,499.3482464,487.9345722,488.8857117,28327403,-1.91%
2022-05-27,498.3970756,504.1039124,496.4947967,504.1039124,27866643,3.11%
2022-05-30,511.7129998,520.2732544,510.7618603,520.2732544,34476433,3.21%
2022-05-31,515.5175524,532.6380615,513.6152736,532.6380615,72405873,2.38%
2022-06-01,523.1267377,527.8824353,521.2244586,522.1755981,29155176,-1.96%
2022-06-02,517.4199761,518.3711158,513.6154175,513.6154175,21420890,-1.64%
2022-06-06,514.5665571,517.4199761,511.7131382,513.6154175,17615003,0.00%
2022-06-07,508.8595886,511.7130069,506.0061704,508.8595886,19497532,-0.93%
2022-06-08,512.6641636,518.3710003,511.7130241,517.4198608,18835521,1.68%
2022-06-09,511.7130488,515.5176068,510.7619093,514.5664673,16338602,-0.55%
2022-06-10,504.1039124,506.9573307,503.1527729,504.1039124,21357130,-2.03%
2022-06-13,492.6902734,493.641413,489.8368549,490.7879944,32854092,-2.64%
2022-06-14,482.2277332,488.8857098,482.2277332,487.9345703,36304444,-0.58%
2022-06-15,483.1788349,489.836811,483.1788349,484.1299744,35680283,-0.78%
2022-06-16,492.4977019,493.4540081,484.8472521,485.8035583,26909199,0.35%
2022-06-17,477.6749766,481.0220486,477.1968235,479.109436,43566737,-1.38%
2022-06-20,478.1530602,480.0656725,473.3715296,476.240448,34209693,-0.60%
2022-06-21,479.1094368,482.9346619,477.1968243,482.9346619,33223685,1.41%
2022-06-22,479.1093922,481.0220046,472.8934021,472.8934021,31034893,-2.08%
2022-06-23,470.5026109,471.9370701,463.808468,464.2866211,43548940,-1.82%
2022-06-24,468.1118382,470.9807565,464.2866138,465.2429199,27911980,0.21%
2022-06-27,474.3278625,483.8909242,473.8497094,476.7186279,37909718,2.47%
2022-06-28,474.3278698,478.1530946,474.3278698,475.7623291,15274062,-0.20%
2022-06-29,474.3278565,476.7186219,469.5463257,469.5463257,30533789,-1.31%
2022-06-30,463.3303855,465.242998,455.2017822,455.2017822,46311432,-3.05%
2022-07-01,450.8983559,453.2891213,432.7285388,433.684845,61744377,-4.73%
2022-07-04,423.6436378,431.7722403,420.7747192,420.7747192,52445919,-2.98%
2022-07-05,429.859645,431.7722574,414.0805924,426.5125732,50084244,1.36%
2022-07-06,422.6873652,427.9470496,415.9932214,416.4713745,40549763,-2.35%
2022-07-07,422.6872957,438.9444994,419.3402244,437.5100403,48151202,5.05%
2022-07-08,449.4638891,449.9420422,441.3352869,446.5949707,37897895,2.08%
2022-07-11,447.5513448,449.9421106,440.8572008,441.8135071,21941710,-1.07%
2022-07-12,437.9882215,437.9882215,429.8596191,429.8596191,23036423,-2.71%
2022-07-13,449.9420471,452.3328125,445.6386694,449.9420471,44035695,4.67%
2022-07-14,445.638667,456.6361877,442.7697485,454.2454224,31936258,0.96%
2022-07-15,459.9833129,472.4152944,456.1580879,470.980835,51846909,3.68%
2022-07-18,473.8497314,476.7186501,467.1555879,473.8497314,39179575,0.61%
2022-07-19,466.1992541,471.458938,465.242948,469.5463257,19874865,-0.91%
2022-07-20,480.0656637,481.0219698,470.0244496,473.371521,35436652,0.81%
2022-07-21,474.3279047,479.109436,472.4152922,479.109436,22285593,1.21%
2022-07-22,482.9346462,482.9346462,478.153115,481.0220337,25216400,0.40%
2022-07-25,478.1531409,481.0220598,476.2405284,477.6749878,15245346,-0.70%
2022-07-26,477.6748985,477.6748985,469.5462966,473.371521,18024265,-0.90%
2022-07-27,472.4152549,480.0657043,469.5463363,480.0657043,17166365,1.41%
2022-07-28,486.7598861,486.7598861,477.1968235,479.109436,33844011,-0.20%
2022-07-29,485.8035205,487.7161328,481.9782959,486.7598267,29045617,1.60%
2022-08-01,483.890945,485.8035574,478.1531077,481.9783325,24117969,-0.98%
2022-08-02,472.4152981,474.3279106,467.1556136,470.5026855,39838155,-2.38%
2022-08-03,472.4152922,479.109436,471.458986,479.109436,27603474,1.83%
2022-08-04,477.1968005,481.0220253,473.3715756,478.1531067,26027618,-0.20%
2022-08-05,486.7598364,493.4539795,484.847224,493.4539795,32784279,3.20%
2022-08-08,487.7161717,492.4977028,486.7598655,489.6287842,19333128,-0.78%
2022-08-09,484.8472071,488.6724316,481.9782887,487.7161255,21164373,-0.39%
2022-08-10,478.1531067,481.0220253,477.6749536,478.1531067,20861380,-1.96%
2022-08-11,490.5850452,491.5413513,487.7161268,491.5413513,23740033,2.80%
2022-08-12,492.4976964,495.366615,491.5413902,494.4103088,19535923,0.58%
2022-08-15,497.2792745,501.1044997,496.3229682,500.1481934,21273166,1.16%
2022-08-16,503.0170361,503.0170361,500.1481177,502.06073,20720414,0.38%
2022-08-17,501.10447,503.9733887,498.2355512,503.9733887,27143102,0.38%
2022-08-18,497.2792664,498.2355726,496.3229601,497.2792664,17831084,-1.33%
2022-08-19,496.322876,500.1481005,494.4102637,496.322876,14022812,-0.19%
2022-08-22,488.672478,491.5413966,487.7161717,489.6287842,11494000,-1.35%
2022-08-23,481.0220263,483.890945,480.0657201,481.9783325,19191108,-1.56%
2022-08-24,481.9783399,485.8035648,481.0220337,481.0220337,14363212,-0.20%
2022-08-25,482.9346397,487.7161708,481.9783335,485.8035583,9357138,0.99%
2022-08-26,490.5850904,492.4977028,488.672478,489.6287842,12914846,0.79%
2022-08-29,475.2841687,480.0656995,474.3278625,476.7186279,26590824,-2.64%
2022-08-30,475.7623708,478.1531365,474.3279114,474.3279114,24214535,-0.50%
2022-08-31,470.5026805,482.9346619,470.5026805,482.9346619,39357089,1.81%
2022-09-01,473.3715848,473.8497379,468.5900537,469.0682068,39168672,-2.87%
2022-09-02,466.6774515,468.1119109,463.8085327,463.8085327,29982959,-1.12%
2022-09-05,463.8085253,466.677444,462.8522191,464.7648315,15903415,0.21%
2022-09-06,467.1556054,470.0245242,465.2429929,467.6337585,16700285,0.62%
2022-09-07,456.1580223,457.1143285,451.3764917,451.8546448,34678562,-3.37%
2022-09-08,452.3328101,454.2454224,451.3765039,454.2454224,27931552,0.53%
2022-09-12,463.8084608,469.5462974,463.8084608,465.2429199,21597212,2.42%
2022-09-13,473.3715356,473.3715356,469.5463111,471.4589233,16507036,1.34%
2022-09-14,457.5925487,461.4177737,455.201783,459.0270081,22645714,-2.64%
2022-09-15,457.8246947,461.6719611,457.8246947,458.305603,23104850,-0.16%
2022-09-16,452.5346922,453.977417,451.0919673,453.977417,39087513,-0.94%
2022-09-19,453.9773869,454.9392034,448.6873962,449.1683044,17182380,-1.06%
2022-09-20,452.5347035,459.7483279,452.0537952,458.305603,19842582,2.03%
2022-09-21,455.4201359,457.343769,450.6110531,453.0155945,24154633,-1.15%
2022-09-22,444.3592525,450.1301519,441.4738028,446.7637939,29702508,-1.38%
2022-09-23,440.9928838,442.9165169,437.6265259,437.6265259,29757787,-2.05%
2022-09-26,426.0847527,436.6647353,426.0847527,429.4511108,32342267,-1.87%
2022-09-27,431.8556459,434.2601874,428.9701962,430.8938293,24961404,0.34%
2022-09-28,429.9319834,431.8556165,421.2756348,421.2756348,34402652,-2.23%
2022-09-29,426.0847612,426.5656695,415.5047784,418.3902283,41094780,-0.68%
2022-09-30,408.2911381,411.1765879,405.8865967,405.8865967,48266800,-2.99%
2022-10-03,402.5202089,408.2911079,400.5965759,401.0774841,36044395,-1.18%
2022-10-04,413.100232,415.5047735,410.6956905,412.6193237,40375000,2.88%
2022-10-05,427.527484,433.779292,425.1229425,428.0083923,46496536,3.73%
2022-10-06,433.2983886,433.7792969,429.9320304,433.7792969,30331834,1.35%
2022-10-07,431.3747082,431.3747082,420.3138182,421.2756348,31941781,-2.88%
2022-10-11,392.4211496,396.749324,385.6884338,386.169342,95793819,-8.33%
2022-10-12,381.8412047,384.7266546,380.3984798,382.322113,53570085,-1.00%
2022-10-13,385.2075635,387.6121051,379.917572,379.917572,38046284,-0.63%
2022-10-14,398.6729741,400.115699,393.3829829,396.2684326,54504366,4.30%
2022-10-17,384.7266055,388.0929633,380.8793395,381.841156,41512192,-3.64%
2022-10-18,390.9784423,391.4593506,384.2457262,391.4593506,40093216,2.52%
2022-10-19,388.573878,389.5356945,380.3984375,380.3984375,46385177,-2.83%
2022-10-20,376.0703049,382.322113,371.2612217,382.322113,52938069,0.51%
2022-10-21,380.3984321,383.2838816,374.627533,374.627533,35923505,-2.01%
2022-10-24,379.9175552,382.3220967,372.2230225,372.2230225,46714078,-0.64%
2022-10-25,365.4902719,367.8948131,356.8339233,356.8339233,76416687,-4.13%
2022-10-26,356.3530447,364.5284856,355.8721364,361.6430359,58850484,1.35%
2022-10-27,369.8184569,374.1466313,367.8948238,370.7802734,45684455,2.53%
2022-10-28,365.0093994,367.4139409,360.6812247,365.0093994,40184472,-1.56%
2022-10-31,371.2612536,375.1085205,366.45217,375.1085205,38409054,2.77%
2022-11-01,373.6657586,377.9939334,371.2612171,376.5512085,41426496,0.38%
2022-11-02,376.0703055,379.917572,373.6657639,379.917572,22535650,0.89%
2022-11-03,370.2994021,372.2230353,368.8566771,369.3375854,39731333,-2.78%
2022-11-04,366.4520934,369.8184512,364.0475521,367.4139099,28397417,-0.52%
2022-11-07,375.1085205,377.9939707,372.2230704,375.1085205,35387706,2.09%
2022-11-08,379.9175651,384.2457399,378.9557484,383.7648315,31838223,2.31%
2022-11-09,388.0929613,401.0774841,388.0929613,401.0774841,52260831,4.51%
2022-11-10,393.383002,395.7875436,390.4975522,391.9402771,32044942,-2.28%
2022-11-11,424.6419983,425.1229066,418.3901908,424.6419983,80016195,8.34%
2022-11-14,432.8174754,432.8174754,424.6420342,428.0083923,61933190,0.79%
2022-11-15,447.2447176,468.4046827,444.3592678,461.6719666,113379796,7.87%
2022-11-16,472.7328376,475.137379,463.114672,468.4046631,85726375,1.46%
2022-11-17,464.0765071,466.4810486,456.8628826,466.4810486,45144984,-0.41%
2022-11-18,472.7328376,475.137379,467.4428465,468.4046631,35859717,0.41%
2022-11-21,468.8855413,470.8091742,462.1528258,463.5955505,29710180,-1.03%
2022-11-22,457.824704,472.2519531,457.824704,472.2519531,37343127,1.87%
2022-11-23,475.6183172,477.0610421,469.8474175,473.2137756,33475337,0.20%
2022-11-24,475.1374019,477.0610352,473.2137687,477.0610352,27396552,0.81%
2022-11-25,475.1373834,478.9846497,475.1373834,478.9846497,39949969,0.40%
2022-11-28,467.4428537,471.29012,462.1528625,462.1528625,38926919,-3.51%
2022-11-29,455.4201396,469.3664796,454.9392313,468.4046631,38182197,1.35%
2022-11-30,464.5574445,471.2901611,464.0765362,471.2901611,57111603,0.62%
2022-12-01,486.6791697,488.6028028,479.4655457,479.4655457,41746878,1.73%
2022-12-02,471.2901302,478.0228463,471.2901302,473.6946716,28319679,-1.20%
2022-12-05,472.7328496,478.503749,470.3283081,470.3283081,28360444,-0.71%
2022-12-06,469.3664561,470.3282726,459.748291,459.748291,40561068,-2.25%
2022-12-07,458.7864871,466.9619276,456.862854,456.862854,36563503,-0.63%
2022-12-08,456.8628483,456.8628483,449.1683161,453.4964905,27238567,-0.74%
2022-12-09,459.7482967,466.0001041,457.8246637,463.1146545,25915337,2.12%
2022-12-12,458.3055788,459.7483036,455.4201292,456.862854,20973334,-1.35%
2022-12-13,454.9392153,457.8246648,453.0155822,453.4964905,33272826,-0.74%
2022-12-14,453.9774217,462.1528625,453.9774217,462.1528625,30636639,1.91%
2022-12-15,460.4599917,465.7804328,459.0089623,464.8130798,24222008,0.58%
2022-12-16,451.2701116,455.6231995,450.3027587,455.6231995,47601400,-1.98%
2022-12-19,451.2701416,454.1722004,449.8191122,451.2701416,21075559,-0.96%
2022-12-20,449.8191428,451.7538488,440.1456129,442.5639954,31139235,-1.93%
2022-12-21,444.9823065,447.884365,442.0802479,444.0149536,36182644,0.33%
2022-12-22,451.2701619,453.6885444,448.8517795,452.7211914,14047382,1.96%
2022-12-23,442.5639511,443.531304,440.1455688,440.1455688,24927413,-2.78%
2022-12-26,439.1782059,442.0802646,438.6945295,441.5965881,8793306,0.33%
2022-12-27,443.0475835,447.4006711,442.0802307,442.0802307,10264001,0.11%
2022-12-28,436.2761841,437.243537,431.4394193,436.2761841,32578949,-1.31%
2022-12-29,429.5046559,434.8250965,428.0536267,431.4393616,23020759,-1.11%
2022-12-30,440.1455821,441.5966115,433.8577881,433.8577881,21683478,0.56%
2023-01-03,431.439406,438.6945529,428.5373472,438.2108765,14885824,1.00%
2023-01-04,434.8251343,440.1455753,433.8577814,434.8251343,19188422,-0.77%
2023-01-05,444.0149875,444.4986639,440.1455758,443.531311,23549581,2.00%
2023-01-06,440.1455758,444.4986639,440.1455758,443.531311,20886011,0.00%
2023-01-09,452.721165,465.2967529,452.2374886,465.2967529,46666263,4.91%
2023-01-10,470.1335144,471.1008673,467.2314557,470.1335144,32646014,1.04%
2023-01-11,471.1008161,472.0681689,466.2640521,468.6824341,21051115,-0.31%
2023-01-12,471.5845404,472.0682169,468.1988052,470.6171875,20963689,0.41%
2023-01-13,490.447892,492.3825977,482.7090693,483.6764221,77606949,2.77%
2023-01-16,489.4805976,491.4153035,486.5785387,488.5132446,34373918,1.00%
2023-01-17,487.5458441,487.5458441,483.1927562,486.5784912,27770329,-0.40%
2023-01-30,524.3052911,525.272644,516.5664676,525.272644,124428936,7.95%
2023-01-31,519.468421,520.4357737,503.9907771,504.9581299,72530854,-3.87%
2023-02-01,514.6317272,515.5990801,504.9581985,512.6970215,33710990,1.53%
2023-02-02,520.4358387,524.3052502,519.4684859,522.3705444,43077053,1.89%
2023-02-03,522.3704703,524.3051758,518.5010594,524.3051758,31635865,0.37%
2023-02-06,514.6318468,515.5991999,508.8277283,508.8277283,30870136,-2.95%
2023-02-07,506.89289,510.7623013,504.9581843,505.9255371,23481767,-0.57%
2023-02-08,520.4358387,522.3705444,516.5664273,522.3705444,35096191,3.25%
2023-02-09,522.3705444,522.3705444,518.501133,522.3705444,18861972,0.00%
2023-02-10,526.2399835,528.1746893,523.3379248,527.2073364,28495684,0.93%
2023-02-13,526.2400105,526.2400105,520.4358928,523.3379517,22768977,-0.73%
2023-02-14,526.2399835,528.1746893,525.2726306,527.2073364,21883297,0.74%
2023-02-15,508.8276129,514.6317301,504.9582014,507.86026,61796793,-3.67%
2023-02-16,510.7622986,513.6643571,506.8928872,510.7622986,29975138,0.57%
2023-02-17,506.8929236,506.8929236,499.1541003,501.0888062,28121975,-1.89%
2023-02-20,497.2194315,502.0561964,494.3173726,500.1214905,20065156,-0.19%
2023-02-21,498.1867608,500.1214667,496.252055,499.1541138,13504100,-0.19%
2023-02-22,489.4805536,492.3826122,488.5132007,490.4479065,24575245,-1.74%
2023-02-23,495.2846887,503.9908649,493.3499829,501.0888062,25376835,2.17%
2023-02-24,506.8929405,507.8602935,494.3173523,494.3173523,41692491,-1.35%
2023-03-01,487.5457806,504.9581299,487.5457806,504.9581299,39560848,2.15%
2023-03-02,502.0561829,503.0235358,498.186771,502.0561829,16558784,-0.57%
2023-03-03,506.8929372,507.8602902,499.1541138,499.1541138,23253895,-0.58%
2023-03-06,503.0235223,506.892934,500.1214635,503.9908752,21922085,0.97%
2023-03-07,503.9908248,508.827589,502.0561191,506.8928833,24861078,0.58%
2023-03-08,503.9908752,505.9255811,501.0888165,503.9908752,24512408,-0.57%
2023-03-09,507.8601881,508.8275408,504.9581299,504.9581299,21557577,0.19%
2023-03-10,498.1867505,499.1541034,494.3173389,496.2520447,24045605,-1.72%
2023-03-13,496.252055,501.0888196,492.3826432,499.1541138,21466947,0.58%
2023-03-14,494.3173285,497.2193872,493.3499756,493.3499756,20474770,-1.16%
2023-03-15,498.1867641,499.154117,493.3499994,494.3173523,23208597,0.20%
2023-03-16,491.15625,496.0191832,490.1836634,491.15625,21965994,-0.64%
2023-03-17,501.8546925,503.7998657,498.9369327,503.7998657,33118483,2.57%
2023-03-20,502.8272578,503.7998444,496.0191518,497.964325,11837312,-1.16%
2023-03-21,500.8821277,502.827301,497.9643677,502.827301,18284799,0.98%
2023-03-22,509.6353922,518.3886719,509.6353922,518.3886719,42385987,3.09%
2023-03-23,513.5257809,524.2242347,513.5257809,523.2516479,26728246,0.94%
2023-03-24,521.3064223,524.2241821,520.3338357,524.2241821,21926240,0.19%
2023-03-27,518.3887159,521.306476,516.4435425,516.4435425,16111177,-1.48%
2023-03-28,510.6079712,515.4709043,509.6353846,510.6079712,17234120,-1.13%
2023-03-29,518.3887073,518.3887073,510.6080138,515.4709473,17280749,0.95%
2023-03-30,521.3063878,522.2789744,516.4434551,520.3338013,19201564,0.94%
2023-03-31,523.251605,523.251605,517.4160852,518.3886719,23558838,-0.37%
2023-04-06,515.4709473,516.443534,511.5806005,515.4709473,25423363,-0.56%
2023-04-07,520.3338893,520.3338893,514.4983691,516.4435425,8557482,0.19%
2023-04-10,518.3886373,518.3886373,513.5257045,514.498291,7435151,-0.38%
2023-04-11,507.6901724,512.5531051,507.6901724,509.6353455,22675697,-0.95%
2023-04-12,508.6628161,509.6354027,502.8272962,505.7450562,23816473,-0.76%
2023-04-13,500.882098,502.8272712,496.019165,496.019165,25536889,-1.92%
2023-04-14,501.8547363,505.7450831,498.9369762,501.8547363,18072504,1.18%
2023-04-17,504.7724695,505.7450562,499.9095363,505.7450562,14634287,0.78%
2023-04-18,503.7998705,505.7450437,499.909524,500.8821106,15168888,-0.96%
2023-04-19,502.8272712,503.7998578,495.0465784,496.019165,21123233,-0.97%
2023-04-20,497.9643336,501.8546799,496.0191604,498.9369202,17221961,0.59%
2023-04-21,505.7450708,505.7450708,496.0192041,496.9917908,25016683,-0.39%
2023-04-24,491.1562367,496.0191697,490.1836501,493.1014099,16886512,-0.78%
2023-04-25,490.1836643,491.156251,484.3481445,484.3481445,36898412,-1.78%
2023-04-26,484.3481499,484.8344432,477.5400433,478.0263367,31269245,-1.31%
2023-04-27,477.54003,481.4303765,475.5948568,479.9714966,29537148,0.41%
2023-04-28,484.8344416,488.2384949,484.3481483,488.2384949,24824100,1.72%
2023-05-02,486.2933435,488.2385169,482.8892901,487.2659302,15325791,-0.20%
2023-05-03,482.4029541,484.3481273,481.4303675,482.4029541,11369311,-1.00%
2023-05-04,483.3755579,485.8070245,482.4029713,484.3481445,13140291,0.40%
2023-05-05,486.2932739,488.238447,484.8343941,486.2932739,7488897,0.40%
2023-05-08,495.0465879,495.0465879,488.2384816,490.1836548,11243634,0.80%
2023-05-09,493.1014052,496.019165,491.156232,496.019165,16197743,1.19%
2023-05-10,494.0739617,494.0739617,486.2932694,489.2110291,18859212,-1.37%
2023-05-11,492.1288154,492.1288154,484.8344159,485.3207092,13382927,-0.80%
2023-05-12,482.4029541,486.2933005,481.4303675,482.4029541,18465362,-0.60%
2023-05-15,483.3755364,485.8070029,480.9440699,481.9166565,13315766,-0.10%
2023-05-16,489.2110767,494.0740099,486.2933168,491.15625,21140315,1.92%
2023-05-17,494.0740379,506.7176648,492.1288645,504.7724915,41406763,2.77%
2023-05-18,518.3887073,521.3064674,511.5806005,515.4709473,43096277,2.12%
2023-05-19,520.3338979,520.3338979,514.4983775,517.4161377,32099068,0.38%
2023-05-22,517.4161292,518.3887159,514.4983691,516.4435425,17208135,-0.19%
2023-05-23,515.4709473,516.443534,510.6080138,515.4709473,19588873,-0.19%
2023-05-24,512.5531444,513.525731,509.6353846,510.6079712,19086681,-0.94%
2023-05-25,527.1419154,530.0596751,522.2789826,528.114502,63827245,3.43%
2023-05-26,552.4292432,552.4292432,547.5663097,550.4840698,95808471,4.24%
2023-05-29,558.2646572,558.2646572,548.5387921,552.4291382,54657853,0.35%
2023-05-30,550.4840698,552.4292432,547.5663097,550.4840698,40136130,-0.35%
2023-05-31,544.6485425,546.5937159,535.8952624,542.7033691,81176782,-1.41%
2023-06-01,534.9226161,538.8129624,534.9226161,535.8952026,24477529,-1.25%
2023-06-02,543.6758683,548.538801,541.7306953,546.5936279,30206141,2.00%
2023-06-05,544.6485167,544.6485167,539.7855835,539.7855835,16827391,-1.25%
2023-06-06,538.8130393,546.593733,537.8404526,544.6485596,20228086,0.90%
2023-06-07,545.6210326,552.4291382,544.6484461,552.4291382,27604813,1.43%
2023-06-08,546.5936631,552.4291826,539.785557,543.6759033,23080195,-1.58%
2023-06-09,545.6210673,550.4840001,545.6210673,549.5114136,19091713,1.07%
2023-06-12,558.2647705,558.2647705,555.3470104,558.2647705,26392389,1.59%
2023-06-13,576.7438965,577.7164832,572.8535498,576.7438965,56174363,3.31%
2023-06-14,573.8261108,574.7986975,570.908351,573.8261108,23583314,-0.51%
2023-06-15,576.5130935,579.444516,573.581671,577.4902344,27392154,0.64%
2023-06-16,576.5130905,576.5130905,570.6502455,575.5359497,38128802,-0.34%
2023-06-19,569.6730957,571.6273773,568.6959549,569.6730957,14346885,-1.02%
2023-06-20,565.7645324,571.6273773,565.7645324,569.6730957,16221413,0.00%
2023-06-21,568.696013,571.6274357,564.7874493,567.7188721,21703937,-0.34%
2023-06-26,562.8331269,564.7874086,560.8788452,560.8788452,27142262,-1.20%
2023-06-27,556.9702789,561.8559831,555.993138,558.9245605,21501718,-0.35%
2023-06-28,565.7645494,565.7645494,557.9474227,560.8788452,18175426,0.35%
2023-06-29,564.7873763,566.7416579,556.97025,559.9016724,16937929,-0.17%
2023-06-30,556.9702244,562.8330688,555.0159429,562.8330688,22654976,0.52%
2023-07-03,564.7873856,566.7416672,562.833104,565.7645264,14785585,0.52%
2023-07-04,571.6273804,571.6273804,566.7416763,571.6273804,17219541,1.04%
2023-07-05,575.5359699,575.5359699,565.7645613,568.6959839,14913592,-0.51%
2023-07-06,559.9015979,560.8787386,552.0844727,552.0844727,28564891,-2.92%
2023-07-07,552.0844727,558.9244573,550.1301913,552.0844727,18796190,0.00%
2023-07-10,554.038754,559.9015979,552.0844727,552.0844727,18454982,0.00%
2023-07-11,560.8788193,563.8102417,556.9702561,563.8102417,17850636,2.12%
2023-07-12,560.8787905,564.7873535,558.924509,564.7873535,15588228,0.17%
2023-07-13,573.581662,576.5130845,571.6273804,571.6273804,25442137,1.21%
2023-07-14,575.5359527,577.4902344,573.581671,577.4902344,23121873,1.03%
2023-07-17,574.5588119,577.4902344,573.581671,577.4902344,13807834,0.00%
2023-07-18,573.5817176,574.5588585,566.7417312,567.7188721,20932006,-1.69%
2023-07-19,570.6502948,573.5817176,565.7645902,567.7188721,22499123,0.00%
2023-07-20,566.7416672,570.6502304,564.7873856,565.7645264,15108109,-0.34%
2023-07-21,547.1988525,550.130275,544.2674301,547.1988525,46711021,-3.28%
2023-07-24,544.2673661,550.1302103,544.2673661,545.2445068,25268835,-0.36%
2023-07-25,548.1759166,555.993042,548.1759166,555.993042,19590349,1.97%
2023-07-26,555.993129,557.9474107,550.1302841,553.0617065,13314305,-0.53%
2023-07-27,556.9701827,556.9701827,553.06162,555.993042,12200358,0.53%
2023-07-28,555.9931612,559.9017247,552.0845976,554.0388794,18540078,-0.35%
2023-07-31,561.8558793,561.8558793,547.1987694,552.0844727,24208467,-0.35%
2023-08-01,552.0845976,555.0160203,551.1074568,554.0388794,16259643,0.35%
2023-08-02,554.0388706,555.9931523,545.2446028,548.1760254,25583234,-1.06%
2023-08-04,543.2902801,547.1988433,539.381717,541.3359985,26279173,-1.25%
2023-08-07,545.2445068,548.1759289,543.2902254,545.2445068,14369551,0.72%
2023-08-08,545.2445586,545.2445586,538.4045731,539.3817139,19010690,-1.08%
2023-08-09,537.4274354,544.2674209,537.4274354,541.3359985,14389090,0.36%
2023-08-10,539.3816817,541.3359632,537.4274003,538.404541,17892615,-0.54%
2023-08-11,543.2903297,545.2446115,533.5189209,533.5189209,17608427,-0.91%
2023-08-14,527.6560379,530.5874603,524.7246155,528.6331787,20939030,-0.92%
2023-08-15,530.5874313,532.5417128,527.656009,529.6102905,14066307,0.18%
2023-08-16,528.6331498,530.5874313,523.747446,529.6102905,28269840,0.00%
2023-08-17,527.6560121,533.5188567,524.7245899,531.5645752,22843138,0.37%
2023-08-18,527.6560348,531.5645981,526.678894,526.678894,17592345,-0.92%
2023-08-21,531.564595,531.564595,521.793187,524.7246094,16633821,-0.37%
2023-08-22,531.5646011,531.5646011,525.7017563,528.6331787,14594304,0.74%
2023-08-23,533.5188692,539.3817139,531.5645876,539.3817139,20636332,2.03%
2023-08-24,550.130342,551.1074829,545.2446373,551.1074829,23280827,2.17%
2023-08-25,536.4503435,538.4046253,533.5189209,533.5189209,24144537,-3.19%
2023-08-28,534.4960357,540.3588807,534.4960357,536.4503174,8991985,0.55%
2023-08-29,538.4045731,540.3588547,533.5188692,539.3817139,10516678,0.55%
2023-08-30,545.2445939,547.1988756,541.3360305,542.3131714,15117416,0.54%
2023-08-31,540.3588807,543.2903032,535.4731765,536.4503174,40431378,-1.08%
2023-09-01,530.5874407,540.3588484,530.5874407,535.4731445,13669766,-0.18%
2023-09-04,536.4503292,544.2674561,536.4503292,544.2674561,9531157,1.64%
2023-09-05,540.3588547,542.3131362,537.4274323,539.3817139,12220686,-0.90%
2023-09-06,543.2903356,543.2903356,537.4274902,537.4274902,14067008,-0.36%
2023-09-07,533.5188536,535.4731351,529.6102905,529.6102905,20717005,-1.45%
2023-09-08,522.7703308,527.6560348,522.7703308,526.678894,15283568,-0.55%
2023-09-11,526.6789201,527.656061,523.7474976,523.7474976,14631968,-0.56%
2023-09-12,523.7474491,532.541716,523.7474491,531.5645752,16028336,1.49%
2023-09-13,532.541742,535.4731644,528.6331787,528.6331787,16191392,-0.55%
2023-09-14,534.528718,540.4242554,533.5461285,540.4242554,17144287,2.23%
2023-09-15,539.4416071,548.2849121,537.4764282,548.2849121,42517441,1.45%
2023-09-18,538.4591055,539.4416951,530.5983887,530.5983887,36684692,-3.23%
2023-09-19,529.6157683,533.5461265,528.6331787,528.6331787,18901683,-0.37%
2023-09-20,526.6679532,528.6331322,525.6853638,525.6853638,24635567,-0.56%
2023-09-21,520.7724758,521.7550653,516.8421175,517.824707,32012694,-1.50%
2023-09-22,513.8942716,515.8594504,512.9116821,512.9116821,29049309,-0.95%
2023-09-25,512.9117285,519.7898551,512.9117285,515.8594971,17116402,0.57%
2023-09-26,511.9291684,514.8769371,509.9639893,509.9639893,26392692,-1.14%
2023-09-27,507.998735,513.8942716,507.0161456,512.9116821,16846401,0.58%
2023-09-28,513.8943481,515.8595273,510.9465794,513.8943481,19733331,0.19%
2023-10-02,520.7724463,524.7028044,518.8072672,523.7202148,25427911,1.91%
2023-10-03,518.8072055,523.7201525,518.8072055,519.7897949,14490129,-0.75%
2023-10-04,511.9291533,513.8943324,509.9639742,510.9465637,28358964,-1.70%
2023-10-05,513.8943035,519.7898405,513.8943035,518.807251,24945684,1.54%
2023-10-06,520.7724309,523.7201994,519.7898414,522.7376099,15336587,0.76%
2023-10-11,532.5635075,534.5286865,530.5983285,534.5286865,46639969,2.26%
2023-10-12,535.5113076,540.4242554,534.528718,540.4242554,34161176,1.10%
2023-10-13,540.4242407,544.3545988,538.4590616,543.3720093,31123496,0.55%
2023-10-16,536.493881,537.4764706,532.5635229,535.5112915,19875676,-1.45%
2023-10-17,540.4242098,542.3893888,538.4590309,541.4067993,18364998,1.10%
2023-10-18,539.4416951,539.4416951,530.5983887,530.5983887,26418940,-2.00%
2023-10-19,530.5983592,538.4590756,530.5983592,536.4938965,22881262,1.11%
2023-10-20,539.4415764,546.3197021,536.4938082,546.3197021,45984177,1.83%
2023-10-23,542.3894025,543.371992,533.546097,534.5286865,22747367,-2.16%
2023-10-24,533.546097,536.4938655,530.5983285,534.5286865,15007814,0.00%
2023-10-25,534.5286865,541.406813,534.5286865,534.5286865,16526355,0.00%
2023-10-26,520.7724763,525.6854242,520.7724763,521.7550659,28188348,-2.39%
2023-10-27,524.7028044,526.6679834,522.7376253,523.7202148,15679643,0.38%
2023-10-30,521.7550204,524.7027888,518.8072519,522.7376099,21404842,-0.19%
2023-10-31,525.6853313,525.6853313,517.8246161,519.7897949,25667058,-0.56%
2023-11-01,523.7201984,523.7201984,517.8246615,518.807251,13603347,-0.19%
2023-11-02,526.6679563,537.4764404,525.6853668,537.4764404,29401438,3.60%
2023-11-03,537.4764713,539.4416504,535.5112923,539.4416504,15426176,0.37%
2023-11-06,543.372024,546.3197927,540.4242554,540.4242554,29215201,0.18%
2023-11-07,542.3894505,545.3372192,540.4242713,545.3372192,14777790,0.91%
2023-11-08,540.4241658,547.3022915,540.4241658,546.3197021,15314834,0.18%
2023-11-09,541.406831,547.3023682,541.406831,547.3023682,13165684,0.18%
2023-11-10,545.3371891,547.3023682,544.3545996,547.3023682,12994933,0.00%
2023-11-13,568.9193096,569.9018991,561.0585938,561.0585938,43866014,2.51%
2023-11-14,565.9715568,565.9715568,561.0586092,562.0411987,21568576,0.18%
2023-11-15,572.8497618,572.8497618,564.9890447,570.8845825,50305088,1.57%
2023-11-16,570.8844914,572.8496704,567.936723,572.8496704,28291435,0.34%
2023-11-17,568.9192661,572.8496237,568.9192661,569.9018555,22031704,-0.51%
2023-11-20,565.9715731,568.9193417,564.9889835,566.9541626,22010114,-0.52%
2023-11-21,571.8671118,574.8148804,570.8845222,574.8148804,35921706,1.39%
2023-11-22,565.9715731,568.9193417,564.006394,566.9541626,21969125,-1.37%
2023-11-23,564.0063487,567.9367065,564.0063487,567.9367065,14486134,0.17%
2023-11-24,566.9541316,567.9367211,564.0063632,564.9889526,10058969,-0.52%
2023-11-27,563.023849,566.9542074,558.1109009,558.1109009,18528520,-1.22%
2023-11-28,555.1630578,565.9715421,555.1630578,564.9889526,26343906,1.23%
2023-11-29,567.9367669,568.9193565,560.0760504,564.0064087,24868842,-0.17%
2023-11-30,565.9715731,566.9541626,560.0760358,566.9541626,47192647,0.52%
2023-12-01,563.0237746,568.9193115,563.0237746,568.9193115,28051165,0.35%
2023-12-04,571.8671252,571.8671252,561.05864,564.0064087,26847171,-0.86%
2023-12-05,561.0585782,562.0411677,557.1282204,560.0759888,22229723,-0.70%
2023-12-06,558.1108099,564.988936,558.1108099,560.0759888,21518089,0.00%
2023-12-07,560.0760492,563.0238178,556.1456909,556.1456909,20840397,-0.70%
2023-12-08,564.0063466,566.9541149,560.0759888,560.0759888,33507214,0.71%
2023-12-11,562.0412296,564.9889983,560.0760504,564.0064087,27378610,0.70%
2023-12-12,569.9018855,570.8844749,564.9889382,567.9367065,29403010,0.70%
2023-12-13,565.9715731,568.9193417,565.9715731,566.9541626,22977731,-0.17%
2023-12-14,573.868232,574.855957,571.892782,574.855957,39409958,1.39%
2023-12-15,577.8191528,578.8068779,572.8805276,577.8191528,54323262,0.52%
2023-12-18,571.8928025,577.8191528,569.9173525,577.8191528,26122277,0.00%
2023-12-19,580.782328,580.782328,572.8805276,577.8191528,28254292,0.00%
2023-12-20,579.7946029,579.7946029,575.8437027,577.8191528,38121456,0.00%
2023-12-21,569.9172974,571.8927473,567.9418475,569.9172974,24923414,-1.37%
2023-12-22,574.855957,574.855957,571.892782,574.855957,18690214,0.87%
2023-12-25,574.8560112,577.8191866,572.880561,573.8682861,9548143,-0.17%
2023-12-26,575.8436489,578.8068237,574.8559239,578.8068237,16094308,0.86%
2023-12-27,579.7945902,584.7332153,578.8068652,584.7332153,33401336,1.02%
2023-12-28,584.7331613,585.7208862,581.7699865,585.7208862,25514849,0.17%
2023-12-29,581.7699865,585.7208862,581.7699865,585.7208862,18416318,0.00%
2024-01-02,582.7577114,585.7208862,581.7699865,585.7208862,26059058,0.00%
2024-01-03,576.8314408,577.8191658,568.9296402,570.9050903,37106763,-2.53%
2024-01-04,572.8804321,573.868157,569.9172575,572.8804321,15309129,0.35%
2024-01-05,570.9050766,572.8805266,566.9541764,568.9296265,18158971,-0.69%
2024-01-08,574.8559639,577.819139,571.8927889,575.843689,17761275,1.22%
2024-01-09,580.7822736,581.7699986,575.8436489,578.8068237,22501510,0.51%
2024-01-10,573.8682458,578.806871,572.8805208,576.8314209,13037716,-0.34%
2024-01-11,578.8068237,581.7699986,575.8436489,578.8068237,23997409,0.34%
2024-01-12,573.8682458,580.782321,573.8682458,576.8314209,16496053,-0.34%
2024-01-15,582.7577236,582.7577236,577.8190988,578.8068237,21143076,0.34%
2024-01-16,573.868157,580.7822312,571.8927072,572.8804321,27223860,-1.02%
2024-01-17,575.8437363,576.8314614,570.9051108,573.8682861,42592335,0.17%
2024-01-18,578.8068985,581.7700737,577.8191734,580.7823486,27209996,1.20%
2024-01-19,617.3281319,619.3035819,606.4631568,618.3158569,161106401,6.46%
2024-01-22,625.229932,625.229932,615.3526819,618.3158569,65168775,0.00%
2024-01-23,621.2789847,621.2789847,614.3649102,620.2912598,41072439,0.32%
2024-01-24,620.2913139,622.2667639,616.3404138,619.3035889,26635005,-0.16%
2024-01-25,627.2053105,634.1193848,625.2298607,634.1193848,52243347,2.39%
2024-01-26,636.0948486,638.0702985,631.156224,636.0948486,41153025,0.31%
2024-01-29,638.0703264,640.0457764,636.0948765,640.0457764,27825490,0.62%
2024-01-30,634.1193848,639.0580093,634.1193848,634.1193848,36161825,-0.93%
2024-01-31,626.2176094,629.1807842,618.3158099,620.2912598,41277950,-2.18%
2024-02-01,617.328085,620.2912598,611.4017353,620.2912598,44946369,0.00%
2024-02-02,625.2298724,627.2053223,620.2912478,627.2053223,26334815,1.11%
2024-02-05,637.0826485,639.0580986,630.1685732,638.0703735,44017740,1.73%
2024-02-15,700.2970361,700.2970361,684.4934359,688.4443359,112945296,7.89%
2024-02-16,688.4442994,690.4197493,674.6161499,674.6161499,44232811,-2.01%
2024-02-19,665.7266513,673.6284513,665.7266513,669.6775513,34408673,-0.73%
2024-02-20,666.7144376,679.5548638,666.7144376,678.5671387,30166461,1.33%
2024-02-21,669.677572,674.6161971,669.677572,672.6407471,30564485,-0.87%
2024-02-22,686.4688512,686.4688512,676.5916015,683.5056763,33145643,1.62%
2024-02-23,692.395236,694.370686,687.4566109,688.4443359,46448923,0.72%
2024-02-26,691.4075179,691.4075179,686.4688928,689.4320679,28798079,0.14%
2024-02-27,691.4075179,692.3952429,682.5179927,689.4320679,33006829,0.00%
2024-02-29,682.5179373,689.432012,679.5547625,681.5302124,54368302,-1.15%
2024-03-01,688.4443417,688.4443417,679.5548165,680.5425415,23390635,-0.14%
2024-03-04,705.2356716,716.100647,702.2724965,716.100647,88861397,5.22%
2024-03-05,725.9778706,728.9410456,719.0637956,721.0392456,64403889,0.69%
2024-03-06,709.1865796,728.9410804,708.1988545,725.9779053,43687122,0.68%
2024-03-07,745.7323954,759.5605458,744.7446703,750.6710205,71817344,3.40%
2024-03-08,785.2413789,786.2291039,762.5237038,774.3764038,87139744,3.16%
2024-03-11,758.5728623,768.4501131,751.6587867,756.5974121,64759810,-2.30%
2024-03-12,747.7077933,761.5359427,744.7446184,760.5482178,58110339,0.52%
2024-03-13,775.3640939,775.3640939,767.4622942,769.4377441,36754557,1.17%
2024-03-14,769.4377788,775.3641288,760.5482537,774.3764038,42010806,0.64%
2024-03-15,761.5360088,767.4623591,743.756958,743.756958,73316437,-3.95%
2024-03-18,748.2222578,759.1379671,748.2222578,758.1456299,43589856,1.93%
2024-03-19,752.1915402,759.1379,749.2145288,756.1608887,30152375,-0.26%
2024-03-20,758.1456125,763.1072984,746.2375662,752.1915894,41280325,-0.52%
2024-03-21,767.0766613,777.9923706,766.0843241,777.9923706,46026103,3.43%
2024-03-22,781.9616917,782.9540289,769.0613085,778.9846802,30660820,0.13%
2024-03-25,777.0000218,781.9617078,773.0306731,774.0230103,19877101,-0.64%
2024-03-26,781.9616521,785.9310006,770.0536067,776.0076294,40990702,0.26%
2024-03-27,778.9846625,778.9846625,773.0306396,773.0306396,18794479,-0.38%
2024-03-28,768.0689858,770.0536601,762.1149626,763.1072998,27190918,-1.28%
2024-03-29,763.1072897,771.0459871,762.1149525,770.0536499,9802000,0.91%
2024-04-01,776.9999924,776.9999924,763.1072722,764.0996094,21041261,-0.77%
2024-04-02,777.9923878,783.9464111,777.0000505,783.9464111,37974481,2.60%
2024-04-03,777.0000218,778.9846962,772.0383359,774.0230103,30890544,-1.27%
2024-04-08,782.9540845,785.9310962,777.000061,777.000061,32202226,0.38%
2024-04-09,788.9080296,813.7164582,785.9310182,812.7241211,56857731,4.60%
2024-04-10,808.7548218,812.7241706,803.7931358,808.7548218,27480849,-0.49%
2024-04-11,804.785457,813.7164917,804.785457,813.7164917,25200651,0.61%
2024-04-12,816.6934974,819.6705089,810.7394743,811.7318115,31508936,-0.24%
2024-04-15,797.8390562,805.7777533,796.8467191,799.8237305,38913470,-1.47%
2024-04-16,795.8543899,796.8467271,778.9846585,781.9616699,49508969,-2.23%
2024-04-17,791.8850881,801.8084601,786.9234021,797.8391113,34472074,2.03%
2024-04-18,789.9004137,803.7931345,785.9310649,797.8391113,43598591,0.00%
2024-04-19,763.1072747,764.0996118,740.28352,744.2528687,130968654,-6.72%
2024-04-22,734.3295346,751.1992671,734.3295346,736.314209,46540798,-1.07%
2024-04-23,755.1685892,755.1685892,746.2375547,748.222229,30423647,1.62%
2024-04-24,764.0996769,778.9847355,763.1073396,777.000061,39457128,3.85%
2024-04-25,764.0996589,768.0690078,759.1379728,760.1303101,28534926,-2.17%
2024-04-26,781.9616521,782.9539892,776.0076294,776.0076294,32571247,2.09%
2024-04-29,783.946395,788.9080811,780.9693834,788.9080811,26765837,1.66%
2024-04-30,790.8927717,795.8544579,783.9464111,783.9464111,39051972,-0.63%
2024-05-02,782.9540213,782.9540213,766.0842896,766.0842896,40527228,-2.28%
2024-05-03,781.9617078,781.9617078,767.0766499,774.0230103,29901556,1.04%
2024-05-06,784.9387369,786.9234113,779.9770508,779.9770508,32599878,0.77%
2024-05-07,790.8927394,793.869751,785.9310535,793.869751,33890214,1.78%
2024-05-08,787.9157336,795.8544312,785.9310592,795.8544312,21757193,0.25%
2024-05-09,791.885065,795.8544137,789.9003906,789.9003906,21923999,-0.75%
2024-05-10,796.8467683,800.8161171,791.8850824,795.8544312,25101318,0.75%
2024-05-13,816.6934697,818.678144,811.7317839,812.7241211,34812619,2.12%
2024-05-14,809.7471271,818.6781616,804.7854413,818.6781616,28691846,0.73%
2024-05-15,831.5785856,837.5326089,830.5862484,832.5709229,39467772,1.70%
2024-05-16,845.4713125,849.4406613,830.5862541,834.555603,43927195,0.24%
2024-05-17,841.5019461,841.5019461,827.6092253,828.6015625,26207289,-0.71%
2024-05-20,827.6092253,831.5785741,815.7011789,828.6015625,28808661,0.00%
2024-05-21,823.6398936,834.555603,823.6398936,834.555603,19705349,0.72%
2024-05-22,838.5249269,858.3716707,836.5402525,857.3793335,36628342,2.73%
2024-05-23,868.2949829,870.2796572,860.3562859,868.2949829,37266618,1.27%
2024-05-24,851.4252887,865.3180091,851.4252887,860.3563232,34136382,-0.91%
2024-05-27,865.3180149,871.272038,859.3639919,862.3410034,26726954,0.23%
2024-05-28,860.3563786,866.3104019,858.3717041,858.3717041,25329216,-0.46%
2024-05-29,854.4022709,861.3486308,849.4405852,850.4329224,33436835,-0.92%
2024-05-30,834.5555638,841.501924,831.5785522,831.5785522,38065102,-2.22%
2024-05-31,831.5785951,839.5172929,814.7088623,814.7088623,77438401,-2.03%
2024-06-03,832.5709125,846.4636334,830.5862381,839.5172729,28345488,3.05%
2024-06-04,837.5326089,844.4789694,830.5862484,832.5709229,28223635,-0.83%
2024-06-05,834.5555496,850.4329441,828.6015266,847.4559326,31975446,1.79%
2024-06-06,886.1570769,892.1110998,878.2183797,887.1494141,62925136,4.68%
2024-06-07,878.2184275,881.1954392,872.2644043,872.2644043,41075399,-1.68%
2024-06-11,885.1647996,888.1418113,876.2337646,876.2337646,48228488,0.46%
2024-06-12,881.1954044,906.9961707,881.1954044,902.0344849,48106925,2.94%
2024-06-13,919.4672953,931.4213663,907.5132243,915.482605,55857091,1.49%
2024-06-14,912.4940948,918.4711304,901.5361963,918.4711304,38408123,0.33%
2024-06-17,909.5055947,921.459666,909.5055947,917.4749756,26292426,-0.11%
2024-06-18,940.3869197,946.3639552,936.4022293,939.3907471,37876013,2.39%
2024-06-19,949.3524681,980.233818,949.3524681,977.2453003,72228052,4.03%
2024-06-20,967.2835745,977.2453003,967.2835745,977.2453003,48225374,0.00%
2024-06-21,957.3218612,974.2567953,956.3256886,966.2874146,88376132,-1.12%
2024-06-24,954.3333281,956.3256732,936.4022217,936.4022217,66391994,-3.09%
2024-06-25,921.4596654,941.3831177,919.4673202,941.3831177,57368432,0.53%
2024-06-26,947.3601303,956.3256836,947.3601303,956.3256836,44967166,1.59%
2024-06-27,947.3601303,957.3218562,945.3677851,956.3256836,39729446,0.00%
2024-06-28,952.3410083,967.2835974,951.3448357,962.3027344,39138210,0.63%
2024-07-01,964.295105,973.2606586,961.3065871,964.295105,19935737,0.21%
2024-07-02,963.2988917,967.2835821,955.329511,956.3256836,25427569,-0.83%
2024-07-03,972.2644729,975.2529907,963.2989193,975.2529907,24070411,1.98%
2024-07-04,996.1725795,1006.134305,993.1840617,1001.153442,41893299,2.66%
2024-07-05,1001.153442,1006.134305,996.1725795,1001.153442,19998094,0.00%
2024-07-08,1001.153517,1045.981286,996.1726534,1031.038696,40146763,2.99%
2024-07-09,1026.057805,1050.962121,1021.076942,1036.019531,46373121,0.48%
2024-07-10,1016.096051,1045.981229,1011.115188,1041.000366,46206302,0.48%
2024-07-11,1060.923865,1075.866455,1050.962139,1075.866455,41724336,3.35%
2024-07-12,1026.057805,1041.000394,1021.076942,1036.019531,68983062,-3.70%
2024-07-15,1036.019531,1041.000394,1021.076942,1036.019531,38393309,0.00%
2024-07-16,1036.019568,1065.904748,1031.038705,1050.962158,32125609,1.44%
2024-07-17,1031.038602,1041.000328,1016.096014,1026.057739,54022399,-2.37%
2024-07-18,984.2185085,1001.153442,982.2261634,1001.153442,81990095,-2.43%
2024-07-19,984.2185212,991.1917294,966.2874146,966.2874146,92507621,-3.48%
2024-07-22,960.3103818,961.3065544,934.4098943,935.4060669,83062356,-3.20%
2024-07-23,959.3142289,975.2529907,952.3410206,975.2529907,47213266,4.26%
2024-07-26,911.4979474,926.4405367,911.4979474,920.463501,82081735,-5.62%
2024-07-29,938.3946176,944.3716534,932.4175818,940.3869629,40809258,2.16%
2024-07-30,926.4404959,945.3677749,922.4558056,936.4022217,41761392,-0.42%
2024-07-31,925.4443688,936.4022677,924.4481962,930.4252319,39894991,-0.64%
2024-08-01,965.2912369,965.2912369,944.3716125,956.3256836,47382270,2.78%
2024-08-02,914.4864737,924.4482,899.5438843,899.5438843,76144485,-5.94%
2024-08-05,848.7390628,853.7199258,809.8883311,811.8806763,144057989,-9.75%
2024-08-06,864.6778257,891.5744861,836.7849926,876.631897,102930842,7.98%
2024-08-07,897.5515408,916.4788208,889.5821598,916.4788208,59158704,4.55%
2024-08-08,897.5515419,901.5362324,883.605125,892.5706787,38236391,-2.61%
2024-08-09,923.4520236,930.4252319,918.4711604,930.4252319,49494621,4.24%
2024-08-12,938.3945668,944.3716023,927.4366685,936.4022217,38331663,0.64%
2024-08-13,941.383128,941.383128,933.413747,937.3984375,25764381,0.11%
2024-08-14,947.3601609,951.3448514,941.3831252,944.3716431,36780856,0.74%
2024-08-15,941.3830922,946.3639552,937.3984019,939.3907471,19476402,-0.53%
2024-08-16,959.3142241,965.2912598,954.333361,965.2912598,44062316,2.76%
2024-08-19,965.2912495,971.2682851,960.3103865,969.2759399,21348863,0.41%
2024-08-20,973.2606303,973.2606303,964.2950769,969.2759399,24039959,0.00%
2024-08-21,957.3218919,960.3104098,952.3410288,954.333374,29758188,-1.54%
2024-08-22,954.3333768,960.3104126,944.3716506,947.3601685,24349754,-0.73%
2024-08-23,940.3869348,948.3563157,935.4060718,945.3677979,27592153,-0.21%
2024-08-26,953.3371607,957.321851,941.3830897,946.3639526,25057581,0.11%
2024-08-27,941.3831101,942.3792827,936.4022471,938.3945923,18693037,-0.84%
2024-08-28,941.3830848,960.3103638,939.3907397,960.3103638,31059233,2.34%
2024-08-29,938.3945745,943.3754374,933.4137116,939.3907471,43530708,-2.18%
2024-08-30,940.3869629,948.3563439,937.398445,940.3869629,63834981,0.11%
2024-09-02,946.3639883,951.3448514,939.39078,944.3716431,18646835,0.42%
2024-09-03,944.3716023,948.3562926,935.4060491,936.4022217,19547575,-0.84%
2024-09-04,890.5783363,901.5362353,884.6013005,885.5974731,79709021,-5.43%
2024-09-05,903.5285314,911.497912,896.5553233,898.5476685,30512026,1.46%
2024-09-06,905.5208968,914.4864502,899.5438611,914.4864502,24458336,1.77%
2024-09-09,888.5859956,896.5553767,887.589823,895.5592041,35885268,-2.07%
2024-09-10,903.5285569,907.5132473,897.5515212,900.5400391,33498628,0.56%
2024-09-11,902.5323767,902.5323767,896.5553411,897.5515137,18029342,-0.33%
2024-09-12,932.4175314,940.386912,924.4481508,936.4022217,39454846,4.33%
2024-09-13,951.3448694,951.3448694,935.4061072,943.3754883,25347586,0.74%
2024-09-16,948.3563515,948.3563515,939.3907977,943.3754883,13626239,0.00%
2024-09-18,941.383128,944.3716459,929.4290565,937.3984375,28424324,-0.63%
2024-09-19,936.4022319,956.3256836,932.4175415,956.3256836,32739630,2.02%
2024-09-20,977.2453207,978.2414933,967.2835947,969.2759399,60133709,1.35%
2024-09-23,967.2835846,973.2606201,967.2835846,973.2606201,14497067,0.41%
2024-09-24,972.2644525,983.2223511,967.2835896,983.2223511,26785975,1.02%
2024-09-25,996.1725795,1001.153442,994.1802343,1001.153442,39405222,1.82%
2024-09-26,1006.13431,1011.115173,1001.153447,1011.115173,38321585,1.00%
2024-09-27,1016.09606,1021.076923,996.1726074,996.1726074,35783779,-1.48%
2024-09-30,974.2567824,986.2108533,953.3371582,953.3371582,61603217,-4.30%
2024-10-01,963.2989221,973.2606482,963.2989221,968.2797852,26760355,1.57%
2024-10-04,982.2261734,982.2261734,963.2988942,973.2606201,40934818,0.51%
2024-10-07,989.1993714,1006.134305,985.2146811,1001.153442,39667071,2.87%
2024-10-08,996.1726123,1006.134338,993.1840944,1006.134338,30845902,0.50%
2024-10-09,1026.057796,1031.038659,1016.096069,1016.096069,46975717,0.99%
2024-10-11,1021.076914,1045.981229,1016.096051,1041.000366,43058754,2.45%
2024-10-14,1041.000366,1050.962092,1031.03864,1041.000366,36858874,0.00%
2024-10-15,1045.981211,1070.885526,1045.981211,1065.904663,42850176,2.39%
2024-10-16,1036.019503,1065.904681,1031.03864,1041.000366,52652149,-2.34%
2024-10-17,1045.981286,1050.962149,1026.057833,1031.038696,54173771,-0.96%
2024-10-18,1090.809016,1095.789879,1070.885564,1080.84729,85011961,4.83%
2024-10-21,1085.828153,1090.809016,1075.866427,1080.84729,36491060,0.00%
2024-10-22,1060.923772,1070.885498,1055.94291,1070.885498,41197877,-0.92%
2024-10-23,1055.942993,1065.90472,1050.96213,1055.942993,31423466,-1.40%
2024-10-24,1065.90472,1070.885583,1050.96213,1055.942993,38236996,0.00%
2024-10-25,1060.923828,1065.904691,1055.942965,1060.923828,22009575,0.47%
2024-10-28,1070.885515,1075.866378,1045.981201,1045.981201,40142324,-1.41%
2024-10-29,1031.038668,1036.019531,1016.096079,1036.019531,45415773,-0.95%
2024-10-30,1036.019465,1050.962053,1026.057739,1026.057739,38201984,-0.96%
2024-11-01,992.1878992,1026.057767,992.1878992,1021.076904,54480255,-0.49%
2024-11-04,1026.057805,1041.000394,1021.076942,1036.019531,26747978,1.46%
2024-11-05,1026.05775,1050.962064,1026.05775,1045.981201,32385622,0.96%
2024-11-06,1045.981267,1075.866446,1036.01954,1055.942993,55349259,0.95%
2024-11-07,1045.981239,1070.885554,1045.981239,1060.923828,43975446,0.47%
2024-11-08,1080.847262,1085.828125,1075.866399,1085.828125,37099479,2.35%
2024-11-11,1075.866427,1085.828153,1065.904701,1080.84729,34690205,-0.46%
2024-11-12,1055.942927,1060.92379,1045.981201,1045.981201,51099848,-3.23%
2024-11-13,1041.000423,1045.981286,1031.038696,1031.038696,42331232,-1.43%
2024-11-14,1026.057833,1036.01956,1021.07697,1031.038696,44627940,0.00%
2024-11-15,1036.01956,1041.000423,1026.057833,1031.038696,34791611,0.00%
2024-11-18,1026.057767,1031.03863,1016.096041,1021.076904,31815076,-0.97%
2024-11-19,1026.057805,1041.000394,1021.076942,1036.019531,24349599,1.46%
2024-11-20,1021.076904,1021.076904,1021.076904,1021.076904,40203197,-1.44%
2024-11-21,1016.096065,1021.076928,1006.134338,1006.134338,41429227,-1.46%
2024-11-22,1031.038668,1045.981258,1031.038668,1036.019531,25187973,2.97%
2024-11-25,1041.000328,1045.981191,1026.057739,1026.057739,49566674,-0.96%
2024-11-26,1011.115201,1016.096065,1006.134338,1006.134338,27312402,-1.94%
2024-11-27,1006.134333,1016.09606,996.1726074,996.1726074,31276090,-0.99%
2024-11-28,1001.153442,1001.153442,988.2031988,1001.153442,33689956,0.50%
2024-11-29,991.1917546,1006.134344,990.195582,992.1879272,40094983,-0.90%
2024-12-02,1016.096106,1036.01956,1011.115243,1031.038696,31168404,3.92%
2024-12-03,1055.943022,1060.923885,1050.962158,1050.962158,43414538,1.93%
2024-12-04,1060.9238,1065.904663,1050.962074,1065.904663,33466290,1.42%
2024-12-05,1065.904635,1075.866361,1065.904635,1070.885498,31425359,0.47%
2024-12-06,1070.885554,1075.866417,1055.942965,1060.923828,30765288,-0.93%
2024-12-09,1065.904635,1070.885498,1060.923772,1070.885498,22247131,0.94%
2024-12-10,1065.904691,1070.885554,1055.942965,1060.923828,28506584,-0.93%
2024-12-11,1041.000366,1055.942955,1041.000366,1041.000366,25264194,-1.88%
2024-12-12,1060,1065,1055,1060,22791260,1.83%
2024-12-13,1060,1070,1055,1065,20423659,0.47%
2024-12-16,1085,1085,1075,1085,39722392,1.88%
2024-12-17,1090,1095,1075,1075,37880707,-0.92%
2024-12-18,1075,1090,1070,1085,41863190,0.93%
2024-12-19,1065,1070,1055,1070,42702851,-1.38%
2024-12-20,1060,1060,1035,1035,52030520,-3.27%
2024-12-23,1065,1080,1060,1080,30728473,4.35%
2024-12-24,1095,1095,1080,1080,26461906,0.00%
2024-12-25,1090,1090,1080,1085,15481622,0.46%
2024-12-26,1085,1090,1085,1085,14374900,0.00%
2024-12-27,1080,1095,1080,1090,24948385,0.46%
2024-12-30,1090,1095,1085,1090,23954634,0.00%
2024-12-31,1080,1085,1075,1075,28397820,-1.38%
2025-01-02,1070,1075,1055,1065,43177098,-0.93%
2025-01-03,1080,1085,1075,1075,30415096,0.94%
2025-01-06,1100,1125,1095,1125,69289786,4.65%
2025-01-07,1150,1160,1130,1130,48758688,0.44%
2025-01-08,1110,1130,1105,1105,45211419,-2.21%
2025-01-09,1100,1115,1100,1100,27263215,-0.45%
2025-01-10,1100,1110,1100,1100,22021522,0.00%
2025-01-13,1110,1115,1070,1075,56690300,-2.27%
2025-01-14,1085,1090,1075,1090,28695247,1.40%
2025-01-15,1085,1085,1065,1065,35489482,-2.29%
2025-01-16,1095,1115,1090,1105,47542962,3.76%
2025-01-17,1125,1125,1095,1120,59214050,1.36%
2025-01-20,1125,1135,1120,1120,29834528,0.00%
2025-01-21,1115,1125,1110,1120,21904213,0.00%
2025-01-22,1140,1150,1135,1135,42960405,1.34%
2025-02-03,1065,1075,1060,1070,97946226,-5.73%
2025-02-04,1085,1100,1080,1095,53308108,2.34%
2025-02-05,1110,1120,1105,1110,40385340,1.37%
2025-02-06,1120,1120,1105,1115,29971252,0.45%
2025-02-07,1110,1125,1105,1125,27883220,0.90%
2025-02-10,1125,1125,1095,1105,28527108,-1.78%
2025-02-11,1110,1115,1100,1110,18898928,0.45%
2025-02-12,1110,1115,1100,1100,24172954,-0.90%
2025-02-13,1090,1095,1080,1090,33210403,-0.91%
2025-02-14,1065,1070,1060,1060,64486940,-2.75%
2025-02-17,1065,1085,1065,1085,35491271,2.36%
2025-02-18,1085,1100,1080,1100,21616188,1.38%
2025-02-19,1090,1095,1085,1090,26400293,-0.91%
2025-02-20,1080,1085,1070,1080,29643124,-0.92%
2025-02-21,1085,1095,1080,1095,28972910,1.39%
2025-02-24,1080,1085,1075,1075,30822970,-1.83%
2025-02-25,1055,1060,1050,1055,45158522,-1.86%
2025-02-26,1045,1060,1045,1060,36768449,0.47%
2025-02-27,1065,1065,1040,1040,55283596,-1.89%
2025-03-03,1000,1020,1000,1020,65621663,-1.92%
2025-03-04,996,1010,996,1000,64569262,-1.96%
2025-03-05,1020,1030,1015,1020,41994320,2.00%
2025-03-06,1020,1025,1005,1005,45187017,-1.47%
2025-03-07,1005,1010,1000,1005,40822280,0.00%
2025-03-10,1005,1005,992,998,46849886,-0.70%
2025-03-11,969,979,963,971,50204233,-2.71%
2025-03-12,980,995,976,988,34184887,1.75%
2025-03-13,1000,1005,965,965,37035693,-2.33%
2025-03-14,965,969,955,959,34333748,-0.62%
2025-03-17,977,985,968,970,31491061,1.15%
2025-03-18,976,978,968,971,21575327,0.10%
2025-03-19,965,967,950,952,35245036,-1.96%
2025-03-20,978,985,971,985,28715956,3.47%
2025-03-21,985,987,970,972,39214916,-1.32%
2025-03-24,986,987,972,972,16121506,0.00%
2025-03-25,989,995,985,990,26167428,1.85%
2025-03-26,995,995,980,980,21735917,-1.01%
2025-03-27,961,964,958,958,34563256,-2.24%
2025-03-28,946,955,946,952,33101234,-0.63%
2025-03-31,920,924,910,910,51064611,-4.41%
2025-04-01,929,946,925,944,32197752,3.74%
2025-04-02,949,952,938,942,24849656,-0.21%
2025-04-07,848,848,848,848,23820773,-9.98%
2025-04-08,797,843,797,816,116648736,-3.77%
2025-04-09,809,826,780,785,107582838,-3.80%
2025-04-10,863,863,863,863,19416428,9.94%
2025-04-11,848,889,836,889,76103586,3.01%
2025-04-14,895,903,865,865,66326054,-2.70%
2025-04-15,874,879,865,877,30562095,1.39%
2025-04-16,867,869,852,855,42128082,-2.51%
2025-04-17,849,856,842,847,33684502,-0.94%
2025-04-18,853,858,850,850,20101219,0.35%
2025-04-21,844,847,832,835,18415705,-1.76%
2025-04-22,826,829,816,816,28888527,-2.28%
2025-04-23,853,873,848,873,37863656,6.99%
2025-04-24,886,886,859,864,32238198,-1.03%
2025-04-25,900,901,886,888,34640282,2.78%
2025-04-28,898,898,893,897,21830091,1.01%
2025-04-29,897,902,893,902,24362874,0.56%
2025-04-30,901,908,899,908,35405654,0.67%
2025-05-02,938,950,932,950,43873135,4.63%
2025-05-05,956,957,923,938,52770209,-1.26%
2025-05-06,916,930,916,920,37538894,-1.92%
2025-05-07,925,932,911,928,36907620,0.87%
2025-05-08,933,939,918,918,27985917,-1.08%
2025-05-09,938,949,934,949,36383573,3.38%
2025-05-12,954,962,952,957,23402547,0.84%
2025-05-13,990,990,969,969,38047856,1.25%
2025-05-14,990,999,988,999,40475123,3.10%
2025-05-15,1000,1000,993,993,24662270,-0.60%
2025-05-16,991,998,989,998,16878650,0.50%
2025-05-19,993,994,980,984,19906139,-1.40%
2025-05-20,991,994,978,978,20897857,-0.61%
2025-05-21,986,999,983,990,26248757,1.23%
2025-05-22,988,988,979,982,18747545,-0.81%
2025-05-23,993,993,975,984,22213030,0.20%
2025-05-26,975,984,975,976,19329052,-0.81%
2025-05-27,971,975,961,965,26355315,-1.13%
2025-05-28,984,985,967,967,26471533,0.21%
2025-05-29,986,986,967,967,48602590,0.00%
2025-06-02,958,961,946,946,33676511,-2.17%
2025-06-03,960,965,950,950,26020787,0.42%
