Ticker,2330.TW,2330.TW,2330.TW,2330.TW,2330.TW,2330.TW
Price,Open,High,Low,Close,Adj Close,Volume
Date,,,,,,
2020-01-02,332.5,339.0,332.5,339.0,306.61859130859375,31754120
2020-01-03,344.0,345.0,335.5,339.5,307.07086181640625,41811268
2020-01-06,333.0,334.5,332.0,332.0,300.2872619628906,45343057
2020-01-07,332.5,333.0,326.5,329.5,298.0260314941406,50879181
2020-01-08,325.0,333.0,325.0,329.5,298.0260314941406,37567748
2020-01-09,335.0,337.5,333.5,337.5,305.2619323730469,31481504
2020-01-10,340.5,341.0,336.0,339.5,307.07086181640625,27032115
2020-01-13,342.0,342.0,339.0,341.5,308.87982177734375,30663332
2020-01-14,345.5,346.0,344.5,346.0,312.949951171875,30223993
2020-01-15,345.0,345.0,337.5,340.0,307.5230712890625,47434274
2020-01-16,330.0,336.5,330.0,334.5,302.5484313964844,55211420
2020-01-17,334.0,335.5,332.0,333.0,301.191650390625,52060097
2020-01-20,334.0,335.5,333.0,333.0,301.191650390625,32658203
2020-01-30,326.0,326.0,316.5,316.5,286.2677917480469,125451049
2020-01-31,323.0,323.5,319.0,320.0,289.43341064453125,62526055
2020-02-03,315.0,316.5,312.0,315.0,284.9111328125,59560849
2020-02-04,336.5,337.0,325.0,325.0,293.95587158203125,51890496
2020-02-05,329.0,329.5,324.5,327.5,296.2170715332031,36601453
2020-02-06,329.5,332.5,329.0,332.5,300.7395324707031,29267094
2020-02-07,330.0,330.5,326.0,328.0,296.66937255859375,28798327
2020-02-10,321.5,328.0,321.0,327.5,296.2170715332031,30632424
2020-02-11,330.5,332.5,330.0,331.5,299.8350830078125,27524935
2020-02-12,333.5,336.0,333.0,335.0,303.00067138671875,37612639
2020-02-13,338.0,338.0,335.0,335.0,303.00067138671875,22757021
2020-02-14,337.0,337.0,334.5,335.0,303.00067138671875,16933683
2020-02-17,331.5,333.0,330.5,331.5,299.8350830078125,15937079
2020-02-18,324.5,326.5,322.0,322.0,291.2424011230469,61825604
2020-02-19,322.5,327.0,322.0,326.5,295.31256103515625,38781218
2020-02-20,328.0,329.0,325.0,325.5,294.4081115722656,27011736
2020-02-21,325.5,326.5,323.0,325.0,293.95587158203125,22813534
2020-02-24,319.5,321.5,319.5,320.0,289.43341064453125,41693680
2020-02-25,320.0,323.5,317.5,322.0,291.2424011230469,36195011
2020-02-26,317.0,320.5,316.5,318.5,288.0767822265625,60479362
2020-02-27,319.0,320.0,315.0,316.0,285.8155822753906,61250927
2020-03-02,308.0,317.0,308.0,311.0,281.2931823730469,79912942
2020-03-03,318.5,320.0,316.0,317.5,287.1722717285156,49679411
2020-03-04,322.0,322.0,317.0,320.5,289.8857727050781,42941146
2020-03-05,325.0,326.0,323.0,323.0,292.1468811035156,37861525
2020-03-06,320.0,320.5,315.0,315.0,284.9111328125,51546760
2020-03-09,307.5,310.0,305.5,305.5,276.31854248046875,87871277
2020-03-10,301.5,309.0,301.0,307.0,277.6752014160156,71950130
2020-03-11,309.0,310.5,302.0,302.0,273.1528625488281,62216710
2020-03-12,299.0,299.0,287.0,294.0,265.9169921875,113527351
2020-03-13,275.0,294.0,272.5,290.0,262.29913330078125,149995148
2020-03-16,285.0,291.0,275.5,276.5,250.08856201171875,103873228
2020-03-17,265.0,276.5,265.0,268.0,242.40052795410156,121323651
2020-03-18,269.5,272.5,260.0,260.0,235.1647186279297,117437643
2020-03-19,252.0,253.0,235.5,248.0,226.48873901367188,160811697
2020-03-20,258.5,270.0,256.0,270.0,246.5804443359375,157664726
2020-03-23,257.0,262.5,252.0,255.0,232.8815460205078,76466709
2020-03-24,268.0,274.0,266.0,267.5,244.29733276367188,81952933
2020-03-25,276.5,280.0,274.0,277.0,252.97329711914062,79447199
2020-03-26,279.5,280.0,275.5,280.0,255.713134765625,52845633
2020-03-27,284.0,286.0,273.0,273.0,249.32022094726562,68752306
2020-03-30,263.5,269.0,262.5,267.5,244.29733276367188,49159956
2020-03-31,273.0,274.0,269.5,274.0,250.2335205078125,48837923
2020-04-01,276.5,276.5,271.5,271.5,247.95037841796875,44515034
2020-04-06,273.0,275.5,270.0,275.5,251.60342407226562,56392754
2020-04-07,283.5,284.0,280.5,283.0,258.4529113769531,48787346
2020-04-08,285.0,285.5,283.0,285.0,260.279296875,37912826
2020-04-09,287.5,288.0,282.5,283.0,258.4529113769531,27620430
2020-04-10,280.0,282.0,279.0,279.5,255.2564697265625,27252858
2020-04-13,278.5,281.5,278.5,278.5,254.34323120117188,22196596
2020-04-14,281.0,285.5,280.0,285.0,260.279296875,48809688
2020-04-15,287.0,288.5,286.0,287.5,262.5625915527344,55216434
2020-04-16,283.0,288.5,283.0,286.5,261.6492919921875,47815280
2020-04-17,303.5,308.5,300.5,306.5,279.91455078125,116368201
2020-04-20,308.0,309.0,302.5,304.0,277.63134765625,41381669
2020-04-21,300.5,301.5,293.5,295.0,269.4119873046875,61479357
2020-04-22,294.5,295.0,290.5,294.0,268.4986877441406,42192580
2020-04-23,300.0,300.0,294.0,295.5,269.86859130859375,39474478
2020-04-24,295.5,297.0,294.0,294.0,268.4986877441406,26008090
2020-04-27,298.0,298.5,296.0,298.0,272.15185546875,38493406
2020-04-28,298.5,298.5,294.5,296.5,270.78192138671875,37395165
2020-04-29,299.0,301.5,298.0,299.0,273.06500244140625,44059301
2020-04-30,302.0,305.0,301.5,304.5,278.0879211425781,55126085
2020-05-04,294.5,296.5,294.0,295.0,269.4119873046875,71581861
2020-05-05,296.5,298.0,295.0,295.5,269.86859130859375,23547405
2020-05-06,294.5,296.0,292.5,296.0,270.3252258300781,34240479
2020-05-07,294.5,299.0,294.5,297.5,271.6950988769531,27621198
2020-05-08,300.0,300.0,296.0,297.5,271.6950988769531,32295893
2020-05-11,300.0,301.5,298.5,301.0,274.8915710449219,28727019
2020-05-12,297.5,298.5,295.0,295.0,269.4119873046875,52089788
2020-05-13,293.0,297.0,292.5,297.0,271.2384948730469,26156418
2020-05-14,293.0,295.0,292.5,293.0,267.5854797363281,34315948
2020-05-15,297.5,298.5,294.5,298.0,272.15185546875,42494804
2020-05-18,291.0,293.5,290.0,290.0,264.845703125,84986065
2020-05-19,294.0,294.0,291.5,291.5,266.215576171875,51250214
2020-05-20,293.0,294.0,291.0,294.0,268.4986877441406,32677994
2020-05-21,296.0,298.0,295.0,297.5,271.6950988769531,30997468
2020-05-22,294.5,295.0,291.0,292.0,266.6722106933594,40192923
2020-05-25,290.5,293.0,288.5,292.0,266.6722106933594,26803223
2020-05-26,295.0,297.5,293.5,295.5,269.86859130859375,33856481
2020-05-27,297.0,298.0,295.5,296.5,270.78192138671875,23375959
2020-05-28,298.5,298.5,293.0,294.0,268.4986877441406,28444568
2020-05-29,292.0,292.5,290.0,292.0,266.6722106933594,79774181
2020-06-01,294.0,296.5,293.5,295.5,269.86859130859375,35811214
2020-06-02,296.0,297.5,296.0,296.5,270.78192138671875,24771587
2020-06-03,300.0,301.0,298.0,301.0,274.8915710449219,65176337
2020-06-04,305.0,306.0,304.0,306.0,279.4578857421875,46572451
2020-06-05,308.5,312.0,308.0,311.5,284.48077392578125,42981262
2020-06-08,316.0,319.0,315.0,318.0,290.4169616699219,50302921
2020-06-09,316.5,319.0,314.0,319.0,291.33026123046875,36417082
2020-06-10,319.0,324.0,318.0,322.5,294.5267028808594,39984259
2020-06-11,325.5,327.0,318.5,320.5,292.7001953125,50104255
2020-06-12,313.0,317.5,312.5,316.0,288.5904541015625,45992918
2020-06-15,316.0,317.5,308.5,309.5,282.6543273925781,51032404
2020-06-16,317.0,317.0,314.0,315.0,287.6772155761719,36608216
2020-06-17,316.5,317.0,313.5,315.0,287.6772155761719,34522968
2020-06-18,314.5,315.0,313.0,314.5,289.51837158203125,29044474
2020-06-19,314.0,314.5,312.0,314.5,289.51837158203125,48130280
2020-06-22,314.5,316.5,312.0,312.0,287.2168884277344,37374616
2020-06-23,316.0,316.5,312.5,315.0,289.9786376953125,41300084
2020-06-24,319.0,320.0,316.0,317.5,292.280029296875,54147024
2020-06-29,314.0,315.0,310.0,312.0,287.2168884277344,56580892
2020-06-30,313.5,314.0,311.0,313.0,288.137451171875,48991860
2020-07-01,315.0,318.0,314.0,317.5,292.280029296875,29532342
2020-07-02,319.0,322.0,318.0,322.0,296.422607421875,34526178
2020-07-03,327.0,330.5,326.5,329.5,303.32684326171875,53341987
2020-07-06,332.5,338.0,332.0,338.0,311.1517028808594,57256220
2020-07-07,343.5,346.0,338.0,338.5,311.6119384765625,59046323
2020-07-08,337.5,342.5,337.5,341.0,313.9134521484375,30720218
2020-07-09,346.0,347.0,343.0,345.0,317.5956726074219,35522376
2020-07-10,352.5,353.0,345.5,348.5,320.817626953125,60902108
2020-07-13,351.0,354.5,350.5,354.5,326.34112548828125,48069523
2020-07-14,355.0,364.0,354.5,363.5,334.6261291503906,61764150
2020-07-15,366.0,370.0,361.0,363.0,334.1659240722656,73438362
2020-07-16,359.0,361.0,353.5,357.5,329.102783203125,68220512
2020-07-17,361.0,369.0,360.0,367.0,337.8480529785156,65727485
2020-07-20,370.0,370.0,362.5,366.0,336.9275207519531,42769238
2020-07-21,372.5,387.0,371.5,383.0,352.57708740234375,64219128
2020-07-22,381.0,386.0,379.0,384.0,353.497802734375,43759670
2020-07-23,382.0,383.0,379.0,381.5,351.19635009765625,45209282
2020-07-24,390.0,395.0,382.0,386.0,355.3388977050781,86682734
2020-07-27,420.5,424.5,416.5,424.5,390.78076171875,99333798
2020-07-28,464.0,466.5,428.5,435.0,400.4466552734375,166307746
2020-07-29,428.0,431.5,419.5,422.0,388.47930908203125,85663166
2020-07-30,436.5,441.0,428.5,434.0,399.52618408203125,69293949
2020-07-31,426.0,432.0,425.5,425.5,391.7013244628906,49897674
2020-08-03,420.5,424.0,415.0,416.0,382.95587158203125,76429571
2020-08-04,421.5,425.5,418.5,425.5,391.7013244628906,41223445
2020-08-05,430.5,433.5,426.0,429.0,394.92327880859375,47223834
2020-08-06,437.5,438.0,431.0,435.0,400.4466552734375,41029627
2020-08-07,433.5,434.0,428.0,433.0,398.6056213378906,36589460
2020-08-10,427.5,437.5,427.5,435.5,400.906982421875,36067500
2020-08-11,432.0,435.0,429.0,429.0,394.92327880859375,34545313
2020-08-12,422.0,423.5,419.0,419.0,385.7176208496094,52143474
2020-08-13,428.0,429.0,424.5,429.0,394.92327880859375,44352335
2020-08-14,424.0,428.0,423.0,427.0,393.08209228515625,23419955
2020-08-17,427.0,435.0,425.5,435.0,400.4466552734375,34137731
2020-08-18,440.0,440.5,432.0,433.0,398.6056213378906,41643160
2020-08-19,436.0,436.5,427.5,427.5,393.5424499511719,31486800
2020-08-20,427.0,427.5,401.0,415.0,382.035400390625,75097235
2020-08-21,421.5,427.0,420.0,424.5,390.78076171875,41609467
2020-08-24,427.5,434.5,425.0,428.0,394.0027770996094,48375406
2020-08-25,433.5,436.0,430.5,434.5,399.98638916015625,35977899
2020-08-26,435.5,442.0,435.0,442.0,406.8906555175781,39243340
2020-08-27,448.0,453.5,444.0,444.0,408.7318115234375,53072712
2020-08-28,440.0,440.5,431.0,435.0,400.4466552734375,56842210
2020-08-31,437.0,439.5,426.5,426.5,392.62188720703125,81480538
2020-09-01,430.0,435.0,428.0,435.0,400.4466552734375,37429577
2020-09-02,441.0,441.0,430.5,433.0,398.6056213378906,34871407
2020-09-03,439.5,439.5,433.5,436.0,401.3672790527344,34951617
2020-09-04,427.0,432.5,427.0,429.0,394.92327880859375,46119911
2020-09-07,428.0,432.5,425.0,426.0,392.16156005859375,32019312
2020-09-08,428.0,433.0,427.5,431.0,396.764404296875,23714670
2020-09-09,425.0,428.0,423.0,427.0,393.08209228515625,40551362
2020-09-10,432.5,435.0,430.5,435.0,400.4466552734375,35098921
2020-09-11,435.5,436.5,432.5,436.5,401.8275146484375,34298469
2020-09-14,436.0,442.0,435.5,441.0,405.9701843261719,39085833
2020-09-15,440.5,447.0,439.5,445.0,409.65240478515625,39061449
2020-09-16,460.0,462.0,455.5,458.0,421.6197204589844,64261238
2020-09-17,453.0,455.0,446.5,448.5,415.1403503417969,42058506
2020-09-18,447.0,449.5,443.0,444.0,410.9751281738281,52454922
2020-09-21,443.5,450.0,440.0,440.0,407.27264404296875,39463920
2020-09-22,440.0,441.0,436.0,437.0,404.49578857421875,36130639
2020-09-23,436.0,438.5,432.0,433.5,401.256103515625,45710963
2020-09-24,425.5,429.0,423.0,423.0,391.537109375,79806381
2020-09-25,427.0,428.0,421.0,424.0,392.4627380371094,38775269
2020-09-28,427.0,431.5,424.5,431.5,399.4048767089844,34156973
2020-09-29,432.5,435.0,428.0,431.0,398.9420166015625,32230502
2020-09-30,430.5,435.0,430.5,433.0,400.7933654785156,27334204
2020-10-05,438.0,438.0,431.5,432.5,400.3304748535156,32945832
2020-10-06,441.5,442.0,437.5,439.5,406.8098449707031,35775395
2020-10-07,435.0,445.0,435.0,443.0,410.049560546875,42926239
2020-10-08,450.0,454.0,448.5,453.0,419.3056640625,60853811
2020-10-12,458.0,462.0,457.5,460.0,425.78497314453125,64719223
2020-10-13,465.0,465.0,456.5,462.0,427.63623046875,45750738
2020-10-14,460.5,461.0,457.0,459.0,424.8594665527344,40809241
2020-10-15,456.0,456.5,450.0,453.0,419.3056640625,47775028
2020-10-16,451.0,456.0,448.5,449.0,415.6031799316406,46876801
2020-10-19,453.0,457.5,451.0,457.5,423.47088623046875,34470906
2020-10-20,455.5,457.0,451.0,451.0,417.45440673828125,25205638
2020-10-21,453.5,456.0,451.0,453.0,419.3056640625,28058921
2020-10-22,450.0,455.0,449.5,455.0,421.156982421875,23438547
2020-10-23,458.0,458.0,451.5,452.0,418.380126953125,18777385
2020-10-26,455.0,455.0,450.0,450.0,416.52886962890625,15059581
2020-10-27,447.5,448.5,445.5,447.0,413.7519836425781,20117660
2020-10-28,445.0,447.0,443.0,444.0,410.9751281738281,24710230
2020-10-29,436.5,439.5,435.5,437.0,404.49578857421875,41285612
2020-10-30,437.0,437.0,432.0,432.0,399.8677062988281,47668895
2020-11-02,433.0,435.5,428.0,435.5,403.1072998046875,33477443
2020-11-03,439.5,443.0,438.0,441.0,408.1982727050781,30328495
2020-11-04,444.5,451.5,443.0,450.0,416.52886962890625,37512790
2020-11-05,451.5,451.5,445.5,451.0,417.45440673828125,34886108
2020-11-06,455.0,455.5,450.0,452.5,418.8429260253906,30154140
2020-11-09,458.0,460.0,454.0,458.5,424.3966369628906,39245881
2020-11-10,452.0,454.5,448.5,451.0,417.45440673828125,34820499
2020-11-11,448.5,457.0,448.5,457.0,423.0082092285156,36765561
2020-11-12,463.0,463.5,457.5,458.0,423.9338073730469,40100880
2020-11-13,459.0,462.0,456.5,462.0,427.63623046875,31037438
2020-11-16,470.0,484.5,469.0,484.0,447.9999084472656,81994937
2020-11-17,502.0,506.0,485.5,485.5,449.38836669921875,72413868
2020-11-18,490.0,497.0,486.5,497.0,460.0329284667969,50387727
2020-11-19,499.0,499.0,490.0,490.0,453.5536193847656,44220053
2020-11-20,486.0,490.0,486.0,488.0,451.702392578125,32281453
2020-11-23,494.5,498.5,492.0,496.5,459.57012939453125,38084006
2020-11-24,499.5,500.0,491.5,492.0,455.40484619140625,35479226
2020-11-25,495.0,495.5,487.0,487.0,450.77679443359375,41419632
2020-11-26,489.0,493.5,488.0,489.0,452.6280212402344,28893033
2020-11-27,487.5,492.0,486.5,489.0,452.6280212402344,32960189
2020-11-30,493.0,493.5,480.5,480.5,444.7602233886719,119895176
2020-12-01,489.5,490.0,483.5,490.0,453.5536193847656,37018651
2020-12-02,499.5,500.0,493.5,499.0,461.88421630859375,50621339
2020-12-03,499.5,499.5,495.0,497.0,460.0329284667969,35651379
2020-12-04,498.5,505.0,497.5,503.0,465.586669921875,51172005
2020-12-07,512.0,515.0,506.0,514.0,475.7684631347656,44271244
2020-12-08,514.0,525.0,509.0,524.0,485.0246887207031,40771761
2020-12-09,521.0,524.0,520.0,520.0,481.322265625,43314115
2020-12-10,511.0,515.0,510.0,512.0,473.917236328125,42556926
2020-12-11,517.0,517.0,505.0,516.0,477.61968994140625,45660960
2020-12-14,512.0,513.0,508.0,508.0,470.21484375,30260485
2020-12-15,507.0,510.0,504.0,504.0,466.5122375488281,39852366
2020-12-16,509.0,515.0,507.0,512.0,473.917236328125,52012348
2020-12-17,515.0,515.0,508.0,508.0,472.52203369140625,38215179
2020-12-18,508.0,512.0,507.0,510.0,474.3822937011719,39924864
2020-12-21,512.0,517.0,508.0,516.0,479.96331787109375,34813281
2020-12-22,512.0,516.0,509.0,509.0,473.4521179199219,22454277
2020-12-23,508.0,511.0,506.0,509.0,473.4521179199219,18086715
2020-12-24,511.0,512.0,508.0,510.0,474.3822937011719,14950143
2020-12-25,514.0,515.0,510.0,511.0,475.3124694824219,12327895
2020-12-28,512.0,515.0,509.0,515.0,479.0331726074219,19087382
2020-12-29,515.0,517.0,513.0,515.0,479.0331726074219,19907528
2020-12-30,516.0,525.0,514.0,525.0,488.3346862792969,46292401
2020-12-31,526.0,530.0,524.0,530.0,492.985595703125,29970398
2021-01-04,530.0,540.0,528.0,536.0,498.5666198730469,38770328
2021-01-05,536.0,542.0,535.0,542.0,504.1475524902344,34411866
2021-01-06,555.0,555.0,541.0,549.0,510.6585998535156,53030554
2021-01-07,554.0,570.0,553.0,565.0,525.541259765625,51166782
2021-01-08,580.0,580.0,571.0,580.0,539.4937133789062,59563555
2021-01-11,577.0,584.0,574.0,584.0,543.2142333984375,48810990
2021-01-12,583.0,597.0,582.0,591.0,549.7254028320312,50232426
2021-01-13,595.0,605.0,593.0,605.0,562.7476196289062,62662393
2021-01-14,587.0,597.0,587.0,592.0,550.6556396484375,75288477
2021-01-15,621.0,625.0,601.0,601.0,559.0270385742188,92010500
2021-01-18,608.0,608.0,594.0,607.0,564.6080322265625,45726476
2021-01-19,618.0,632.0,613.0,627.0,583.2111206054688,50672866
2021-01-20,633.0,650.0,631.0,647.0,601.814453125,82066422
2021-01-21,640.0,679.0,640.0,673.0,625.9986572265625,89019137
2021-01-22,649.0,665.0,649.0,649.0,603.6748046875,125179403
2021-01-25,642.0,646.0,626.0,633.0,588.7921752929688,93050133
2021-01-26,632.0,640.0,610.0,617.0,573.9097290039062,100153482
2021-01-27,618.0,625.0,611.0,615.0,572.04931640625,59985191
2021-01-28,600.0,608.0,598.0,601.0,559.0270385742188,96447533
2021-01-29,619.0,619.0,591.0,591.0,549.7254028320312,90745237
2021-02-01,595.0,612.0,587.0,611.0,568.3286743164062,67462398
2021-02-02,629.0,638.0,622.0,632.0,587.8621215820312,78429188
2021-02-03,638.0,642.0,630.0,630.0,586.0015869140625,48738970
2021-02-04,626.0,632.0,620.0,627.0,583.2111206054688,46371900
2021-02-05,638.0,641.0,631.0,632.0,587.8621215820312,53267273
2021-02-17,663.0,668.0,660.0,663.0,616.6970825195312,107614290
2021-02-18,664.0,665.0,656.0,660.0,613.9065551757812,53109010
2021-02-19,656.0,657.0,647.0,652.0,606.465087890625,50279585
2021-02-22,660.0,662.0,650.0,650.0,604.6048583984375,36474610
2021-02-23,641.0,643.0,633.0,641.0,596.2335205078125,50076333
2021-02-24,627.0,636.0,625.0,625.0,581.3509521484375,66206750
2021-02-25,636.0,636.0,628.0,635.0,590.6526489257812,43231417
2021-02-26,611.0,618.0,606.0,606.0,563.6778564453125,111861175
2021-03-02,621.0,622.0,609.0,609.0,566.4683227539062,54041533
2021-03-03,609.0,622.0,601.0,622.0,578.5603637695312,48252965
2021-03-04,609.0,611.0,601.0,601.0,559.0270385742188,67711962
2021-03-05,588.0,605.0,584.0,601.0,559.0270385742188,79918467
2021-03-08,608.0,610.0,598.0,598.0,556.2364501953125,43219772
2021-03-09,585.0,595.0,585.0,595.0,553.4459228515625,68768861
2021-03-10,601.0,601.0,593.0,597.0,555.3063354492188,40146301
2021-03-11,596.0,612.0,595.0,609.0,566.4683227539062,54416046
2021-03-12,615.0,618.0,609.0,614.0,571.1192016601562,33168846
2021-03-15,614.0,614.0,609.0,611.0,568.3286743164062,27416758
2021-03-16,610.0,613.0,607.0,613.0,570.18896484375,36949425
2021-03-17,612.0,612.0,602.0,604.0,564.1181030273438,39517807
2021-03-18,606.0,609.0,602.0,602.0,562.250244140625,29415526
2021-03-19,594.0,598.0,591.0,591.0,551.9765014648438,70866028
2021-03-22,588.0,598.0,586.0,593.0,553.8444213867188,34089033
2021-03-23,597.0,603.0,593.0,594.0,554.7785034179688,29374037
2021-03-24,571.0,582.0,571.0,576.0,537.9669189453125,107253959
2021-03-25,572.0,581.0,570.0,575.0,537.0330200195312,67833354
2021-03-26,582.0,592.0,580.0,590.0,551.0426025390625,36829858
2021-03-29,599.0,602.0,596.0,599.0,559.4482421875,37884733
2021-03-30,600.0,600.0,592.0,597.0,557.5804443359375,33099123
2021-03-31,596.0,597.0,587.0,587.0,548.24072265625,38790886
2021-04-01,598.0,602.0,594.0,602.0,562.250244140625,43091157
2021-04-07,614.0,614.0,608.0,610.0,569.721923828125,24603109
2021-04-08,606.0,613.0,603.0,613.0,572.52392578125,23976625
2021-04-09,618.0,618.0,609.0,610.0,569.721923828125,27303862
2021-04-12,612.0,613.0,603.0,605.0,565.0521240234375,22606128
2021-04-13,604.0,613.0,604.0,605.0,565.0521240234375,25971622
2021-04-14,608.0,612.0,600.0,612.0,571.5899658203125,30077913
2021-04-15,612.0,619.0,607.0,619.0,578.127685546875,33530942
2021-04-16,610.0,611.0,603.0,610.0,569.721923828125,48507383
2021-04-19,605.0,607.0,601.0,603.0,563.1842651367188,24231637
2021-04-20,598.0,602.0,595.0,602.0,562.250244140625,34771635
2021-04-21,599.0,599.0,592.0,592.0,552.9105834960938,38458220
2021-04-22,596.0,598.0,591.0,591.0,551.9765014648438,33868521
2021-04-23,592.0,602.0,590.0,602.0,562.250244140625,27754511
2021-04-26,605.0,610.0,603.0,610.0,569.721923828125,30887664
2021-04-27,608.0,611.0,605.0,610.0,569.721923828125,26317481
2021-04-28,606.0,608.0,601.0,602.0,562.250244140625,24024054
2021-04-29,609.0,609.0,600.0,600.0,560.38232421875,31828333
2021-05-03,595.0,597.0,588.0,588.0,549.1746215820312,41762441
2021-05-04,588.0,594.0,582.0,591.0,551.9765014648438,40273595
2021-05-05,594.0,594.0,585.0,585.0,546.3726806640625,29254785
2021-05-06,590.0,590.0,580.0,587.0,548.24072265625,30725590
2021-05-07,594.0,600.0,589.0,599.0,559.4482421875,28075722
2021-05-10,596.0,597.0,588.0,589.0,550.1085815429688,20434079
2021-05-11,579.0,580.0,570.0,571.0,533.2971801757812,59349193
2021-05-12,567.0,571.0,518.0,560.0,523.0233764648438,131741482
2021-05-13,547.0,563.0,541.0,547.0,510.8818664550781,66765627
2021-05-14,556.0,562.0,552.0,557.0,520.2215576171875,37533726
2021-05-17,544.0,558.0,541.0,549.0,512.749755859375,56270958
2021-05-18,563.0,573.0,555.0,572.0,534.2312622070312,43689316
2021-05-19,571.0,572.0,565.0,567.0,529.561279296875,28908777
2021-05-20,567.0,571.0,560.0,567.0,529.561279296875,29709287
2021-05-21,572.0,577.0,568.0,573.0,535.1651000976562,27376731
2021-05-24,570.0,572.0,566.0,568.0,530.4952392578125,15629736
2021-05-25,576.0,584.0,573.0,583.0,544.5048217773438,33039911
2021-05-26,587.0,588.0,581.0,585.0,546.3726806640625,18703987
2021-05-27,580.0,582.0,573.0,582.0,543.57080078125,62169719
2021-05-28,587.0,592.0,582.0,590.0,551.0426025390625,29086873
2021-05-31,595.0,597.0,590.0,597.0,557.5804443359375,30657474
2021-06-01,598.0,599.0,595.0,598.0,558.5142211914062,17818326
2021-06-02,600.0,600.0,593.0,595.0,555.71240234375,21872755
2021-06-03,600.0,600.0,596.0,596.0,556.6464233398438,21077164
2021-06-04,591.0,595.0,590.0,595.0,555.71240234375,15756180
2021-06-07,594.0,595.0,583.0,592.0,552.9105834960938,17077625
2021-06-08,590.0,595.0,588.0,589.0,550.1085815429688,13396324
2021-06-09,586.0,588.0,583.0,586.0,547.3067016601562,20023490
2021-06-10,591.0,599.0,587.0,599.0,559.4482421875,28527745
2021-06-11,602.0,603.0,600.0,602.0,562.250244140625,24227710
2021-06-15,607.0,609.0,606.0,609.0,568.7880249023438,26012250
2021-06-16,608.0,608.0,605.0,605.0,565.0521240234375,25856919
2021-06-17,601.0,606.0,598.0,606.0,568.3345336914062,22872361
2021-06-18,608.0,608.0,601.0,603.0,565.5211181640625,32652017
2021-06-21,590.0,594.0,583.0,583.0,546.7640991210938,44279632
2021-06-22,585.0,588.0,578.0,578.0,542.0748291015625,27823974
2021-06-23,583.0,598.0,581.0,595.0,558.0182495117188,34392376
2021-06-24,598.0,598.0,588.0,590.0,553.3290405273438,16524230
2021-06-25,598.0,598.0,589.0,591.0,554.266845703125,18841696
2021-06-28,590.0,590.0,586.0,590.0,553.3290405273438,15028407
2021-06-29,598.0,598.0,591.0,595.0,558.0182495117188,28659610
2021-06-30,599.0,599.0,595.0,595.0,558.0182495117188,24883853
2021-07-01,596.0,597.0,591.0,593.0,556.1425170898438,18250994
2021-07-02,590.0,593.0,587.0,588.0,551.453369140625,18322419
2021-07-05,588.0,597.0,588.0,591.0,554.266845703125,28836816
2021-07-06,595.0,596.0,589.0,592.0,555.2048950195312,12997112
2021-07-07,590.0,594.0,588.0,594.0,557.0803833007812,16966158
2021-07-08,595.0,595.0,588.0,588.0,551.453369140625,21140426
2021-07-09,582.0,585.0,580.0,584.0,547.701904296875,29029415
2021-07-12,595.0,597.0,590.0,593.0,556.1425170898438,31304547
2021-07-13,600.0,608.0,599.0,607.0,569.2723999023438,52540315
2021-07-14,613.0,615.0,608.0,613.0,574.8994750976562,38418875
2021-07-15,613.0,614.0,608.0,614.0,575.83740234375,22012834
2021-07-16,591.0,595.0,588.0,589.0,552.3912963867188,57970545
2021-07-19,583.0,584.0,578.0,582.0,545.8262939453125,40644341
2021-07-20,579.0,584.0,579.0,581.0,544.888427734375,15354333
2021-07-21,586.0,586.0,580.0,585.0,548.6397094726562,25828732
2021-07-22,589.0,594.0,587.0,591.0,554.266845703125,26058172
2021-07-23,592.0,592.0,583.0,585.0,548.6397094726562,15271451
2021-07-26,591.0,591.0,580.0,580.0,543.95068359375,21619179
2021-07-27,581.0,584.0,580.0,580.0,543.95068359375,17785992
2021-07-28,576.0,579.0,573.0,579.0,543.0126953125,36158305
2021-07-29,585.0,585.0,577.0,583.0,546.7640991210938,23224896
2021-07-30,581.0,582.0,578.0,580.0,543.95068359375,18999281
2021-08-02,583.0,590.0,580.0,590.0,553.3290405273438,23482491
2021-08-03,594.0,594.0,590.0,594.0,557.0803833007812,22747702
2021-08-04,598.0,598.0,594.0,596.0,558.9560546875,20313271
2021-08-05,598.0,598.0,593.0,596.0,558.9560546875,15116242
2021-08-06,596.0,596.0,588.0,591.0,554.266845703125,13687213
2021-08-09,590.0,595.0,583.0,595.0,558.0182495117188,17390951
2021-08-10,596.0,596.0,589.0,591.0,554.266845703125,17190865
2021-08-11,590.0,590.0,585.0,590.0,553.3290405273438,19969687
2021-08-12,586.0,588.0,584.0,586.0,549.5775756835938,15444622
2021-08-13,585.0,585.0,579.0,581.0,544.888427734375,22524428
2021-08-16,582.0,586.0,578.0,584.0,547.701904296875,19315705
2021-08-17,584.0,584.0,584.0,584.0,547.701904296875,0
2021-08-18,568.0,575.0,566.0,574.0,538.3235473632812,43716164
2021-08-19,573.0,573.0,559.0,559.0,524.2557983398438,38868947
2021-08-20,560.0,563.0,551.0,552.0,517.6908569335938,45614061
2021-08-23,560.0,572.0,559.0,566.0,530.8207397460938,33685159
2021-08-24,574.0,575.0,571.0,572.0,536.4478759765625,24844800
2021-08-25,579.0,585.0,574.0,585.0,548.6397094726562,27504657
2021-08-26,601.0,603.0,591.0,594.0,557.0803833007812,43822008
2021-08-27,596.0,600.0,593.0,599.0,561.7695922851562,27105651
2021-08-30,602.0,605.0,599.0,605.0,567.3967895507812,36575609
2021-08-31,604.0,614.0,598.0,614.0,575.83740234375,52721470
2021-09-01,614.0,614.0,608.0,613.0,574.8994750976562,30092045
2021-09-02,613.0,615.0,607.0,607.0,569.2723999023438,24112463
2021-09-03,610.0,620.0,610.0,620.0,581.46435546875,51562454
2021-09-06,623.0,638.0,621.0,631.0,591.7807006835938,55589014
2021-09-07,634.0,634.0,623.0,623.0,584.2780151367188,26526056
2021-09-08,622.0,627.0,612.0,619.0,580.5265502929688,37817737
2021-09-09,612.0,620.0,610.0,619.0,580.5265502929688,18735512
2021-09-10,615.0,623.0,614.0,622.0,583.340087890625,16304725
2021-09-13,619.0,620.0,613.0,615.0,576.775146484375,15198774
2021-09-14,618.0,618.0,612.0,613.0,574.8994750976562,14441901
2021-09-15,610.0,613.0,607.0,607.0,569.2723999023438,23433501
2021-09-16,603.0,607.0,599.0,600.0,565.2683715820312,22467022
2021-09-17,600.0,610.0,599.0,600.0,565.2683715820312,40717715
2021-09-22,586.0,589.0,583.0,586.0,552.078857421875,40642293
2021-09-23,588.0,593.0,588.0,588.0,553.963134765625,21696296
2021-09-24,591.0,598.0,590.0,598.0,563.3842163085938,16736973
2021-09-27,600.0,602.0,593.0,602.0,567.1526489257812,19464241
2021-09-28,595.0,596.0,592.0,594.0,559.61572265625,16707080
2021-09-29,580.0,583.0,577.0,580.0,546.4262084960938,49310524
2021-09-30,580.0,585.0,575.0,580.0,546.4262084960938,30465107
2021-10-01,579.0,579.0,571.0,574.0,540.7734985351562,36704493
2021-10-04,574.0,575.0,569.0,572.0,538.8892211914062,20957803
2021-10-05,562.0,572.0,560.0,572.0,538.8892211914062,33824024
2021-10-06,573.0,574.0,565.0,571.0,537.947021484375,32508846
2021-10-07,575.0,582.0,572.0,580.0,546.4262084960938,27933054
2021-10-08,582.0,583.0,573.0,575.0,541.7155151367188,18279079
2021-10-12,570.0,575.0,564.0,575.0,541.7155151367188,26522907
2021-10-13,572.0,575.0,570.0,571.0,537.947021484375,18914374
2021-10-14,579.0,579.0,573.0,573.0,539.831298828125,13916927
2021-10-15,592.0,600.0,586.0,600.0,565.2683715820312,53150216
2021-10-18,604.0,604.0,590.0,590.0,555.8472900390625,19158568
2021-10-19,598.0,600.0,593.0,600.0,565.2683715820312,17386359
2021-10-20,603.0,604.0,597.0,598.0,563.3842163085938,16372520
2021-10-21,602.0,603.0,595.0,596.0,561.5,16169014
2021-10-22,600.0,602.0,594.0,600.0,565.2683715820312,13995403
2021-10-25,597.0,597.0,590.0,593.0,558.6735229492188,16785568
2021-10-26,595.0,600.0,593.0,599.0,564.3262329101562,19998808
2021-10-27,598.0,599.0,594.0,599.0,564.3262329101562,14961858
2021-10-28,598.0,598.0,591.0,595.0,560.5578002929688,16570044
2021-10-29,595.0,596.0,589.0,590.0,555.8472900390625,25763960
2021-11-01,591.0,593.0,590.0,590.0,555.8472900390625,16089351
2021-11-02,594.0,597.0,590.0,592.0,557.7315063476562,15192404
2021-11-03,597.0,597.0,592.0,592.0,557.7315063476562,10224009
2021-11-04,592.0,594.0,585.0,587.0,553.0209350585938,17932145
2021-11-05,598.0,600.0,595.0,600.0,565.2683715820312,33270827
2021-11-08,600.0,602.0,598.0,602.0,567.1526489257812,19752355
2021-11-09,611.0,617.0,610.0,611.0,575.6317138671875,39538660
2021-11-10,611.0,612.0,608.0,612.0,576.5737915039062,16027674
2021-11-11,600.0,606.0,600.0,606.0,570.921142578125,18463848
2021-11-12,610.0,611.0,602.0,604.0,569.0369262695312,15821327
2021-11-15,609.0,611.0,607.0,608.0,572.8053588867188,15551452
2021-11-16,612.0,612.0,608.0,610.0,574.6896362304688,20917108
2021-11-17,615.0,615.0,608.0,610.0,574.6896362304688,19717852
2021-11-18,613.0,614.0,607.0,613.0,577.5159301757812,20030651
2021-11-19,622.0,623.0,617.0,618.0,582.2264404296875,35554348
2021-11-22,618.0,618.0,615.0,615.0,579.4002075195312,20312168
2021-11-23,615.0,615.0,611.0,612.0,576.5737915039062,19431694
2021-11-24,612.0,612.0,602.0,603.0,568.0947875976562,20391940
2021-11-25,605.0,607.0,601.0,603.0,568.0947875976562,11888265
2021-11-26,598.0,601.0,592.0,596.0,561.5,26588102
2021-11-29,594.0,598.0,591.0,593.0,558.6735229492188,23379558
2021-11-30,597.0,600.0,591.0,596.0,561.5,62021697
2021-12-01,596.0,603.0,594.0,600.0,565.2683715820312,21403404
2021-12-02,605.0,615.0,602.0,615.0,579.4002075195312,45125742
2021-12-03,614.0,614.0,606.0,608.0,572.8053588867188,23045832
2021-12-06,603.0,609.0,600.0,600.0,565.2683715820312,23589363
2021-12-07,602.0,607.0,597.0,607.0,571.86328125,18606530
2021-12-08,614.0,614.0,602.0,602.0,567.1526489257812,20801543
2021-12-09,606.0,608.0,602.0,608.0,572.8053588867188,11039070
2021-12-10,605.0,608.0,602.0,605.0,569.9790649414062,10497451
2021-12-13,609.0,610.0,601.0,601.0,566.2105102539062,17711657
2021-12-14,598.0,600.0,597.0,599.0,564.3262329101562,22579034
2021-12-15,597.0,601.0,596.0,600.0,565.2683715820312,21827730
2021-12-16,605.0,605.0,601.0,605.0,572.603515625,21809022
2021-12-17,601.0,607.0,599.0,607.0,574.4962768554688,24105733
2021-12-20,607.0,607.0,598.0,598.0,565.9783325195312,21381070
2021-12-21,597.0,600.0,595.0,597.0,565.0318603515625,17001461
2021-12-22,598.0,601.0,598.0,600.0,567.8712158203125,9831802
2021-12-23,607.0,608.0,602.0,606.0,573.5498657226562,16654439
2021-12-24,606.0,609.0,604.0,604.0,571.6570434570312,11059689
2021-12-27,604.0,610.0,604.0,606.0,573.5498657226562,16259872
2021-12-28,610.0,615.0,610.0,615.0,582.0679321289062,33892718
2021-12-29,615.0,619.0,614.0,616.0,583.014404296875,24518766
2021-12-30,619.0,620.0,615.0,615.0,582.0679321289062,19681276
2022-01-03,619.0,632.0,618.0,631.0,597.2111206054688,69089158
2022-01-04,645.0,656.0,644.0,656.0,620.8724975585938,79434666
2022-01-05,669.0,669.0,646.0,650.0,615.1937866210938,69593809
2022-01-06,638.0,646.0,636.0,644.0,609.5150756835938,53210211
2022-01-07,643.0,646.0,632.0,634.0,600.0505981445312,38249908
2022-01-10,628.0,645.0,627.0,643.0,608.5685424804688,38289770
2022-01-11,646.0,651.0,639.0,651.0,616.1402587890625,33196585
2022-01-12,657.0,660.0,650.0,660.0,624.6582641601562,38860063
2022-01-13,658.0,662.0,655.0,661.0,625.6046752929688,38137411
2022-01-14,673.0,673.0,661.0,672.0,636.0157470703125,95200777
2022-01-17,685.0,688.0,678.0,683.0,646.4266967773438,59614236
2022-01-18,678.0,681.0,662.0,662.0,626.55126953125,43593330
2022-01-19,652.0,660.0,651.0,654.0,618.9796142578125,40381333
2022-01-20,650.0,657.0,646.0,651.0,616.1402587890625,46474584
2022-01-21,644.0,646.0,637.0,641.0,606.6757202148438,49577684
2022-01-24,639.0,655.0,637.0,653.0,618.0330810546875,47134502
2022-01-25,643.0,645.0,638.0,641.0,606.6757202148438,52318736
2022-01-26,635.0,641.0,635.0,636.0,601.9434204101562,29957189
2022-02-07,644.0,644.0,631.0,635.0,600.9970092773438,56836469
2022-02-08,645.0,645.0,628.0,628.0,594.371826171875,39718217
2022-02-09,635.0,637.0,630.0,633.0,599.1041259765625,30048791
2022-02-10,639.0,649.0,637.0,649.0,614.2473754882812,34587133
2022-02-11,646.0,650.0,642.0,650.0,615.1937866210938,26723278
2022-02-14,640.0,641.0,635.0,637.0,602.889892578125,27826382
2022-02-15,633.0,639.0,633.0,633.0,599.1041259765625,21970460
2022-02-16,645.0,646.0,640.0,646.0,611.4080200195312,25191741
2022-02-17,644.0,646.0,641.0,645.0,610.46142578125,18135080
2022-02-18,638.0,639.0,636.0,637.0,602.889892578125,20804191
2022-02-21,633.0,636.0,632.0,632.0,598.15771484375,23797502
2022-02-22,628.0,630.0,625.0,627.0,593.42529296875,34086593
2022-02-23,624.0,629.0,623.0,625.0,591.5325317382812,31953054
2022-02-24,618.0,619.0,604.0,604.0,571.6570434570312,73663161
2022-02-25,600.0,609.0,600.0,604.0,571.6570434570312,89012516
2022-03-01,599.0,610.0,599.0,604.0,571.6570434570312,66720867
2022-03-02,601.0,605.0,600.0,601.0,568.8176879882812,40693457
2022-03-03,603.0,607.0,601.0,602.0,569.7640991210938,33792420
2022-03-04,595.0,597.0,592.0,595.0,563.1388549804688,55917115
2022-03-07,580.0,581.0,575.0,576.0,545.1563720703125,86496560
2022-03-08,561.0,570.0,561.0,563.0,532.8525390625,79029914
2022-03-09,567.0,573.0,567.0,568.0,537.5847778320312,52155415
2022-03-10,585.0,589.0,582.0,587.0,555.5672607421875,45630467
2022-03-11,581.0,582.0,574.0,575.0,544.2098388671875,38943098
2022-03-14,574.0,577.0,572.0,572.0,541.3705444335938,33919577
2022-03-15,562.0,563.0,558.0,558.0,528.1202392578125,74092231
2022-03-16,564.0,565.0,555.0,558.0,530.73583984375,43438327
2022-03-17,578.0,583.0,575.0,582.0,553.5631103515625,60959900
2022-03-18,582.0,582.0,576.0,581.0,552.612060546875,46242430
2022-03-21,583.0,589.0,583.0,586.0,557.3677978515625,21400273
2022-03-22,577.0,586.0,577.0,583.0,554.5143432617188,20246949
2022-03-23,590.0,590.0,586.0,590.0,561.1723022460938,25902069
2022-03-24,587.0,592.0,585.0,591.0,562.1234130859375,20060758
2022-03-25,597.0,598.0,595.0,598.0,568.7814331054688,26122381
2022-03-28,581.0,586.0,580.0,584.0,555.4653930664062,26391576
2022-03-29,586.0,589.0,584.0,589.0,560.2212524414062,14892032
2022-03-30,599.0,600.0,597.0,600.0,570.6837158203125,41230239
2022-03-31,602.0,602.0,594.0,597.0,567.8302612304688,22700114
2022-04-01,585.0,589.0,584.0,589.0,560.2212524414062,29732696
2022-04-06,578.0,580.0,575.0,578.0,549.758544921875,37645873
2022-04-07,571.0,573.0,566.0,566.0,538.3450317382812,42904743
2022-04-08,567.0,570.0,566.0,567.0,539.2960815429688,28024587
2022-04-11,563.0,566.0,558.0,558.0,530.73583984375,36820094
2022-04-12,554.0,564.0,552.0,557.0,529.7847290039062,30671407
2022-04-13,564.0,576.0,563.0,573.0,545.0029296875,35865970
2022-04-14,577.0,578.0,573.0,573.0,545.0029296875,19056590
2022-04-15,562.0,566.0,561.0,562.0,534.5403442382812,28253360
2022-04-18,559.0,566.0,558.0,561.0,533.5892333984375,15800959
2022-04-19,566.0,569.0,563.0,565.0,537.3938598632812,16614705
2022-04-20,570.0,570.0,562.0,570.0,542.1494750976562,27606307
2022-04-21,571.0,571.0,565.0,565.0,537.3938598632812,18383650
2022-04-22,558.0,559.0,557.0,558.0,530.73583984375,29283846
2022-04-25,550.0,552.0,546.0,547.0,520.2732543945312,43389591
2022-04-26,550.0,551.0,544.0,546.0,519.3222045898438,35825421
2022-04-27,530.0,532.0,526.0,526.0,500.29937744140625,55941533
2022-04-28,530.0,532.0,523.0,531.0,505.0550842285156,45380836
2022-04-29,547.0,547.0,535.0,538.0,511.7130126953125,36664644
2022-05-03,538.0,540.0,530.0,531.0,505.0550842285156,26317509
2022-05-04,533.0,537.0,530.0,534.0,507.9084777832031,16569622
2022-05-05,543.0,544.0,539.0,542.0,515.517578125,20374772
2022-05-06,528.0,531.0,526.0,528.0,502.20166015625,32467268
2022-05-09,523.0,524.0,520.0,520.0,494.5926208496094,23709774
2022-05-10,506.0,519.0,505.0,518.0,492.690185546875,41679907
2022-05-11,518.0,526.0,518.0,521.0,495.543701171875,27157254
2022-05-12,516.0,518.0,505.0,505.0,480.32550048828125,32532963
2022-05-13,507.0,514.0,506.0,511.0,486.0323181152344,29074177
2022-05-16,521.0,524.0,518.0,520.0,494.5926208496094,21163106
2022-05-17,521.0,533.0,520.0,530.0,504.1039123535156,24496974
2022-05-18,541.0,541.0,534.0,538.0,511.7130126953125,30568176
2022-05-19,523.0,527.0,520.0,522.0,496.4948425292969,29019751
2022-05-20,524.0,532.0,523.0,530.0,504.1039123535156,22651205
2022-05-23,533.0,534.0,528.0,528.0,502.20166015625,17054170
2022-05-24,530.0,531.0,520.0,520.0,494.5926208496094,17802308
2022-05-25,522.0,529.0,520.0,524.0,498.3971252441406,22176476
2022-05-26,523.0,525.0,513.0,514.0,488.8857116699219,28327403
2022-05-27,524.0,530.0,522.0,530.0,504.1039123535156,27866643
2022-05-30,538.0,547.0,537.0,547.0,520.2732543945312,34476433
2022-05-31,542.0,560.0,540.0,560.0,532.6380615234375,72405873
2022-06-01,550.0,555.0,548.0,549.0,522.1755981445312,29155176
2022-06-02,544.0,545.0,540.0,540.0,513.6154174804688,21420890
2022-06-06,541.0,544.0,538.0,540.0,513.6154174804688,17615003
2022-06-07,535.0,538.0,532.0,535.0,508.8595886230469,19497532
2022-06-08,539.0,545.0,538.0,544.0,517.4198608398438,18835521
2022-06-09,538.0,542.0,537.0,541.0,514.5664672851562,16338602
2022-06-10,530.0,533.0,529.0,530.0,504.1039123535156,21357130
2022-06-13,518.0,519.0,515.0,516.0,490.7879943847656,32854092
2022-06-14,507.0,514.0,507.0,513.0,487.9345703125,36304444
2022-06-15,508.0,515.0,508.0,509.0,484.1299743652344,35680283
2022-06-16,515.0,516.0,507.0,508.0,485.8035583496094,26909199
2022-06-17,499.5,503.0,499.0,501.0,479.10943603515625,43566737
2022-06-20,500.0,502.0,495.0,498.0,476.2404479980469,34209693
2022-06-21,501.0,505.0,499.0,505.0,482.9346618652344,33223685
2022-06-22,501.0,503.0,494.5,494.5,472.8934020996094,31034893
2022-06-23,492.0,493.5,485.0,485.5,464.28662109375,43548940
2022-06-24,489.5,492.5,485.5,486.5,465.242919921875,27911980
2022-06-27,496.0,506.0,495.5,498.5,476.7186279296875,37909718
2022-06-28,496.0,500.0,496.0,497.5,475.7623291015625,15274062
2022-06-29,496.0,498.5,491.0,491.0,469.54632568359375,30533789
2022-06-30,484.5,486.5,476.0,476.0,455.2017822265625,46311432
2022-07-01,471.5,474.0,452.5,453.5,433.6848449707031,61744377
2022-07-04,443.0,451.5,440.0,440.0,420.77471923828125,52445919
2022-07-05,449.5,451.5,433.0,446.0,426.5125732421875,50084244
2022-07-06,442.0,447.5,435.0,435.5,416.47137451171875,40549763
2022-07-07,442.0,459.0,438.5,457.5,437.5100402832031,48151202
2022-07-08,470.0,470.5,461.5,467.0,446.594970703125,37897895
2022-07-11,468.0,470.5,461.0,462.0,441.8135070800781,21941710
2022-07-12,458.0,458.0,449.5,449.5,429.859619140625,23036423
2022-07-13,470.5,473.0,466.0,470.5,449.9420471191406,44035695
2022-07-14,466.0,477.5,463.0,475.0,454.24542236328125,31936258
2022-07-15,481.0,494.0,477.0,492.5,470.9808349609375,51846909
2022-07-18,495.5,498.5,488.5,495.5,473.8497314453125,39179575
2022-07-19,487.5,493.0,486.5,491.0,469.54632568359375,19874865
2022-07-20,502.0,503.0,491.5,495.0,473.37152099609375,35436652
2022-07-21,496.0,501.0,494.0,501.0,479.10943603515625,22285593
2022-07-22,505.0,505.0,500.0,503.0,481.02203369140625,25216400
2022-07-25,500.0,503.0,498.0,499.5,477.67498779296875,15245346
2022-07-26,499.5,499.5,491.0,495.0,473.37152099609375,18024265
2022-07-27,494.0,502.0,491.0,502.0,480.0657043457031,17166365
2022-07-28,509.0,509.0,499.0,501.0,479.10943603515625,33844011
2022-07-29,508.0,510.0,504.0,509.0,486.75982666015625,29045617
2022-08-01,506.0,508.0,500.0,504.0,481.97833251953125,24117969
2022-08-02,494.0,496.0,488.5,492.0,470.502685546875,39838155
2022-08-03,494.0,501.0,493.0,501.0,479.10943603515625,27603474
2022-08-04,499.0,503.0,495.0,500.0,478.1531066894531,26027618
2022-08-05,509.0,516.0,507.0,516.0,493.4539794921875,32784279
2022-08-08,510.0,515.0,509.0,512.0,489.6287841796875,19333128
2022-08-09,507.0,511.0,504.0,510.0,487.71612548828125,21164373
2022-08-10,500.0,503.0,499.5,500.0,478.1531066894531,20861380
2022-08-11,513.0,514.0,510.0,514.0,491.5413513183594,23740033
2022-08-12,515.0,518.0,514.0,517.0,494.4103088378906,19535923
2022-08-15,520.0,524.0,519.0,523.0,500.148193359375,21273166
2022-08-16,526.0,526.0,523.0,525.0,502.06072998046875,20720414
2022-08-17,524.0,527.0,521.0,527.0,503.973388671875,27143102
2022-08-18,520.0,521.0,519.0,520.0,497.2792663574219,17831084
2022-08-19,519.0,523.0,517.0,519.0,496.3228759765625,14022812
2022-08-22,511.0,514.0,510.0,512.0,489.6287841796875,11494000
2022-08-23,503.0,506.0,502.0,504.0,481.97833251953125,19191108
2022-08-24,504.0,508.0,503.0,503.0,481.02203369140625,14363212
2022-08-25,505.0,510.0,504.0,508.0,485.8035583496094,9357138
2022-08-26,513.0,515.0,511.0,512.0,489.6287841796875,12914846
2022-08-29,497.0,502.0,496.0,498.5,476.7186279296875,26590824
2022-08-30,497.5,500.0,496.0,496.0,474.3279113769531,24214535
2022-08-31,492.0,505.0,492.0,505.0,482.9346618652344,39357089
2022-09-01,495.0,495.5,490.0,490.5,469.0682067871094,39168672
2022-09-02,488.0,489.5,485.0,485.0,463.80853271484375,29982959
2022-09-05,485.0,488.0,484.0,486.0,464.76483154296875,15903415
2022-09-06,488.5,491.5,486.5,489.0,467.6337585449219,16700285
2022-09-07,477.0,478.0,472.0,472.5,451.8546447753906,34678562
2022-09-08,473.0,475.0,472.0,475.0,454.24542236328125,27931552
2022-09-12,485.0,491.0,485.0,486.5,465.242919921875,21597212
2022-09-13,495.0,495.0,491.0,493.0,471.45892333984375,16507036
2022-09-14,478.5,482.5,476.0,480.0,459.0270080566406,22645714
2022-09-15,476.0,480.0,476.0,476.5,458.30560302734375,23104850
2022-09-16,470.5,472.0,469.0,472.0,453.9774169921875,39087513
2022-09-19,472.0,473.0,466.5,467.0,449.1683044433594,17182380
2022-09-20,470.5,478.0,470.0,476.5,458.30560302734375,19842582
2022-09-21,473.5,475.5,468.5,471.0,453.0155944824219,24154633
2022-09-22,462.0,468.0,459.0,464.5,446.7637939453125,29702508
2022-09-23,458.5,460.5,455.0,455.0,437.62652587890625,29757787
2022-09-26,443.0,454.0,443.0,446.5,429.45111083984375,32342267
2022-09-27,449.0,451.5,446.0,448.0,430.8938293457031,24961404
2022-09-28,447.0,449.0,438.0,438.0,421.275634765625,34402652
2022-09-29,443.0,443.5,432.0,435.0,418.3902282714844,41094780
2022-09-30,424.5,427.5,422.0,422.0,405.8865966796875,48266800
2022-10-03,418.5,424.5,416.5,417.0,401.0774841308594,36044395
2022-10-04,429.5,432.0,427.0,429.0,412.61932373046875,40375000
2022-10-05,444.5,451.0,442.0,445.0,428.0083923339844,46496536
2022-10-06,450.5,451.0,447.0,451.0,433.779296875,30331834
2022-10-07,448.5,448.5,437.0,438.0,421.275634765625,31941781
2022-10-11,408.0,412.5,401.0,401.5,386.1693420410156,95793819
2022-10-12,397.0,400.0,395.5,397.5,382.3221130371094,53570085
2022-10-13,400.5,403.0,395.0,395.0,379.9175720214844,38046284
2022-10-14,414.5,416.0,409.0,412.0,396.2684326171875,54504366
2022-10-17,400.0,403.5,396.0,397.0,381.8411560058594,41512192
2022-10-18,406.5,407.0,399.5,407.0,391.4593505859375,40093216
2022-10-19,404.0,405.0,395.5,395.5,380.3984375,46385177
2022-10-20,391.0,397.5,386.0,397.5,382.3221130371094,52938069
2022-10-21,395.5,398.5,389.5,389.5,374.6275329589844,35923505
2022-10-24,395.0,397.5,387.0,387.0,372.2230224609375,46714078
2022-10-25,380.0,382.5,371.0,371.0,356.83392333984375,76416687
2022-10-26,370.5,379.0,370.0,376.0,361.6430358886719,58850484
2022-10-27,384.5,389.0,382.5,385.5,370.7802734375,45684455
2022-10-28,379.5,382.0,375.0,379.5,365.0093994140625,40184472
2022-10-31,386.0,390.0,381.0,390.0,375.1085205078125,38409054
2022-11-01,388.5,393.0,386.0,391.5,376.55120849609375,41426496
2022-11-02,391.0,395.0,388.5,395.0,379.9175720214844,22535650
2022-11-03,385.0,387.0,383.5,384.0,369.33758544921875,39731333
2022-11-04,381.0,384.5,378.5,382.0,367.4139099121094,28397417
2022-11-07,390.0,393.0,387.0,390.0,375.1085205078125,35387706
2022-11-08,395.0,399.5,394.0,399.0,383.76483154296875,31838223
2022-11-09,403.5,417.0,403.5,417.0,401.0774841308594,52260831
2022-11-10,409.0,411.5,406.0,407.5,391.9402770996094,32044942
2022-11-11,441.5,442.0,435.0,441.5,424.6419982910156,80016195
2022-11-14,450.0,450.0,441.5,445.0,428.0083923339844,61933190
2022-11-15,465.0,487.0,462.0,480.0,461.6719665527344,113379796
2022-11-16,491.5,494.0,481.5,487.0,468.4046630859375,85726375
2022-11-17,482.5,485.0,475.0,485.0,466.4810485839844,45144984
2022-11-18,491.5,494.0,486.0,487.0,468.4046630859375,35859717
2022-11-21,487.5,489.5,480.5,482.0,463.5955505371094,29710180
2022-11-22,476.0,491.0,476.0,491.0,472.251953125,37343127
2022-11-23,494.5,496.0,488.5,492.0,473.2137756347656,33475337
2022-11-24,494.0,496.0,492.0,496.0,477.06103515625,27396552
2022-11-25,494.0,498.0,494.0,498.0,478.9846496582031,39949969
2022-11-28,486.0,490.0,480.5,480.5,462.1528625488281,38926919
2022-11-29,473.5,488.0,473.0,487.0,468.4046630859375,38182197
2022-11-30,483.0,490.0,482.5,490.0,471.2901611328125,57111603
2022-12-01,506.0,508.0,498.5,498.5,479.4655456542969,41746878
2022-12-02,490.0,497.0,490.0,492.5,473.6946716308594,28319679
2022-12-05,491.5,497.5,489.0,489.0,470.32830810546875,28360444
2022-12-06,488.0,489.0,478.0,478.0,459.748291015625,40561068
2022-12-07,477.0,485.5,475.0,475.0,456.86285400390625,36563503
2022-12-08,475.0,475.0,467.0,471.5,453.4964904785156,27238567
2022-12-09,478.0,484.5,476.0,481.5,463.1146545410156,25915337
2022-12-12,476.5,478.0,473.5,475.0,456.86285400390625,20973334
2022-12-13,473.0,476.0,471.0,471.5,453.4964904785156,33272826
2022-12-14,472.0,480.5,472.0,480.5,462.1528625488281,30636639
2022-12-15,476.0,481.5,474.5,480.5,464.8130798339844,24222008
2022-12-16,466.5,471.0,465.5,471.0,455.6231994628906,47601400
2022-12-19,466.5,469.5,465.0,466.5,451.2701416015625,21075559
2022-12-20,465.0,467.0,455.0,457.5,442.5639953613281,31139235
2022-12-21,460.0,463.0,457.0,459.0,444.01495361328125,36182644
2022-12-22,466.5,469.0,464.0,468.0,452.72119140625,14047382
2022-12-23,457.5,458.5,455.0,455.0,440.14556884765625,24927413
2022-12-26,454.0,457.0,453.5,456.5,441.5965881347656,8793306
2022-12-27,458.0,462.5,457.0,457.0,442.0802307128906,10264001
2022-12-28,451.0,452.0,446.0,451.0,436.27618408203125,32578949
2022-12-29,444.0,449.5,442.5,446.0,431.4393615722656,23020759
2022-12-30,455.0,456.5,448.5,448.5,433.8577880859375,21683478
2023-01-03,446.0,453.5,443.0,453.0,438.21087646484375,14885824
2023-01-04,449.5,455.0,448.5,449.5,434.82513427734375,19188422
2023-01-05,459.0,459.5,455.0,458.5,443.53131103515625,23549581
2023-01-06,455.0,459.5,455.0,458.5,443.53131103515625,20886011
2023-01-09,468.0,481.0,467.5,481.0,465.2967529296875,46666263
2023-01-10,486.0,487.0,483.0,486.0,470.1335144042969,32646014
2023-01-11,487.0,488.0,482.0,484.5,468.68243408203125,21051115
2023-01-12,487.5,488.0,484.0,486.5,470.6171875,20963689
2023-01-13,507.0,509.0,499.0,500.0,483.6764221191406,77606949
2023-01-16,506.0,508.0,503.0,505.0,488.51324462890625,34373918
2023-01-17,504.0,504.0,499.5,503.0,486.5784912109375,27770329
2023-01-30,542.0,543.0,534.0,543.0,525.2726440429688,124428936
2023-01-31,537.0,538.0,521.0,522.0,504.9581298828125,72530854
2023-02-01,532.0,533.0,522.0,530.0,512.697021484375,33710990
2023-02-02,538.0,542.0,537.0,540.0,522.3705444335938,43077053
2023-02-03,540.0,542.0,536.0,542.0,524.30517578125,31635865
2023-02-06,532.0,533.0,526.0,526.0,508.8277282714844,30870136
2023-02-07,524.0,528.0,522.0,523.0,505.925537109375,23481767
2023-02-08,538.0,540.0,534.0,540.0,522.3705444335938,35096191
2023-02-09,540.0,540.0,536.0,540.0,522.3705444335938,18861972
2023-02-10,544.0,546.0,541.0,545.0,527.2073364257812,28495684
2023-02-13,544.0,544.0,538.0,541.0,523.3379516601562,22768977
2023-02-14,544.0,546.0,543.0,545.0,527.2073364257812,21883297
2023-02-15,526.0,532.0,522.0,525.0,507.8602600097656,61796793
2023-02-16,528.0,531.0,524.0,528.0,510.7622985839844,29975138
2023-02-17,524.0,524.0,516.0,518.0,501.08880615234375,28121975
2023-02-20,514.0,519.0,511.0,517.0,500.1214904785156,20065156
2023-02-21,515.0,517.0,513.0,516.0,499.15411376953125,13504100
2023-02-22,506.0,509.0,505.0,507.0,490.4479064941406,24575245
2023-02-23,512.0,521.0,510.0,518.0,501.08880615234375,25376835
2023-02-24,524.0,525.0,511.0,511.0,494.3173522949219,41692491
2023-03-01,504.0,522.0,504.0,522.0,504.9581298828125,39560848
2023-03-02,519.0,520.0,515.0,519.0,502.0561828613281,16558784
2023-03-03,524.0,525.0,516.0,516.0,499.15411376953125,23253895
2023-03-06,520.0,524.0,517.0,521.0,503.9908752441406,21922085
2023-03-07,521.0,526.0,519.0,524.0,506.89288330078125,24861078
2023-03-08,521.0,523.0,518.0,521.0,503.9908752441406,24512408
2023-03-09,525.0,526.0,522.0,522.0,504.9581298828125,21557577
2023-03-10,515.0,516.0,511.0,513.0,496.2520446777344,24045605
2023-03-13,513.0,518.0,509.0,516.0,499.15411376953125,21466947
2023-03-14,511.0,514.0,510.0,510.0,493.3499755859375,20474770
2023-03-15,515.0,516.0,510.0,511.0,494.3173522949219,23208597
2023-03-16,505.0,510.0,504.0,505.0,491.15625,21965994
2023-03-17,516.0,518.0,513.0,518.0,503.79986572265625,33118483
2023-03-20,517.0,518.0,510.0,512.0,497.9643249511719,11837312
2023-03-21,515.0,517.0,512.0,517.0,502.8273010253906,18284799
2023-03-22,524.0,533.0,524.0,533.0,518.388671875,42385987
2023-03-23,528.0,539.0,528.0,538.0,523.2516479492188,26728246
2023-03-24,536.0,539.0,535.0,539.0,524.2241821289062,21926240
2023-03-27,533.0,536.0,531.0,531.0,516.4435424804688,16111177
2023-03-28,525.0,530.0,524.0,525.0,510.60797119140625,17234120
2023-03-29,533.0,533.0,525.0,530.0,515.470947265625,17280749
2023-03-30,536.0,537.0,531.0,535.0,520.3338012695312,19201564
2023-03-31,538.0,538.0,532.0,533.0,518.388671875,23558838
2023-04-06,530.0,531.0,526.0,530.0,515.470947265625,25423363
2023-04-07,535.0,535.0,529.0,531.0,516.4435424804688,8557482
2023-04-10,533.0,533.0,528.0,529.0,514.498291015625,7435151
2023-04-11,522.0,527.0,522.0,524.0,509.6353454589844,22675697
2023-04-12,523.0,524.0,517.0,520.0,505.74505615234375,23816473
2023-04-13,515.0,517.0,510.0,510.0,496.0191650390625,25536889
2023-04-14,516.0,520.0,513.0,516.0,501.854736328125,18072504
2023-04-17,519.0,520.0,514.0,520.0,505.74505615234375,14634287
2023-04-18,518.0,520.0,514.0,515.0,500.8821105957031,15168888
2023-04-19,517.0,518.0,509.0,510.0,496.0191650390625,21123233
2023-04-20,512.0,516.0,510.0,513.0,498.9369201660156,17221961
2023-04-21,520.0,520.0,510.0,511.0,496.9917907714844,25016683
2023-04-24,505.0,510.0,504.0,507.0,493.1014099121094,16886512
2023-04-25,504.0,505.0,498.0,498.0,484.34814453125,36898412
2023-04-26,498.0,498.5,491.0,491.5,478.0263366699219,31269245
2023-04-27,491.0,495.0,489.0,493.5,479.97149658203125,29537148
2023-04-28,498.5,502.0,498.0,502.0,488.2384948730469,24824100
2023-05-02,500.0,502.0,496.5,501.0,487.26593017578125,15325791
2023-05-03,496.0,498.0,495.0,496.0,482.4029541015625,11369311
2023-05-04,497.0,499.5,496.0,498.0,484.34814453125,13140291
2023-05-05,500.0,502.0,498.5,500.0,486.29327392578125,7488897
2023-05-08,509.0,509.0,502.0,504.0,490.18365478515625,11243634
2023-05-09,507.0,510.0,505.0,510.0,496.0191650390625,16197743
2023-05-10,508.0,508.0,500.0,503.0,489.2110290527344,18859212
2023-05-11,506.0,506.0,498.5,499.0,485.3207092285156,13382927
2023-05-12,496.0,500.0,495.0,496.0,482.4029541015625,18465362
2023-05-15,497.0,499.5,494.5,495.5,481.9166564941406,13315766
2023-05-16,503.0,508.0,500.0,505.0,491.15625,21140315
2023-05-17,508.0,521.0,506.0,519.0,504.7724914550781,41406763
2023-05-18,533.0,536.0,526.0,530.0,515.470947265625,43096277
2023-05-19,535.0,535.0,529.0,532.0,517.4161376953125,32099068
2023-05-22,532.0,533.0,529.0,531.0,516.4435424804688,17208135
2023-05-23,530.0,531.0,525.0,530.0,515.470947265625,19588873
2023-05-24,527.0,528.0,524.0,525.0,510.60797119140625,19086681
2023-05-25,542.0,545.0,537.0,543.0,528.114501953125,63827245
2023-05-26,568.0,568.0,563.0,566.0,550.4840698242188,95808471
2023-05-29,574.0,574.0,564.0,568.0,552.4291381835938,54657853
2023-05-30,566.0,568.0,563.0,566.0,550.4840698242188,40136130
2023-05-31,560.0,562.0,551.0,558.0,542.703369140625,81176782
2023-06-01,550.0,554.0,550.0,551.0,535.8952026367188,24477529
2023-06-02,559.0,564.0,557.0,562.0,546.5936279296875,30206141
2023-06-05,560.0,560.0,555.0,555.0,539.7855834960938,16827391
2023-06-06,554.0,562.0,553.0,560.0,544.6485595703125,20228086
2023-06-07,561.0,568.0,560.0,568.0,552.4291381835938,27604813
2023-06-08,562.0,568.0,555.0,559.0,543.6759033203125,23080195
2023-06-09,561.0,566.0,561.0,565.0,549.5114135742188,19091713
2023-06-12,574.0,574.0,571.0,574.0,558.2647705078125,26392389
2023-06-13,593.0,594.0,589.0,593.0,576.743896484375,56174363
2023-06-14,590.0,591.0,587.0,590.0,573.8261108398438,23583314
2023-06-15,590.0,593.0,587.0,591.0,577.490234375,27392154
2023-06-16,590.0,590.0,584.0,589.0,575.5359497070312,38128802
2023-06-19,583.0,585.0,582.0,583.0,569.673095703125,14346885
2023-06-20,579.0,585.0,579.0,583.0,569.673095703125,16221413
2023-06-21,582.0,585.0,578.0,581.0,567.7188720703125,21703937
2023-06-26,576.0,578.0,574.0,574.0,560.8788452148438,27142262
2023-06-27,570.0,575.0,569.0,572.0,558.924560546875,21501718
2023-06-28,579.0,579.0,571.0,574.0,560.8788452148438,18175426
2023-06-29,578.0,580.0,570.0,573.0,559.9016723632812,16937929
2023-06-30,570.0,576.0,568.0,576.0,562.8330688476562,22654976
2023-07-03,578.0,580.0,576.0,579.0,565.7645263671875,14785585
2023-07-04,585.0,585.0,580.0,585.0,571.6273803710938,17219541
2023-07-05,589.0,589.0,579.0,582.0,568.6959838867188,14913592
2023-07-06,573.0,574.0,565.0,565.0,552.08447265625,28564891
2023-07-07,565.0,572.0,563.0,565.0,552.08447265625,18796190
2023-07-10,567.0,573.0,565.0,565.0,552.08447265625,18454982
2023-07-11,574.0,577.0,570.0,577.0,563.8102416992188,17850636
2023-07-12,574.0,578.0,572.0,578.0,564.787353515625,15588228
2023-07-13,587.0,590.0,585.0,585.0,571.6273803710938,25442137
2023-07-14,589.0,591.0,587.0,591.0,577.490234375,23121873
2023-07-17,588.0,591.0,587.0,591.0,577.490234375,13807834
2023-07-18,587.0,588.0,580.0,581.0,567.7188720703125,20932006
2023-07-19,584.0,587.0,579.0,581.0,567.7188720703125,22499123
2023-07-20,580.0,584.0,578.0,579.0,565.7645263671875,15108109
2023-07-21,560.0,563.0,557.0,560.0,547.1988525390625,46711021
2023-07-24,557.0,563.0,557.0,558.0,545.2445068359375,25268835
2023-07-25,561.0,569.0,561.0,569.0,555.9930419921875,19590349
2023-07-26,569.0,571.0,563.0,566.0,553.0617065429688,13314305
2023-07-27,570.0,570.0,566.0,569.0,555.9930419921875,12200358
2023-07-28,569.0,573.0,565.0,567.0,554.0388793945312,18540078
2023-07-31,575.0,575.0,560.0,565.0,552.08447265625,24208467
2023-08-01,565.0,568.0,564.0,567.0,554.0388793945312,16259643
2023-08-02,567.0,569.0,558.0,561.0,548.176025390625,25583234
2023-08-04,556.0,560.0,552.0,554.0,541.3359985351562,26279173
2023-08-07,558.0,561.0,556.0,558.0,545.2445068359375,14369551
2023-08-08,558.0,558.0,551.0,552.0,539.3817138671875,19010690
2023-08-09,550.0,557.0,550.0,554.0,541.3359985351562,14389090
2023-08-10,552.0,554.0,550.0,551.0,538.404541015625,17892615
2023-08-11,556.0,558.0,546.0,546.0,533.5189208984375,17608427
2023-08-14,540.0,543.0,537.0,541.0,528.6331787109375,20939030
2023-08-15,543.0,545.0,540.0,542.0,529.6102905273438,14066307
2023-08-16,541.0,543.0,536.0,542.0,529.6102905273438,28269840
2023-08-17,540.0,546.0,537.0,544.0,531.5645751953125,22843138
2023-08-18,540.0,544.0,539.0,539.0,526.6788940429688,17592345
2023-08-21,544.0,544.0,534.0,537.0,524.724609375,16633821
2023-08-22,544.0,544.0,538.0,541.0,528.6331787109375,14594304
2023-08-23,546.0,552.0,544.0,552.0,539.3817138671875,20636332
2023-08-24,563.0,564.0,558.0,564.0,551.1074829101562,23280827
2023-08-25,549.0,551.0,546.0,546.0,533.5189208984375,24144537
2023-08-28,547.0,553.0,547.0,549.0,536.4503173828125,8991985
2023-08-29,551.0,553.0,546.0,552.0,539.3817138671875,10516678
2023-08-30,558.0,560.0,554.0,555.0,542.3131713867188,15117416
2023-08-31,553.0,556.0,548.0,549.0,536.4503173828125,40431378
2023-09-01,543.0,553.0,543.0,548.0,535.47314453125,13669766
2023-09-04,549.0,557.0,549.0,557.0,544.2674560546875,9531157
2023-09-05,553.0,555.0,550.0,552.0,539.3817138671875,12220686
2023-09-06,556.0,556.0,550.0,550.0,537.427490234375,14067008
2023-09-07,546.0,548.0,542.0,542.0,529.6102905273438,20717005
2023-09-08,535.0,540.0,535.0,539.0,526.6788940429688,15283568
2023-09-11,539.0,540.0,536.0,536.0,523.7474975585938,14631968
2023-09-12,536.0,545.0,536.0,544.0,531.5645751953125,16028336
2023-09-13,545.0,548.0,541.0,541.0,528.6331787109375,16191392
2023-09-14,544.0,550.0,543.0,550.0,540.4242553710938,17144287
2023-09-15,549.0,558.0,547.0,558.0,548.284912109375,42517441
2023-09-18,548.0,549.0,540.0,540.0,530.598388671875,36684692
2023-09-19,539.0,543.0,538.0,538.0,528.6331787109375,18901683
2023-09-20,536.0,538.0,535.0,535.0,525.6853637695312,24635567
2023-09-21,530.0,531.0,526.0,527.0,517.82470703125,32012694
2023-09-22,523.0,525.0,522.0,522.0,512.9116821289062,29049309
2023-09-25,522.0,529.0,522.0,525.0,515.8594970703125,17116402
2023-09-26,521.0,524.0,519.0,519.0,509.9639892578125,26392692
2023-09-27,517.0,523.0,516.0,522.0,512.9116821289062,16846401
2023-09-28,523.0,525.0,520.0,523.0,513.8943481445312,19733331
2023-10-02,530.0,534.0,528.0,533.0,523.72021484375,25427911
2023-10-03,528.0,533.0,528.0,529.0,519.789794921875,14490129
2023-10-04,521.0,523.0,519.0,520.0,510.9465637207031,28358964
2023-10-05,523.0,529.0,523.0,528.0,518.8072509765625,24945684
2023-10-06,530.0,533.0,529.0,532.0,522.7376098632812,15336587
2023-10-11,542.0,544.0,540.0,544.0,534.5286865234375,46639969
2023-10-12,545.0,550.0,544.0,550.0,540.4242553710938,34161176
2023-10-13,550.0,554.0,548.0,553.0,543.3720092773438,31123496
2023-10-16,546.0,547.0,542.0,545.0,535.5112915039062,19875676
2023-10-17,550.0,552.0,548.0,551.0,541.4067993164062,18364998
2023-10-18,549.0,549.0,540.0,540.0,530.598388671875,26418940
2023-10-19,540.0,548.0,540.0,546.0,536.493896484375,22881262
2023-10-20,549.0,556.0,546.0,556.0,546.3197021484375,45984177
2023-10-23,552.0,553.0,543.0,544.0,534.5286865234375,22747367
2023-10-24,543.0,546.0,540.0,544.0,534.5286865234375,15007814
2023-10-25,544.0,551.0,544.0,544.0,534.5286865234375,16526355
2023-10-26,530.0,535.0,530.0,531.0,521.7550659179688,28188348
2023-10-27,534.0,536.0,532.0,533.0,523.72021484375,15679643
2023-10-30,531.0,534.0,528.0,532.0,522.7376098632812,21404842
2023-10-31,535.0,535.0,527.0,529.0,519.789794921875,25667058
2023-11-01,533.0,533.0,527.0,528.0,518.8072509765625,13603347
2023-11-02,536.0,547.0,535.0,547.0,537.4764404296875,29401438
2023-11-03,547.0,549.0,545.0,549.0,539.441650390625,15426176
2023-11-06,553.0,556.0,550.0,550.0,540.4242553710938,29215201
2023-11-07,552.0,555.0,550.0,555.0,545.3372192382812,14777790
2023-11-08,550.0,557.0,550.0,556.0,546.3197021484375,15314834
2023-11-09,551.0,557.0,551.0,557.0,547.3023681640625,13165684
2023-11-10,555.0,557.0,554.0,557.0,547.3023681640625,12994933
2023-11-13,579.0,580.0,571.0,571.0,561.05859375,43866014
2023-11-14,576.0,576.0,571.0,572.0,562.0411987304688,21568576
2023-11-15,583.0,583.0,575.0,581.0,570.8845825195312,50305088
2023-11-16,581.0,583.0,578.0,583.0,572.8496704101562,28291435
2023-11-17,579.0,583.0,579.0,580.0,569.90185546875,22031704
2023-11-20,576.0,579.0,575.0,577.0,566.9541625976562,22010114
2023-11-21,582.0,585.0,581.0,585.0,574.8148803710938,35921706
2023-11-22,576.0,579.0,574.0,577.0,566.9541625976562,21969125
2023-11-23,574.0,578.0,574.0,578.0,567.9367065429688,14486134
2023-11-24,577.0,578.0,574.0,575.0,564.9889526367188,10058969
2023-11-27,573.0,577.0,568.0,568.0,558.1109008789062,18528520
2023-11-28,565.0,576.0,565.0,575.0,564.9889526367188,26343906
2023-11-29,578.0,579.0,570.0,574.0,564.0064086914062,24868842
2023-11-30,576.0,577.0,570.0,577.0,566.9541625976562,47192647
2023-12-01,573.0,579.0,573.0,579.0,568.9193115234375,28051165
2023-12-04,582.0,582.0,571.0,574.0,564.0064086914062,26847171
2023-12-05,571.0,572.0,567.0,570.0,560.0759887695312,22229723
2023-12-06,568.0,575.0,568.0,570.0,560.0759887695312,21518089
2023-12-07,570.0,573.0,566.0,566.0,556.1456909179688,20840397
2023-12-08,574.0,577.0,570.0,570.0,560.0759887695312,33507214
2023-12-11,572.0,575.0,570.0,574.0,564.0064086914062,27378610
2023-12-12,580.0,581.0,575.0,578.0,567.9367065429688,29403010
2023-12-13,576.0,579.0,576.0,577.0,566.9541625976562,22977731
2023-12-14,581.0,582.0,579.0,582.0,574.85595703125,39409958
2023-12-15,585.0,586.0,580.0,585.0,577.8191528320312,54323262
2023-12-18,579.0,585.0,577.0,585.0,577.8191528320312,26122277
2023-12-19,588.0,588.0,580.0,585.0,577.8191528320312,28254292
2023-12-20,587.0,587.0,583.0,585.0,577.8191528320312,38121456
2023-12-21,577.0,579.0,575.0,577.0,569.9172973632812,24923414
2023-12-22,582.0,582.0,579.0,582.0,574.85595703125,18690214
2023-12-25,582.0,585.0,580.0,581.0,573.8682861328125,9548143
2023-12-26,583.0,586.0,582.0,586.0,578.8068237304688,16094308
2023-12-27,587.0,592.0,586.0,592.0,584.7332153320312,33401336
2023-12-28,592.0,593.0,589.0,593.0,585.7208862304688,25514849
2023-12-29,589.0,593.0,589.0,593.0,585.7208862304688,18416318
2024-01-02,590.0,593.0,589.0,593.0,585.7208862304688,26059058
2024-01-03,584.0,585.0,576.0,578.0,570.9050903320312,37106763
2024-01-04,580.0,581.0,577.0,580.0,572.8804321289062,15309129
2024-01-05,578.0,580.0,574.0,576.0,568.9296264648438,18158971
2024-01-08,582.0,585.0,579.0,583.0,575.8436889648438,17761275
2024-01-09,588.0,589.0,583.0,586.0,578.8068237304688,22501510
2024-01-10,581.0,586.0,580.0,584.0,576.8314208984375,13037716
2024-01-11,586.0,589.0,583.0,586.0,578.8068237304688,23997409
2024-01-12,581.0,588.0,581.0,584.0,576.8314208984375,16496053
2024-01-15,590.0,590.0,585.0,586.0,578.8068237304688,21143076
2024-01-16,581.0,588.0,579.0,580.0,572.8804321289062,27223860
2024-01-17,583.0,584.0,578.0,581.0,573.8682861328125,42592335
2024-01-18,586.0,589.0,585.0,588.0,580.7823486328125,27209996
2024-01-19,625.0,627.0,614.0,626.0,618.3158569335938,161106401
2024-01-22,633.0,633.0,623.0,626.0,618.3158569335938,65168775
2024-01-23,629.0,629.0,622.0,628.0,620.291259765625,41072439
2024-01-24,628.0,630.0,624.0,627.0,619.3035888671875,26635005
2024-01-25,635.0,642.0,633.0,642.0,634.119384765625,52243347
2024-01-26,644.0,646.0,639.0,644.0,636.0948486328125,41153025
2024-01-29,646.0,648.0,644.0,648.0,640.0457763671875,27825490
2024-01-30,642.0,647.0,642.0,642.0,634.119384765625,36161825
2024-01-31,634.0,637.0,626.0,628.0,620.291259765625,41277950
2024-02-01,625.0,628.0,619.0,628.0,620.291259765625,44946369
2024-02-02,633.0,635.0,628.0,635.0,627.205322265625,26334815
2024-02-05,645.0,647.0,638.0,646.0,638.0703735351562,44017740
2024-02-15,709.0,709.0,693.0,697.0,688.4443359375,112945296
2024-02-16,697.0,699.0,683.0,683.0,674.6161499023438,44232811
2024-02-19,674.0,682.0,674.0,678.0,669.6775512695312,34408673
2024-02-20,675.0,688.0,675.0,687.0,678.567138671875,30166461
2024-02-21,678.0,683.0,678.0,681.0,672.6407470703125,30564485
2024-02-22,695.0,695.0,685.0,692.0,683.5056762695312,33145643
2024-02-23,701.0,703.0,696.0,697.0,688.4443359375,46448923
2024-02-26,700.0,700.0,695.0,698.0,689.4320678710938,28798079
2024-02-27,700.0,701.0,691.0,698.0,689.4320678710938,33006829
2024-02-29,691.0,698.0,688.0,690.0,681.5302124023438,54368302
2024-03-01,697.0,697.0,688.0,689.0,680.5425415039062,23390635
2024-03-04,714.0,725.0,711.0,725.0,716.1006469726562,88861397
2024-03-05,735.0,738.0,728.0,730.0,721.0392456054688,64403889
2024-03-06,718.0,738.0,717.0,735.0,725.9779052734375,43687122
2024-03-07,755.0,769.0,754.0,760.0,750.6710205078125,71817344
2024-03-08,795.0,796.0,772.0,784.0,774.3764038085938,87139744
2024-03-11,768.0,778.0,761.0,766.0,756.597412109375,64759810
2024-03-12,757.0,771.0,754.0,770.0,760.5482177734375,58110339
2024-03-13,785.0,785.0,777.0,779.0,769.437744140625,36754557
2024-03-14,779.0,785.0,770.0,784.0,774.3764038085938,42010806
2024-03-15,771.0,777.0,753.0,753.0,743.7569580078125,73316437
2024-03-18,754.0,765.0,754.0,764.0,758.1456298828125,43589856
2024-03-19,758.0,765.0,755.0,762.0,756.160888671875,30152375
2024-03-20,764.0,769.0,752.0,758.0,752.1915893554688,41280325
2024-03-21,773.0,784.0,772.0,784.0,777.9923706054688,46026103
2024-03-22,788.0,789.0,775.0,785.0,778.9846801757812,30660820
2024-03-25,783.0,788.0,779.0,780.0,774.0230102539062,19877101
2024-03-26,788.0,792.0,776.0,782.0,776.0076293945312,40990702
2024-03-27,785.0,785.0,779.0,779.0,773.0306396484375,18794479
2024-03-28,774.0,776.0,768.0,769.0,763.1072998046875,27190918
2024-03-29,769.0,777.0,768.0,776.0,770.0536499023438,9802000
2024-04-01,783.0,783.0,769.0,770.0,764.099609375,21041261
2024-04-02,784.0,790.0,783.0,790.0,783.9464111328125,37974481
2024-04-03,783.0,785.0,778.0,780.0,774.0230102539062,30890544
2024-04-08,789.0,792.0,783.0,783.0,777.0000610351562,32202226
2024-04-09,795.0,820.0,792.0,819.0,812.72412109375,56857731
2024-04-10,815.0,819.0,810.0,815.0,808.7548217773438,27480849
2024-04-11,811.0,820.0,811.0,820.0,813.7164916992188,25200651
2024-04-12,823.0,826.0,817.0,818.0,811.7318115234375,31508936
2024-04-15,804.0,812.0,803.0,806.0,799.82373046875,38913470
2024-04-16,802.0,803.0,785.0,788.0,781.961669921875,49508969
2024-04-17,798.0,808.0,793.0,804.0,797.839111328125,34472074
2024-04-18,796.0,810.0,792.0,804.0,797.839111328125,43598591
2024-04-19,769.0,770.0,746.0,750.0,744.2528686523438,130968654
2024-04-22,740.0,757.0,740.0,742.0,736.314208984375,46540798
2024-04-23,761.0,761.0,752.0,754.0,748.2222290039062,30423647
2024-04-24,770.0,785.0,769.0,783.0,777.0000610351562,39457128
2024-04-25,770.0,774.0,765.0,766.0,760.1303100585938,28534926
2024-04-26,788.0,789.0,782.0,782.0,776.0076293945312,32571247
2024-04-29,790.0,795.0,787.0,795.0,788.9080810546875,26765837
2024-04-30,797.0,802.0,790.0,790.0,783.9464111328125,39051972
2024-05-02,789.0,789.0,772.0,772.0,766.0842895507812,40527228
2024-05-03,788.0,788.0,773.0,780.0,774.0230102539062,29901556
2024-05-06,791.0,793.0,786.0,786.0,779.97705078125,32599878
2024-05-07,797.0,800.0,792.0,800.0,793.8697509765625,33890214
2024-05-08,794.0,802.0,792.0,802.0,795.8544311523438,21757193
2024-05-09,798.0,802.0,796.0,796.0,789.900390625,21923999
2024-05-10,803.0,807.0,798.0,802.0,795.8544311523438,25101318
2024-05-13,823.0,825.0,818.0,819.0,812.72412109375,34812619
2024-05-14,816.0,825.0,811.0,825.0,818.6781616210938,28691846
2024-05-15,838.0,844.0,837.0,839.0,832.5709228515625,39467772
2024-05-16,852.0,856.0,837.0,841.0,834.5556030273438,43927195
2024-05-17,848.0,848.0,834.0,835.0,828.6015625,26207289
2024-05-20,834.0,838.0,822.0,835.0,828.6015625,28808661
2024-05-21,830.0,841.0,830.0,841.0,834.5556030273438,19705349
2024-05-22,845.0,865.0,843.0,864.0,857.3793334960938,36628342
2024-05-23,875.0,877.0,867.0,875.0,868.2949829101562,37266618
2024-05-24,858.0,872.0,858.0,867.0,860.3563232421875,34136382
2024-05-27,872.0,878.0,866.0,869.0,862.3410034179688,26726954
2024-05-28,867.0,873.0,865.0,865.0,858.3717041015625,25329216
2024-05-29,861.0,868.0,856.0,857.0,850.4329223632812,33436835
2024-05-30,841.0,848.0,838.0,838.0,831.5785522460938,38065102
2024-05-31,838.0,846.0,821.0,821.0,814.7088623046875,77438401
2024-06-03,839.0,853.0,837.0,846.0,839.5172729492188,28345488
2024-06-04,844.0,851.0,837.0,839.0,832.5709228515625,28223635
2024-06-05,841.0,857.0,835.0,854.0,847.4559326171875,31975446
2024-06-06,893.0,899.0,885.0,894.0,887.1494140625,62925136
2024-06-07,885.0,888.0,879.0,879.0,872.264404296875,41075399
2024-06-11,892.0,895.0,883.0,883.0,876.2337646484375,48228488
2024-06-12,888.0,914.0,888.0,909.0,902.0344848632812,48106925
2024-06-13,923.0,935.0,911.0,919.0,915.4826049804688,55857091
2024-06-14,916.0,922.0,905.0,922.0,918.4711303710938,38408123
2024-06-17,913.0,925.0,913.0,921.0,917.4749755859375,26292426
2024-06-18,944.0,950.0,940.0,943.0,939.3907470703125,37876013
2024-06-19,953.0,984.0,953.0,981.0,977.2453002929688,72228052
2024-06-20,971.0,981.0,971.0,981.0,977.2453002929688,48225374
2024-06-21,961.0,978.0,960.0,970.0,966.2874145507812,88376132
2024-06-24,958.0,960.0,940.0,940.0,936.4022216796875,66391994
2024-06-25,925.0,945.0,923.0,945.0,941.3831176757812,57368432
2024-06-26,951.0,960.0,951.0,960.0,956.32568359375,44967166
2024-06-27,951.0,961.0,949.0,960.0,956.32568359375,39729446
2024-06-28,956.0,971.0,955.0,966.0,962.302734375,39138210
2024-07-01,968.0,977.0,965.0,968.0,964.2951049804688,19935737
2024-07-02,967.0,971.0,959.0,960.0,956.32568359375,25427569
2024-07-03,976.0,979.0,967.0,979.0,975.2529907226562,24070411
2024-07-04,1000.0,1010.0,997.0,1005.0,1001.1534423828125,41893299
2024-07-05,1005.0,1010.0,1000.0,1005.0,1001.1534423828125,19998094
2024-07-08,1005.0,1050.0,1000.0,1035.0,1031.0386962890625,40146763
2024-07-09,1030.0,1055.0,1025.0,1040.0,1036.01953125,46373121
2024-07-10,1020.0,1050.0,1015.0,1045.0,1041.0003662109375,46206302
2024-07-11,1065.0,1080.0,1055.0,1080.0,1075.866455078125,41724336
2024-07-12,1030.0,1045.0,1025.0,1040.0,1036.01953125,68983062
2024-07-15,1040.0,1045.0,1025.0,1040.0,1036.01953125,38393309
2024-07-16,1040.0,1070.0,1035.0,1055.0,1050.962158203125,32125609
2024-07-17,1035.0,1045.0,1020.0,1030.0,1026.0577392578125,54022399
2024-07-18,988.0,1005.0,986.0,1005.0,1001.1534423828125,81990095
2024-07-19,988.0,995.0,970.0,970.0,966.2874145507812,92507621
2024-07-22,964.0,965.0,938.0,939.0,935.4060668945312,83062356
2024-07-23,963.0,979.0,956.0,979.0,975.2529907226562,47213266
2024-07-26,915.0,930.0,915.0,924.0,920.4635009765625,82081735
2024-07-29,942.0,948.0,936.0,944.0,940.386962890625,40809258
2024-07-30,930.0,949.0,926.0,940.0,936.4022216796875,41761392
2024-07-31,929.0,940.0,928.0,934.0,930.4252319335938,39894991
2024-08-01,969.0,969.0,948.0,960.0,956.32568359375,47382270
2024-08-02,918.0,928.0,903.0,903.0,899.5438842773438,76144485
2024-08-05,852.0,857.0,813.0,815.0,811.8806762695312,144057989
2024-08-06,868.0,895.0,840.0,880.0,876.6318969726562,102930842
2024-08-07,901.0,920.0,893.0,920.0,916.4788208007812,59158704
2024-08-08,901.0,905.0,887.0,896.0,892.5706787109375,38236391
2024-08-09,927.0,934.0,922.0,934.0,930.4252319335938,49494621
2024-08-12,942.0,948.0,931.0,940.0,936.4022216796875,38331663
2024-08-13,945.0,945.0,937.0,941.0,937.3984375,25764381
2024-08-14,951.0,955.0,945.0,948.0,944.3716430664062,36780856
2024-08-15,945.0,950.0,941.0,943.0,939.3907470703125,19476402
2024-08-16,963.0,969.0,958.0,969.0,965.291259765625,44062316
2024-08-19,969.0,975.0,964.0,973.0,969.2759399414062,21348863
2024-08-20,977.0,977.0,968.0,973.0,969.2759399414062,24039959
2024-08-21,961.0,964.0,956.0,958.0,954.3333740234375,29758188
2024-08-22,958.0,964.0,948.0,951.0,947.3601684570312,24349754
2024-08-23,944.0,952.0,939.0,949.0,945.3677978515625,27592153
2024-08-26,957.0,961.0,945.0,950.0,946.3639526367188,25057581
2024-08-27,945.0,946.0,940.0,942.0,938.3945922851562,18693037
2024-08-28,945.0,964.0,943.0,964.0,960.3103637695312,31059233
2024-08-29,942.0,947.0,937.0,943.0,939.3907470703125,43530708
2024-08-30,944.0,952.0,941.0,944.0,940.386962890625,63834981
2024-09-02,950.0,955.0,943.0,948.0,944.3716430664062,18646835
2024-09-03,948.0,952.0,939.0,940.0,936.4022216796875,19547575
2024-09-04,894.0,905.0,888.0,889.0,885.5974731445312,79709021
2024-09-05,907.0,915.0,900.0,902.0,898.5476684570312,30512026
2024-09-06,909.0,918.0,903.0,918.0,914.4864501953125,24458336
2024-09-09,892.0,900.0,891.0,899.0,895.5592041015625,35885268
2024-09-10,907.0,911.0,901.0,904.0,900.5400390625,33498628
2024-09-11,906.0,906.0,900.0,901.0,897.551513671875,18029342
2024-09-12,936.0,944.0,928.0,940.0,936.4022216796875,39454846
2024-09-13,955.0,955.0,939.0,947.0,943.37548828125,25347586
2024-09-16,952.0,952.0,943.0,947.0,943.37548828125,13626239
2024-09-18,945.0,948.0,933.0,941.0,937.3984375,28424324
2024-09-19,940.0,960.0,936.0,960.0,956.32568359375,32739630
2024-09-20,981.0,982.0,971.0,973.0,969.2759399414062,60133709
2024-09-23,971.0,977.0,971.0,977.0,973.2606201171875,14497067
2024-09-24,976.0,987.0,971.0,987.0,983.2223510742188,26785975
2024-09-25,1000.0,1005.0,998.0,1005.0,1001.1534423828125,39405222
2024-09-26,1010.0,1015.0,1005.0,1015.0,1011.1151733398438,38321585
2024-09-27,1020.0,1025.0,1000.0,1000.0,996.172607421875,35783779
2024-09-30,978.0,990.0,957.0,957.0,953.337158203125,61603217
2024-10-01,967.0,977.0,967.0,972.0,968.27978515625,26760355
2024-10-04,986.0,986.0,967.0,977.0,973.2606201171875,40934818
2024-10-07,993.0,1010.0,989.0,1005.0,1001.1534423828125,39667071
2024-10-08,1000.0,1010.0,997.0,1010.0,1006.1343383789062,30845902
2024-10-09,1030.0,1035.0,1020.0,1020.0,1016.0960693359375,46975717
2024-10-11,1025.0,1050.0,1020.0,1045.0,1041.0003662109375,43058754
2024-10-14,1045.0,1055.0,1035.0,1045.0,1041.0003662109375,36858874
2024-10-15,1050.0,1075.0,1050.0,1070.0,1065.9046630859375,42850176
2024-10-16,1040.0,1070.0,1035.0,1045.0,1041.0003662109375,52652149
2024-10-17,1050.0,1055.0,1030.0,1035.0,1031.0386962890625,54173771
2024-10-18,1095.0,1100.0,1075.0,1085.0,1080.8472900390625,85011961
2024-10-21,1090.0,1095.0,1080.0,1085.0,1080.8472900390625,36491060
2024-10-22,1065.0,1075.0,1060.0,1075.0,1070.885498046875,41197877
2024-10-23,1060.0,1070.0,1055.0,1060.0,1055.9429931640625,31423466
2024-10-24,1070.0,1075.0,1055.0,1060.0,1055.9429931640625,38236996
2024-10-25,1065.0,1070.0,1060.0,1065.0,1060.923828125,22009575
2024-10-28,1075.0,1080.0,1050.0,1050.0,1045.981201171875,40142324
2024-10-29,1035.0,1040.0,1020.0,1040.0,1036.01953125,45415773
2024-10-30,1040.0,1055.0,1030.0,1030.0,1026.0577392578125,38201984
2024-11-01,996.0,1030.0,996.0,1025.0,1021.076904296875,54480255
2024-11-04,1030.0,1045.0,1025.0,1040.0,1036.01953125,26747978
2024-11-05,1030.0,1055.0,1030.0,1050.0,1045.981201171875,32385622
2024-11-06,1050.0,1080.0,1040.0,1060.0,1055.9429931640625,55349259
2024-11-07,1050.0,1075.0,1050.0,1065.0,1060.923828125,43975446
2024-11-08,1085.0,1090.0,1080.0,1090.0,1085.828125,37099479
2024-11-11,1080.0,1090.0,1070.0,1085.0,1080.8472900390625,34690205
2024-11-12,1060.0,1065.0,1050.0,1050.0,1045.981201171875,51099848
2024-11-13,1045.0,1050.0,1035.0,1035.0,1031.0386962890625,42331232
2024-11-14,1030.0,1040.0,1025.0,1035.0,1031.0386962890625,44627940
2024-11-15,1040.0,1045.0,1030.0,1035.0,1031.0386962890625,34791611
2024-11-18,1030.0,1035.0,1020.0,1025.0,1021.076904296875,31815076
2024-11-19,1030.0,1045.0,1025.0,1040.0,1036.01953125,24349599
2024-11-20,1025.0,1025.0,1025.0,1025.0,1021.076904296875,40203197
2024-11-21,1020.0,1025.0,1010.0,1010.0,1006.1343383789062,41429227
2024-11-22,1035.0,1050.0,1035.0,1040.0,1036.01953125,25187973
2024-11-25,1045.0,1050.0,1030.0,1030.0,1026.0577392578125,49566674
2024-11-26,1015.0,1020.0,1010.0,1010.0,1006.1343383789062,27312402
2024-11-27,1010.0,1020.0,1000.0,1000.0,996.172607421875,31276090
2024-11-28,1005.0,1005.0,992.0,1005.0,1001.1534423828125,33689956
2024-11-29,995.0,1010.0,994.0,996.0,992.1879272460938,40094983
2024-12-02,1020.0,1040.0,1015.0,1035.0,1031.0386962890625,31168404
2024-12-03,1060.0,1065.0,1055.0,1055.0,1050.962158203125,43414538
2024-12-04,1065.0,1070.0,1055.0,1070.0,1065.9046630859375,33466290
2024-12-05,1070.0,1080.0,1070.0,1075.0,1070.885498046875,31425359
2024-12-06,1075.0,1080.0,1060.0,1065.0,1060.923828125,30765288
2024-12-09,1070.0,1075.0,1065.0,1075.0,1070.885498046875,22247131
2024-12-10,1070.0,1075.0,1060.0,1065.0,1060.923828125,28506584
2024-12-11,1045.0,1060.0,1045.0,1045.0,1041.0003662109375,25264194
2024-12-12,1060.0,1065.0,1055.0,1060.0,1060.0,22791260
2024-12-13,1060.0,1070.0,1055.0,1065.0,1065.0,20423659
2024-12-16,1085.0,1085.0,1075.0,1085.0,1085.0,39722392
2024-12-17,1090.0,1095.0,1075.0,1075.0,1075.0,37880707
2024-12-18,1075.0,1090.0,1070.0,1085.0,1085.0,41863190
2024-12-19,1065.0,1070.0,1055.0,1070.0,1070.0,42702851
2024-12-20,1060.0,1060.0,1035.0,1035.0,1035.0,52030520
2024-12-23,1065.0,1080.0,1060.0,1080.0,1080.0,30728473
2024-12-24,1095.0,1095.0,1080.0,1080.0,1080.0,26461906
2024-12-25,1090.0,1090.0,1080.0,1085.0,1085.0,15481622
2024-12-26,1085.0,1090.0,1085.0,1085.0,1085.0,14374900
2024-12-27,1080.0,1095.0,1080.0,1090.0,1090.0,24948385
2024-12-30,1090.0,1095.0,1085.0,1090.0,1090.0,23954634
2024-12-31,1080.0,1085.0,1075.0,1075.0,1075.0,28397820
2025-01-02,1070.0,1075.0,1055.0,1065.0,1065.0,43177098
2025-01-03,1080.0,1085.0,1075.0,1075.0,1075.0,30415096
2025-01-06,1100.0,1125.0,1095.0,1125.0,1125.0,69289786
2025-01-07,1150.0,1160.0,1130.0,1130.0,1130.0,48758688
2025-01-08,1110.0,1130.0,1105.0,1105.0,1105.0,45211419
2025-01-09,1100.0,1115.0,1100.0,1100.0,1100.0,27263215
2025-01-10,1100.0,1110.0,1100.0,1100.0,1100.0,22021522
2025-01-13,1110.0,1115.0,1070.0,1075.0,1075.0,56690300
2025-01-14,1085.0,1090.0,1075.0,1090.0,1090.0,28695247
2025-01-15,1085.0,1085.0,1065.0,1065.0,1065.0,35489482
2025-01-16,1095.0,1115.0,1090.0,1105.0,1105.0,47542962
2025-01-17,1125.0,1125.0,1095.0,1120.0,1120.0,59214050
2025-01-20,1125.0,1135.0,1120.0,1120.0,1120.0,29834528
2025-01-21,1115.0,1125.0,1110.0,1120.0,1120.0,21904213
2025-01-22,1140.0,1150.0,1135.0,1135.0,1135.0,42960405
2025-02-03,1065.0,1075.0,1060.0,1070.0,1070.0,97946226
2025-02-04,1085.0,1100.0,1080.0,1095.0,1095.0,53308108
2025-02-05,1110.0,1120.0,1105.0,1110.0,1110.0,40385340
2025-02-06,1120.0,1120.0,1105.0,1115.0,1115.0,29971252
2025-02-07,1110.0,1125.0,1105.0,1125.0,1125.0,27883220
2025-02-10,1125.0,1125.0,1095.0,1105.0,1105.0,28527108
2025-02-11,1110.0,1115.0,1100.0,1110.0,1110.0,18898928
2025-02-12,1110.0,1115.0,1100.0,1100.0,1100.0,24172954
2025-02-13,1090.0,1095.0,1080.0,1090.0,1090.0,33210403
2025-02-14,1065.0,1070.0,1060.0,1060.0,1060.0,64486940
2025-02-17,1065.0,1085.0,1065.0,1085.0,1085.0,35491271
2025-02-18,1085.0,1100.0,1080.0,1100.0,1100.0,21616188
2025-02-19,1090.0,1095.0,1085.0,1090.0,1090.0,26400293
2025-02-20,1080.0,1085.0,1070.0,1080.0,1080.0,29643124
2025-02-21,1085.0,1095.0,1080.0,1095.0,1095.0,28972910
2025-02-24,1080.0,1085.0,1075.0,1075.0,1075.0,30822970
2025-02-25,1055.0,1060.0,1050.0,1055.0,1055.0,45158522
2025-02-26,1045.0,1060.0,1045.0,1060.0,1060.0,36768449
2025-02-27,1065.0,1065.0,1040.0,1040.0,1040.0,55283596
2025-03-03,1000.0,1020.0,1000.0,1020.0,1020.0,65621663
2025-03-04,996.0,1010.0,996.0,1000.0,1000.0,64569262
2025-03-05,1020.0,1030.0,1015.0,1020.0,1020.0,41994320
2025-03-06,1020.0,1025.0,1005.0,1005.0,1005.0,45187017
2025-03-07,1005.0,1010.0,1000.0,1005.0,1005.0,40822280
2025-03-10,1005.0,1005.0,992.0,998.0,998.0,46849886
2025-03-11,969.0,979.0,963.0,971.0,971.0,50204233
2025-03-12,980.0,995.0,976.0,988.0,988.0,34184887
2025-03-13,1000.0,1005.0,965.0,965.0,965.0,37035693
2025-03-14,965.0,969.0,955.0,959.0,959.0,34333748
2025-03-17,977.0,985.0,968.0,970.0,970.0,31491061
2025-03-18,976.0,978.0,968.0,971.0,971.0,21575327
2025-03-19,965.0,967.0,950.0,952.0,952.0,35245036
2025-03-20,978.0,985.0,971.0,985.0,985.0,28715956
2025-03-21,985.0,987.0,970.0,972.0,972.0,39214916
2025-03-24,986.0,987.0,972.0,972.0,972.0,16121506
2025-03-25,989.0,995.0,985.0,990.0,990.0,26167428
2025-03-26,995.0,995.0,980.0,980.0,980.0,21735917
2025-03-27,961.0,964.0,958.0,958.0,958.0,34563256
2025-03-28,946.0,955.0,946.0,952.0,952.0,33101234
2025-03-31,920.0,924.0,910.0,910.0,910.0,51064611
2025-04-01,929.0,946.0,925.0,944.0,944.0,32197752
2025-04-02,949.0,952.0,938.0,942.0,942.0,24849656
2025-04-07,848.0,848.0,848.0,848.0,848.0,23820773
2025-04-08,797.0,843.0,797.0,816.0,816.0,116648736
2025-04-09,809.0,826.0,780.0,785.0,785.0,107582838
2025-04-10,863.0,863.0,863.0,863.0,863.0,19416428
2025-04-11,848.0,889.0,836.0,889.0,889.0,76103586
2025-04-14,895.0,903.0,865.0,865.0,865.0,66326054
2025-04-15,874.0,879.0,865.0,877.0,877.0,30562095
2025-04-16,867.0,869.0,852.0,855.0,855.0,42128082
2025-04-17,849.0,856.0,842.0,847.0,847.0,33684502
2025-04-18,853.0,858.0,850.0,850.0,850.0,20101219
2025-04-21,844.0,847.0,832.0,835.0,835.0,18415705
2025-04-22,826.0,829.0,816.0,816.0,816.0,28888527
2025-04-23,853.0,873.0,848.0,873.0,873.0,37863656
2025-04-24,886.0,886.0,859.0,864.0,864.0,32238198
2025-04-25,900.0,901.0,886.0,888.0,888.0,34640282
2025-04-28,898.0,898.0,893.0,897.0,897.0,21830091
2025-04-29,897.0,902.0,893.0,902.0,902.0,24362874
2025-04-30,901.0,908.0,899.0,908.0,908.0,35405654
2025-05-02,938.0,950.0,932.0,950.0,950.0,43873135
2025-05-05,956.0,957.0,923.0,938.0,938.0,52770209
2025-05-06,916.0,930.0,916.0,920.0,920.0,37538894
2025-05-07,925.0,932.0,911.0,928.0,928.0,36907620
2025-05-08,933.0,939.0,918.0,918.0,918.0,27985917
2025-05-09,938.0,949.0,934.0,949.0,949.0,36383573
2025-05-12,954.0,962.0,952.0,957.0,957.0,23402547
2025-05-13,990.0,990.0,969.0,969.0,969.0,38047856
2025-05-14,990.0,999.0,988.0,999.0,999.0,40475123
2025-05-15,1000.0,1000.0,993.0,993.0,993.0,24662270
2025-05-16,991.0,998.0,989.0,998.0,998.0,16878650
2025-05-19,993.0,994.0,980.0,984.0,984.0,19906139
2025-05-20,991.0,994.0,978.0,978.0,978.0,20897857
2025-05-21,986.0,999.0,983.0,990.0,990.0,26248757
2025-05-22,988.0,988.0,979.0,982.0,982.0,18747545
2025-05-23,993.0,993.0,975.0,984.0,984.0,22213030
2025-05-26,975.0,984.0,975.0,976.0,976.0,19329052
2025-05-27,971.0,975.0,961.0,965.0,965.0,26355315
2025-05-28,984.0,985.0,967.0,967.0,967.0,26471533
2025-05-29,986.0,986.0,967.0,967.0,967.0,48602590
2025-06-02,958.0,961.0,946.0,946.0,946.0,33676511
2025-06-03,960.0,965.0,950.0,950.0,950.0,26020787
